全体通し番号,教科,教科での番号,試験の回数,試験の番号,大項目,中項目,問題,選択肢1,選択肢2,選択肢3,選択肢4,答え,解説
1,医療概論,1,第32回,問題1,1 現代の医療と社会,A. 医療と社会,医療法において、地域の医療従事者の研修実施が規定されているのはどれか。,1. 介護老人保健施設,2. 地域医療支援病院,3. 特定機能病院,4. 臨床研究中核病院,2,"医療法で、地域の医療従事者の資質向上のための研修を行う能力を有することが定められているのは**地域医療支援病院**である。医療法において、**特定機能病院**は、高度な医療技術の開発および評価を行う能力を有することや、高度な医療を提供、高度な医療に関する研修を行うなどと規定されている。**臨床研究中核病院**は、先進的な医療設備を有し、質の高い医療サービスの提供能力があること、研究施設や実験設備が整い、臨床試験を管理運営する体制があることなどが医療法で定められている。"
2,医療概論,2,第34回,問題1,1 現代の医療と社会,A. 医療と社会,我が国の2023年度の指定難病において、受給者証所持者数が最も多いのはどれか。,1. パーキンソン病,2. 潰瘍性大腸炎,3. 全身性エリテマトーデス,4. クローン病,1,"厚生労働省衛生行政報告例によると、2023年度の**受給者証所持者数**は、**パーキンソン病**で147,481名、潰瘍性大腸炎は146,702名、全身性エリテマトーデスは66,307名、クローン病は52,108名である。"
3,医療概論,3,第25回,問題1,1 現代の医療と社会,B. 医療従事者,急性期病院からの退院支援において、患者および家族と相談する際に同席すべき院内の職種として最もふさわしいのはどれか。,1. 保健師,2. 臨床心理士,3. 管理栄養士,4. 医療ソーシャルワーカー,4,患者が抱えるさまざまな問題を総合的に理解し、質の高い医療を提供するために、**チーム医療**の体制が一般化しつつある。チーム医療において、**1：保健師**は対人医療分野で、患者に対する**保健指導**や**療養上の指導**などを行う。**3：管理栄養士**は専門的知識や技術を要する**栄養指導**や**給食管理**などを行う。**2：臨床心理士**は**心理療法**や**精神科リハビリテーション**を行う。**4：医療ソーシャルワーカー**は**社会保障**や**社会福祉制度**に関する**相談**や**調整**を行う。以上のことから、最もふさわしいのは4となる。なお、臨床心理士と医療ソーシャルワーカーは、**法律に規定されていない職種**である。
4,医療概論,4,第32回,問題4,1 現代の医療と社会,B. 医療従事者,ケアプランを作成できる職種はどれか。,1. 社会福祉士,2. ホームヘルパー,3. 介護支援専門員,4. 医療ソーシャルワーカー,3,**介護支援専門員（ケアマネジャー）**は、要支援・要介護認定者およびその家族から相談を受け、ケアプラン（介護サービスの給付計画）の作成、要介護認定の申請を行う。社会福祉士は、医療・福祉・教育・行政機関等にて、日常生活を営むのに支障がある人の福祉に関する相談に応じ、助言や指導、援助を行う。ホームヘルパーは、訪問介護員ともいい、訪問介護を行う者をいう。他、問題3の解説も参照。
5,医療概論,5,第31回,問題1,1 現代の医療と社会,B. 医療従事者,多職種連携によるチーム医療について望ましいのはどれか。,1. リーダーを特定の職種に固定する。,2. 職種間で目的と情報を共有する。,3. 他の職種の業務内容に立ち入らない。,4. 患者・家族は参加しない。,2,**チーム医療**とは、「医療に従事する多種多様な医療スタッフが、各々の高い専門性を前提に、目的と情報を共有し、業務的分担をしつつも互いに連携・補完し合い、患者の状況的には的確に対応した医療を提供すること」と一般的に理解されている（平成22年 厚生労働省 チーム医療の推進について）。
6,医療概論,6,第32回,問題3,1 現代の医療と社会,B. 医療従事者,チーム医療を推進するのに望ましくないのはどれか。,1. 職種による専門性,2. 職種間の情報共有,3. 職種間の上下関係,4. 職種による業務分担,3,問題5の解説を参照。
7,医療概論,7,第34回,問題3,1 現代の医療と社会,B. 医療従事者,名称独占に加えて、業務独占を伴う医療従事者はどれか。,1. 理学療法士,2. 作業療法士,3. 保健師,4. 看護師,4,国家資格は、**業務独占資格**、**名称独占資格**、設置義務資格に分類される。業務独占資格は、特定の業務について、資格を有する者のみがその業務に従事することを認められている資格をいう。医師、歯科医師、薬剤師、看護師などがこれに該当する。名称独占資格とは、特定の名称について、資格を有する者のみがその名称を用いることができる資格をいう。理学療法士、作業療法士、保健師などが該当する。医師、薬剤師、**看護師**は業務独占資格であり、名称独占資格でもある。
8,医療概論,8,第27回,問題1,1 現代の医療と社会,C. 医療・福祉施設,介護及び機能訓練その他必要な医療並びに日常の世話を行うことを目的とするのはどれか。,1. 介護老人保健施設,2. 介護老人福祉施設,3. 地域包括ケア病棟,4. グループホーム,1,1：介護老人保健施設は、病院を退院した高齢者を対象に、家庭復帰までのケアを行う中間施設。**リハビリテーション**、**看護**、**医学的管理に基づく介護**などが行われる。2：介護老人福祉施設は常時介護を必要とする高齢者を入所させる施設で、**生活介護が中心**となる。3：地域包括ケア病棟は、急性期の治療が終了し、病状が安定した患者に対し在宅復帰に向けて**診療**、**看護**、**リハビリ**が行われる。4：グループホームは、住宅で数人の心身障害者や高齢者などが共同生活する形態であり、食事提供や相談など**日常生活援助**が行われる。
9,医療概論,9,第28回,問題1,1 現代の医療と社会,C. 医療・福祉施設,要介護者に対して、居宅、通所、短期間宿泊により、入浴、排泄、食事等の介護、その他の日常生活上の世話や機能訓練を行うのはどれか。,1. 小規模多機能型居宅介護,2. 認知症対応型共同生活介護,3. 定期巡回・随時対応型訪問介護看護,4. 地域密着型通所介護,1,2：認知症対応型共同生活介護（グループホーム）は、認知症を持つ高齢者が9人以下で共同生活する住居におけるサービスである。3：定期巡回・随時対応型訪問介護看護は重度者を一意とした要介護高齢者の在宅生活を支えるため、24時間対応で訪問介護と訪問看護が密接に連携しながら随時対応を行うもの。4：地域密着型通所介護のサービスに、宿泊は含まない。
10,医療概論,10,第29回,問題3,1 現代の医療と社会,C. 医療・福祉施設,地域医療計画の策定における第三次医療圏の圏域に相当するのはどれか。,1. 市町村単位,2. 広域市町村単位,3. 都道府県単位,4. 広域都道府県単位,3,**医療圏**とは**医療法**によって定められた都道府県が制定する病床整備のための単位である。**第一次医療圏**は一般的な疾病の診断・治療に対応するために設置された地域医療単位で、**市町村**が圏域となる。**二次医療圏**は疾病予防から入院治療まで一般的な医療を提供する区域で、**複数の市町村**が圏域となる。**三次医療圏**は精神病棟や感染症病棟、結核病棟などの専門的な医療、または高度で最先端の医療を提供する医療圏のことで、**都道府県**が圏域とされる。
11,医療概論,11,第26回,問題1,1 現代の医療と社会,D. 医療経済,平成26年度の国民医療費について正しいのはどれか。,1. 40兆円を超える。,2. 介護保険の費用が含まれる。,3. 国民所得比は15％を超える。,4. 財源は患者負担が30％を超える。,1,"平成26年（2014年）度の国民医療費は**40兆8,071億円**で、40兆円を超えている。国民医療費が40兆円を超えたのは平成25年度からであり、**平成元年（1989年）度の約20兆円から2倍**となっていた。**介護保険**は平成12年度（2000年）から施行された医療保険から独立した社会保険制度で、その財源は医療保険とは別に徴収される。国民所得（NI）に対する比率は**11.20％**で、現在はほぼ横ばいである。国民医療費の財源は**医療保険**が約50％、**公費**が約40％で**患者負担**は約10％にとどまる。"
12,医療概論,12,第29回,問題1,1 現代の医療と社会,D. 医療経済,我が国の国民医療費の現状について正しいのはどれか。,1. 対国民所得比は15％を超える。,2. 国民医療費は50兆円を超える。,3. 財源は患者負担が30％を超える。,4. 国民一人あたりの医療費は年間30万円を超える。,4,"平成30年度（2018年）の国民医療費は**43兆3,949億円**で、前年に比べ0.8％の増加となっている。国民一人あたりの医療費は**34万3,200円**で、前年に比べ1.0％の増加となっている。国民所得（NI）に対する比率は**10.73％**となっている。国民医療費の財源は**医療保険が49.4％**、**公費が38.1％**、**患者負担は11.8％**で、前年とそう変わりはない。"
13,医療概論,13,第30回,問題2,1 現代の医療と社会,D. 医療経済,我が国の国民医療費に含まれるのはどれか。,1. 正常分娩の費用,2. 訪問看護の療養費,3. 入院時室料差額の費用,4. 予防接種の費用,2,国民医療費には①**診療費**、②**薬局調剤医療費**、③**訪問看護医療費**（介護保険を除く）、④**療養費**が含まれる。正常妊娠・分娩、健康診断、予防接種、室料差額、歯科材料差額などは含まれない。
14,医療概論,14,第33回,問題2,1 現代の医療と社会,D. 医療経済,我が国の国民医療費に含まれるのはどれか。,1. 予防接種の費用,2. 健康診断の費用,3. 帝王切開の費用,4. 入院時室料差額の費用,3,問題13の解説を参照。
15,医療概論,1,第28回,問題2,2 社会保障制度,A. 医療保険のしくみ,加入者と医療保険の組合せで正しいのはどれか。,1. 自営業者 ── 共済組合,2. 国家公務員 ── 協会けんぽ,3. 私立学校教職員 ── 健康保険組合,4. 無職者 ── 国民健康保険,4,医療保険には、健康保険、船員保険、国家公務員・地方公務員・私立学校教職員などの共済組合、および国民健康保険がある。**健康保険**は主に大企業の会社員とその家族（**健康保険組合**）、中小企業の会社員とその家族（**協会けんぽ**）が加入者となる。また、**船員保険**は船員とその家族、**共済組合**は公務員と私立学校教職員とその家族が対象となる。自営業や農業に従事するもの、被用者保険に加入していないものは**国民健康保険**の対象となる。
16,医療概論,2,第30回,問題3,2 社会保障制度,A. 医療保険のしくみ,被用者保険でないのはどれか。,1. 船員保険,2. 共済組合,3. 協会けんぽ,4. 国民健康保険,4,問題1の解説を参照。
17,医療概論,3,第31回,問題3,2 社会保障制度,A. 医療保険のしくみ,2017年の被用者保険で加入者が最も多いのはどれか。,1. 共済組合,2. 船員保険,3. 協会けんぽ,4. 組合管掌健康保険,3,"2017年の被用者保険の加入者は、**協会けんぽ**が2,322万人で最も多い。次いで、**健康保険組合**（組合管掌健康保険と政府管掌健康保険）の加入者は1,649万人、**共済組合**は453万人、**船員保険**は6万人である。"
18,医療概論,4,第25回,問題2,2 社会保障制度,A. 医療保険のしくみ,医療保険について正しいのはどれか。,1. 現金が支給されることはない。,2. 協会けんぽは被用者保険である。,3. 医師の同意を得た鍼灸術は療養の対象となる。,4. 組合管掌保険は自由に付加給付を行うことができる。,2,医療保険による給付は原則的に**現物給付**であるが、やむを得ない事情で保険証を提示できなかった場合の払い戻しや海外診療を受けた際の装具代などが療養費に該当するため、現金給付となる。医師の同意を得た6つの疾患（**神経痛**、**リウマチ**、**五十肩**、**頸腕症候群**、**腰痛症**、**頸椎捻挫後遺症**）については療養費の対象であるが、それ以外の疾患では療養の対象とならない。組合管掌保険における付加給付は、各組合が独自に行っているが、厚生労働省から自己負担金の金額に指導があるなど、一定範囲内で行うことができる。**協会けんぽ（全国健康保険協会）**は、主に**中小企業のサラリーマン**と**扶養者**が**被保険者**として加入する**被用者保険**である。
19,医療概論,5,第26回,問題2,2 社会保障制度,A. 医療保険のしくみ,公的医療保険の対象となるのはどれか。,1. インフルエンザの予防接種,2. 正常分娩,3. 人間ドック,4. 禁煙治療,4,**平成18年（2006年）**より、ニコチン依存度が高い患者に対する**禁煙治療**が**公的医療保険**の適用となった。ただし、保険診療を適用する条件があり、これを満たさない場合には自由診療（患者が全額負担の診療）となる。**公的医療保険**の対象となるものは、**国民医療費に含まれるもの**と同義と考えられるので、**予防接種**、**正常分娩**、**人間ドック**など国民医療費に含まれないものについては**公的医療保険適用外**と考えることができる。
20,医療概論,6,第25回,問題3,2 社会保障制度,B. 公費負担医療,公費医療の対象とならないのはどれか。,1. 生活保護法による医療扶助,2. 労働基準法による業務上疾病の治療,3. 精神保健及び精神障害者福祉に関する法律による措置入院,4. 母子保健法による養育医療,2,生活保護法による医療扶助および母子保健法による養育医療は、**社会福祉的**な公費医療。精神保健及び精神障害者福祉に関する法律による措置入院は、**社会防衛的**な公費医療である。その他に戦傷病者への療養の給付などの**国家賠償的**なものや、**難病対策**（指定難病医療費助成制度）などの公費医療がある。労働基準法による業務上疾病の治療（療養補償）は、**労働者災害補償保険法（労災保険）**が適用となり合致しない行われる給付で、**使用者（事業者）が療養費を負担**する。
21,医療概論,7,第33回,問題3,2 社会保障制度,B. 公費負担医療,公費医療の対象とならないのはどれか。,1. 生活保護法による医療扶助,2. 母子保健法による養育医療,3. 労働者災害補償保険法による療養,4. 精神保健福祉法による措置入院,3,問題6の解説を参照。
22,医療概論,8,第32回,問題2,2 社会保障制度,B. 公費負担医療,難病に対する公費負担医療に期待される役割として最も適切なのはどれか。,1. 国家賠償,2. 公衆衛生,3. 社会福祉,4. 研究推進,4,**特定疾患治療研究事業**とは、原因不明で治療法が未確立、いわゆる難病のうち、特定の疾患について治療研究事業を推進することにより、医療の確立、普及を図るとともに、公費負担医療でその負担の軽減を図ることを目的とした事業である。
23,医療概論,9,第29回,問題4,2 社会保障制度,C. 介護サービス行政,介護保険制度について正しいのはどれか。,1. 介護保険料は全国一律である。,2. 被保険者は75歳以上の者である。,3. 要介護認定の申請は市区町村に対して行う。,4. 地域包括支援センターは都道府県が設置する。,3,**介護保険制度**はわが国の社会保険制度の一つであり、保険者は市町村と特別区である。被保険者は**第1号被保険者**（65歳以上の者）、**第2号被保険者**（40〜64歳の医療保険加入者）とし、保険料が徴収されるが、保険料の支払い方法や保険料はそれぞれで異なる。介護保険の利用には、保険者である市町村および特別区に**要介護認定**の申請を行う必要がある。**地域包括支援センター**の設置主体は**市町村**であるが、在宅介護支援センターの運営法人、社会福祉法人、医療法人等の市町村から委託を受けた法人も設置することができる。
24,医療概論,10,第27回,問題2,2 社会保障制度,C. 介護サービス行政,介護保険の第1号被保険者はどれか。,1. 18歳以上,2. 20歳以上,3. 40歳以上,4. 65歳以上,4,問題9の解説参照。
25,医療概論,11,第30回,問題1,2 社会保障制度,C. 介護サービス行政,介護保険制度の保険者はどれか。,1. 国,2. 都道府県,3. 市町村,4. 介護施設,3,問題9の解説参照。
26,医療概論,12,第34回,問題4,2 社会保障制度,C. 介護サービス行政,介護保険制度について正しいのはどれか。,1. 保険者は都道府県である。,2. 被保険者は75歳以上である。,3. 要介護の認定区分は5つである。,4. 介護報酬の改定は毎年行われる。,3,介護レベル（要介護度）とは、公的介護保険制度において要介護認定の申請の際に判定される介護の必要性の程度を表す指標で、**認定区分**とも呼ばれる。要介護の認定区分は**5つ**（要介護1〜5）ある。介護報酬の改定は**3年**ごとに行われる（問題9、11の解説も参照）。
27,医療概論,1,第31回,問題2,3 医療倫理,B. 医療倫理教育,人生の最終段階に実施する医療を示すのはどれか。,1. QOL,2. ターミナルケア,3. バイオエシックス,4. ノーマライゼーション,2,**QOL**とは「生活の質（Quality of Life）」のことで、緩和ケアなどで重要視される。**ターミナルケア**は「終末期医療」のことで、患者のさまざまな苦痛（トータルペイン）に対し適切な治療・処置を行うことで、最後までその人らしく尊厳を持って過ごせるようにするアプローチを意味する。**バイオエシックス**は「生命倫理」ともいわれ、生命に関わるさまざまな倫理的諸問題を扱う学問である。**ノーマライゼーション**は、障害者を特別視することなく、一般市民と同じ環境で、同じ条件で、家庭や地域で共に生活することを目指す概念である。
28,医療概論,2,第26回,問題3,3 医療倫理,C. 施術者としての倫理,施術者の倫理について正しいのはどれか。,1. 業務上知り得た患者の秘密は研究目的であっても漏らしてはならない。,2. 「ヒポクラテスの誓い」は現代には通用しない。,3. 収益向上のためにはQOLは考えなくてもよい。,4. 「患者の権利宣言」は日本には適用されない。,1,患者の秘密（情報）については、**個人情報の保護に関する法律（個人情報保護法）**、**医療・介護関係事業者における個人情報の適切な取扱いのためのガイドライン**、**人を対象とする医学系研究に関する倫理指針**などにより保護されている。「**ヒポクラテスの誓い**」は古代ギリシャで成立したが、医師の職業倫理を明文化した宣誓文とされ、その内容の一部は現在でも通用する内容となっている。現在の医療では**QOL（生活の質：Quality of Life）**は非常に重要視される概念で、収益向上よりも優先される。日本独自のものはないが、「患者の権利宣言」を日本医師会などが採択している。ここに含まれる**インフォームド・コンセント**の概念や**守秘義務**については、それぞれ努力義務や規定が存在する。
29,医療概論,3,第34回,問題2,3 医療倫理,C. 施術者としての倫理,あはき施術者の倫理について正しいのはどれか。,1. 施術者本位の施術,2. 施術者の利益優先,3. 患者家族の要求優先,4. 患者の苦痛への共感,4,施術者本位の判断を優先したり、短略的に患者の要求のみを優先したりして、患者との対話を省略しインフォームド・コンセントを行わないことは、施術者の倫理として適切ではない。インフォームド・コンセントを実践することにより、施術者は患者に対して援助者としての立場を明確にし、双方向の対話を通して信頼関係を築いていくことが重要である。
30,医療概論,4,第28回,問題3,3 医療倫理,C. 施術者としての倫理,ヒトを対象とした医学研究の倫理について定めたのはどれか。,1. アルマ・アタ宣言,2. 患者の権利宣言,3. ジュネーブ宣言,4. ヘルシンキ宣言,4,1：**アルマ・アタ宣言** ─ プライマリヘルスケア。2：**患者の権利宣言（リスボン宣言）** ─ 自己決定権の尊重。3：**ジュネーブ宣言** ─ ヒポクラテスの誓い（医師の倫理）。4：**ヘルシンキ宣言** ─ ヒトを対象とした医学研究の倫理。
31,医療概論,5,第33回,問題1,3 医療倫理,C. 施術者としての倫理,医学研究の倫理に関する宣言はどれか。,1. ジュネーブ宣言,2. ヘルシンキ宣言,3. リスボン宣言,4. アルマ・アタ宣言,2,問題4の解説を参照。
32,医療概論,6,第29回,問題2,3 医療倫理,C. 施術者としての倫理,患者が治療に対して積極的に関わり、その決定を遵守するのはどれか。,1. アドヒアランス,2. コンプライアンス,3. 患者の自己決定権,4. インフォームド・コンセント,1,**アドヒアランス**とは患者が治療方針の決定に賛同し積極的に治療を受けることで、医療従事者と患者の相互理解を基にした関係である。一方、**コンプライアンス**とは患者が医療従事者の指示通り治療を受けることで、医療従事者から患者への一方的な指導関係を意味する。**患者の自己決定権**とは自分自身について自由に決定を下す権利を有することで、1981年の**リスボン宣言**で述べられている。**インフォームド・コンセント**は医療従事者からの十分な説明と患者の理解、納得、同意、選択を意味する。
33,医療概論,7,第27回,問題3,3 医療倫理,C. 施術者としての倫理,患者に対する施術者の役割で適切なのはどれか。,1. 援助者,2. 管理者,3. 指導者,4. 保護者,1,近年の患者医師関係においては、**患者中心型医療**が主流となっている。患者と医師は対等の立場で、医師は患者に対して**援助者**となることが求められる。医療従事者は医療に必要な患者の個人情報を取扱うが、これらの情報は患者の同意に基づいて利用目的の範囲内での利用に限定されている（**個人情報保護法**）。また、**あはき法**や**ジュネーブ宣言**においても業務上知り得た**患者の秘密を尊重（守秘）**することが求められている。
34,医療概論,8,第30回,問題4,3 医療倫理,C. 施術者としての倫理,患者が「よろしくお願いします」と言い、医療従事者が「お任せください」と言う会話から考えられる両者の関係はどれか。,1. パターナリズム,2. セカンドオピニオン,3. インフォームド・アセント,4. インフォームド・コンセント,1,**パターナリズム**とは医療従事者が患者に対して父親のように主導権を握り、患者の生命や健康を優先的に守る態度で診療にあたることをいう。治療方針は医療者が一方的に決定する。**セカンドオピニオン**とは患者自身が納得のいく治療方法を選べるように、主治医とは違う医療機関の医師に、病気の診断や治療方針について求める「第2の意見」をさす。**インフォームド・アセント**とは治療を受ける小児患者に対して、治療について理解できるよう分かりやすく説明し、その内容について子ども本人の納得を得ること、試験に関する同意を得ることをいう。問題6の解説参照。
35,医療概論,9,第33回,問題4,3 医療倫理,C. 施術者としての倫理,パターナリズムに基づいている行為はどれか。,1. 治療方針は医療者が決める。,2. 個人情報の保護に取り組む。,3. 患者の自己決定権を尊重する。,4. 患者が治療内容の説明を受ける。,1,問題6から問題8の解説を参照。
36,医療概論,10,第31回,問題4,3 医療倫理,C. 施術者としての倫理,「医師は子どものことを思う親のように、患者は親に保護される子どものように行動する」と表現される医療従事者と患者の関係性はどれか。,1. パターナリズム,2. セカンドオピニオン,3. 工学モデル,4. 契約モデル,1,医療情報は、患者─医療者間でやり取りされる情報であり、患者と医療者の相互が持っている知識や態度によってやり取りされる情報の量・質が異なっている。この患者─医療者関係は、医療の世界では、**工学モデル**、**契約モデル**、**牧師モデル**に分けられる。①**工学モデル**とは、①医師は科学者、②医療情報は検査データ中心、③医学用語使用、④患者や家族の置かれた状況は医療に無関係などの特徴がある。**契約モデル**は、①医師（医療者）は援助者、②患者の自己決定権を中心として医療における意思決定の責任を共有、③患者への情報開示尊重、④患者にとって最適な選択を共に模索などの特徴がある。問題8の解説も参照。
37,衛生学・公衆衛生学,1,第31回,問題6,4 環境と健康,A. 日常生活環境,上水道の水質基準で「検出されないこと」と決められているのはどれか。,1. 大腸菌,2. 水銀,3. ヒ素,4. 総トリハロメタン,1,"上水道の水質基準は水道法に定められている。**1：大腸菌**は動物の腸内細菌で、**糞便による汚染の指標**となるので検出されてはならない。2：水銀、3：ヒ素、および 4：総トリハロメタンなどの有害物質は基準値以下とされている。トリハロメタンは上水の消毒に用いた塩素と原水中に含まれる有機物が反応して生成される**発がん性物質**である。"
38,衛生学・公衆衛生学,2,第28回,問題6,4 環境と健康,B. 物理的環境,白内障の原因になりにくいのはどれか。,1. 紫外線,2. 可視光線,3. 赤外線,4. マイクロ波,2,"白内障は**水晶体のタンパク質が変性して白濁**する病気である。電離放射線や非電離放射線の中でも波長の短い**有害紫外線（UV-B）**はエネルギーが高く、タンパク質を変性させる。また、**赤外線**や**マイクロ波**は物質を加熱する作用（**熱作用**）があるので、熱によるタンパク変性をきたす。その間にある**可視光**は、水晶体タンパクに対する影響が比較的少ない。可視光の中でも波長の短い**青色光**は、**眼精疲労**や**加齢性黄斑**との関連が指摘されている。"
39,衛生学・公衆衛生学,3,第29回,問題8,4 環境と健康,B. 物理的環境,生体に照射してもイオン化しない放射線はどれか。,1. 陽子線,2. 中性子線,3. 赤外線,4. エックス線,3,"被照射物を電離（イオン化）させるものを**電離放射線**といい、アルファ線、ベータ線、中性子線などの**粒子線**やガンマ線やエックス線などの**電磁波**がある。被照射物を電離させないものを**非電離放射線**といい、可視光、赤外線、紫外線などの電磁波がある。"
40,衛生学・公衆衛生学,4,第27回,問題8,4 環境と健康,C. 化学的環境,生体内でホルモンの作用に影響を与える外因性物質の総称はどれか。,1. 大気汚染物質,2. 浮遊粒子状物質,3. 内分泌攪乱化学物質,4. 揮発性有機化合物,3,"3：**内分泌攪乱化学物質**の内分泌系への作用についてはまだ十分に解明されていない点もあるが、日本政府の見解では「**内分泌系に影響を及ぼすことにより、生体に障害や有害な影響を引き起こす外因性の化学物質**」とされている。よって、正解は3。"
41,衛生学・公衆衛生学,5,第30回,問題10,5 産業保健,A. 産業保健,産業衛生管理のうち作業管理はどれか。,1. 作業場の換気,2. 防塵マスクの使用,3. 定期健康診断の実施,4. 作業環境測定の実施,2,"労働衛生の3管理とは、**健康管理**、**作業管理**、**作業環境管理**をいう。健康管理は健康診断の実施や体力づくりによる健康増進など。作業管理は作業に伴う危険有害要因への暴露を軽減するための**作業方法の管理**、**作業時間の管理**など、作業環境管理は作業環境中の危険因子（ガス、粉塵、騒音、放射線、高温など）の**測定・管理**やより良い労働環境づくりなどである。よって、作業管理は**2**。1と4は作業環境管理、3は健康管理である。"
42,衛生学・公衆衛生学,6,第33回,問題8,5 産業保健,A. 産業保健,産業衛生管理のうち作業管理はどれか。,1. 作業場の換気,2. 作業環境測定の実施,3. 定期健康診断の実施,4. 呼吸用保護具の使用,4,"問題1の解説参照。**呼吸用保護具の使用**は**作業管理**に含まれる。（1・2は作業環境管理、3は健康管理）"
43,衛生学・公衆衛生学,7,第25回,問題4,5 産業保健,A. 産業保健,我が国の平成26年の業務上疾病で最も多いのはどれか。,1. 災害性腰痛,2. 物理的因子による疾病,3. じん肺および合併症,4. 化学物質による疾病,1,"近年、業務上疾病で最も多いのは「負傷に起因する疾病」で、そのほとんどが1：**災害性腰痛**である。2019年度では72.4%（災害性腰痛61.8%、腰痛以外10.6%）となっている。2：物理的因子による疾病は2位で13.5%、3：じん肺および合併症は2.0%、4：化学物質による疾病は2.6%。2020年度以降は新型コロナウイルス感染症の影響が大きく、「病原体による疾病」が2020年では2位、2021年〜2023年では1位となっている。新型コロナウイルス感染症を除けば、いずれの年度も「**負傷に起因する疾病**」が1位である。"
44,衛生学・公衆衛生学,8,第27回,問題4,5 産業保健,A. 産業保健,我が国の2016年に発生した業務上疾病で最も多いのはどれか。,1. 腰痛,2. じん肺,3. 心疾患,4. 酸素欠乏症,1,"問題3の解説を参照。業務上疾病で最も多いのは**腰痛（災害性腰痛）**である。"
45,衛生学・公衆衛生学,9,第27回,問題9,6 精神保健,A. 精神保健,我が国の2014年の患者調査で精神障害による入院患者が最も多いのはどれか。,1. 統合失調症,2. 気分障害,3. 神経症性障害,4. てんかん,1,"患者調査は、無作為抽出された医療機関を対象に3年ごとに実施される。入院・外来別に受療率が得られる。精神障害による入院で最も多いのは1：**統合失調症**、外来で最も多いのは2：**気分障害（うつ病を含む）**である。2023年の調査でも同様である。"
46,衛生学・公衆衛生学,10,第25回,問題5,6 精神保健,A. 精神保健,精神障害について正しいのはどれか。,1. てんかん発作は一時的な意識消失を伴う。,2. 認知症は知能が生来低下している状態である。,3. 抑うつは意識レベルの程度を表している。,4. 適応障害は脳の器質的障害が原因である。,1,"1：てんかんは、けいれん、**意識消失**、運動・感覚・自律神経・精神機能の障害などを伴う反復性の発作を主症状とする。2：認知症は**脳の器質的障害**により**一旦獲得された知能が持続的に低下**した状態をいう。生来低下しているのではない。3：抑うつ状態は精神状態の低下により不眠、思考能力の減退、易疲労感、食欲減退などの症状を引き起こした状態である。意識レベルの低下ではない。4：適応障害は**ストレス因**により引き起こされる情緒面や行動面の症状である。"
47,衛生学・公衆衛生学,11,第26回,問題9,6 精神保健,A. 精神保健,精神保健について正しいのはどれか。,1. 統合失調症は脳の器質的疾患である。,2. 認知症では夜間せん妄を生じやすい。,3. うつ病では見当識障害を生じやすい。,4. 適応障害の主症状は幻聴である。,2,"認知症にはアルツハイマー型認知症、脳血管型認知症、レビー小体型認知症などがあり、それぞれ症状の特徴があるが、共通する症状には記憶障害などの認知機能障害と、暴言・暴力、徘徊、妄想などの行動・心理・症状がある。**せん妄**は病気や薬の影響、環境の変化などの要因により誘発される**急性の意識障害**であり、高齢者や認知症患者では昼間より暗くなる**夕方〜夜**にかけて不安感が増し、**夜間せん妄**を起こしやすい。"
48,衛生学・公衆衛生学,12,第28回,問題5,6 精神保健,A. 精神保健,精神保健について誤っているのはどれか。,1. 長期に社会的入院をしている患者に退院促進支援事業を行う。,2. 地域医療計画に精神疾患が加えられた。,3. ハローワークで就労支援を行う。,4. 精神保健福祉センターは各市町村に置かれる。,4,"精神保健及び精神障害者福祉に関する法律（精神保健福祉法）は、精神障害者の福祉を重視し、精神障害者の自立と社会経済活動への参加の促進を目的としている。精神障害者の人権を尊重し、社会的入院から退院・社会復帰を促す。精神保健福祉センターは、この法律に基づき、**都道府県または政令指定都市**に設置される精神保健福祉に関する技術的中核機関である。第6次の医療計画から重点的に取り組み推進する項目に「精神疾患」が加えられ、**5疾患5事業**となった。第8次（令和6年〜）では「新興感染症発生・まん延時における医療」が加えられ、**5疾患6事業**となっている。"
49,衛生学・公衆衛生学,13,第34回,問題8,6 精神保健,A. 精神保健,精神保健福祉法に基づく緊急措置入院における入院期限として正しいのはどれか。,1. 24時間,2. 72時間,3. 1週間,4. 1か月間,2,"精神障害者本人の意思によらない入院形態のうち、**措置入院**は**2名以上**の精神保健指定医が自傷他害の恐れがあり入院が必要と診断した場合の都道府県知事による強制入院である。**緊急措置入院**は、緊急を要する場合で**1名**の精神保健指定医による診断により強制入院させることができるが、入院期間は**72時間以内**に制限される。"
50,衛生学・公衆衛生学,14,第29回,問題9,7 母子保健,A. 母子保健,地域の衛生状態や生活水準の影響を最も反映しやすい母子保健統計の指標はどれか。,1. 乳児死亡率,2. 死産率,3. 妊産婦死亡率,4. 周産期死亡率,1,"妊産婦死亡、死産や早期新生児死亡は母体の健康状態を強く反映する。周産期死亡は満22週以降の死産と早期新生児死亡を合わせたもの。乳児の死亡は母体の健康状態だけでなく**養育環境の衛生状態**などからも強く影響を受けるので、**乳児死亡率**は**地域社会の衛生水準**を表す指標としても利用される。"
51,衛生学・公衆衛生学,15,第25回,問題6,7 母子保健,A. 母子保健,遺伝する疾患はどれか。,1. ハンセン病,2. アザラシ肢症,3. 先天性風疹症候群,4. フェニルケトン尿症,4,"父母の遺伝子変異・欠損などに由来する疾病は、4：**フェニルケトン尿症**のみ。メイプルシロップ尿症などと共に、新生児を対象とした**先天性代謝異常マス・スクリーニング**で早期発見・早期治療が行われる。1：ハンセン病および3：先天性風疹症候群は感染症であり、遺伝性疾患ではない。2：アザラシ肢症は先天性の四肢の奇形であり、妊婦のサリドマイド服用の副作用や放射線曝露などにより長骨の形成異常が起こると考えられており、遺伝性疾患ではない。"
52,衛生学・公衆衛生学,16,第26回,問題5,7 母子保健,A. 母子保健,母子健康手帳に記載する項目はどれか。,1. 学歴,2. 職歴,3. 婚姻歴,4. 喫煙歴,なし（財団解答 2又は3又は4）,"母子健康手帳は母子保健法に基づき、市町村に妊娠の届出をした者に交付される。手帳には子の保護者（父および母）、妊婦の健康状態（疾病・感染症の既往歴、常用薬、喫煙・飲酒の状況など）、妊婦の職業と環境、妊娠・出産の経過、新生児期の経過、健診記録や予防接種記録などの記録の部分と、妊産婦の生活上の注意（飲酒、喫煙、栄養など）、育児上の注意、健診・予防接種の種類と時期などの情報部分がある。2：職業を「現在の職業」、4：喫煙歴を「喫煙の状況」とすれば、2、4が正解。3：婚姻歴や保護者（父・母）の婚姻関係を記録する欄はない。"
53,衛生学・公衆衛生学,17,第33回,問題9,7 母子保健,A. 母子保健,分母が出生数である疫学指標はどれか。,1. 死産率,2. 乳児死亡率,3. 周産期死亡率,4. 妊産婦死亡率,2,"**乳児死亡率**は生後1年未満の死亡で、死亡数を**出生千対**で表したものを乳児死亡率という。新生児（生後4週未満）死亡率および早期新生児（生後1週未満）死亡率も同様で**分母は出生数**である。死産率および周産期死亡（妊娠22週以降の死産と早期新生児死亡）率は出産（出生＋死産）千対、および妊産婦死亡（妊娠中または妊娠終了後42日未満の女性の死亡）率は出産10万対で表される。"
54,衛生学・公衆衛生学,18,第27回,問題5,7 母子保健,A. 母子保健,虐待を受けたと思われる児童を発見した者が通告する施設はどれか。,1. 保健所,2. 児童相談所,3. 地域包括ケアセンター,4. 市町村保健センター,2,"児童虐待の防止等に関する法律において、虐待を身体的な暴行（令和元年の改正により「親権者などによる体罰（しつけ）も含まれる）、わいせつな行為、養育放棄（ネグレクト）、心理的に傷つける言動と定義し、これらの虐待の発生予防・早期発見および被害児童の保護と自立支援を行う。虐待を受けたと思われる児童を発見した者は、2：**児童相談所**または**福祉事務所**に通告する義務がある。"
55,衛生学・公衆衛生学,19,第34回,問題6,7 母子保健,A. 母子保健,我が国の2023年度の児童虐待相談において、主な虐待者として最も多いのはどれか。,1. 実母,2. 実父,3. 実母以外の母親,4. 実父以外の父親,1,"2023年度に児童相談所が対応した児童虐待相談の対応件数は225,509件で前年度から10,666件（5.0%）増加しており、相談の種別では「**心理的虐待**」が最も多い。虐待者別では、**実母が48.7%**、次いで**実父が42.3%**である。被虐待者の年齢別では「3歳」が最も多い。"
56,衛生学・公衆衛生学,20,第28回,問題9,7 母子保健,A. 母子保健,1994年の国際人口開発会議（カイロ会議）で提唱された性と生殖に関する概念はどれか。,1. リプロダクティブ・ヘルス／ライツ,2. プライマリ・ヘルス・ケア,3. ヘルスプロモーション,4. ファミリー・プランニング,1,"1：**リプロダクティブ・ヘルス／ライツ**は、カイロで開催された**国際人口開発会議**で提唱された人と生殖に関する健康と権利の概念である。「家族計画」的人権として捉え、人口問題の解決を目指した。良い出産（安全・快適性の確保）を得る権利、産む産まない、いつ産む、何人産むなどの自己決定権などが示されている。人口問題だけでなく、ジェンダーや生命倫理の問題にも関わる。2はアルマ・アタ宣言、3はオタワ憲章、4は家族計画の意。"
57,衛生学・公衆衛生学,21,第30回,問題6,8 学校保健,A. 学校保健,2019年度学校保健統計調査において中学生・高校生で被患率が最も高いのはどれか。,1. むし歯,2. 裸眼視力1.0未満,3. 鼻・副鼻腔疾患,4. ぜん息,2,"学校保健統計調査で、中学生・高校生の被患率が高いのは、**裸眼視力1.0未満**、次いでむし歯（う歯）である。近年、むし歯（う歯）の被患率が減少し、2024年度の調査では幼稚園から高校生のすべてで「**裸眼視力1.0未満**」が最多となっている。"
58,衛生学・公衆衛生学,22,第33回,問題6,8 学校保健,A. 学校保健,我が国の2021年度の学校管理下における死亡で最も多いのはどれか。,1. 突然死,2. 溺死以外の窒息死,3. 全身打撲,4. 頭部外傷,1,"人口動態統計による年齢階層別死亡率は5〜19歳で最も低く、その死因の約半数は医学的対応だけでは十分に予防できない不慮の事故と自殺が占める。日本スポーツ振興センターの災害共済給付状況による学校管理下での死亡は**突然死**によるものが最も多い。"
59,衛生学・公衆衛生学,23,第34回,問題9,8 学校保健,A. 学校保健,小学校就学予定者に対する就学時健康診断を行うのはどれか。,1. 学校,2. 保健所,3. 都道府県医師会,4. 市町村教育委員会,4,"学校保健安全法では、学校の設置者に、児童生徒等および職員に対して年1回の定期健康診断の実施を義務付けている。また、翌年度に小学校等へ就学させるべき年齢の子どもに対しては、居住する**市町村の教育委員会**が**就学時健康診断**を実施する。"
60,衛生学・公衆衛生学,24,第32回,問題6,9 成人・高齢者の保健,A. 成人・高齢者の保健,日常生活を送るために最低限必要な動作を示すのはどれか。,1. QOL,2. ADL,3. PHC,4. BMI,2,"1：QOL（Quality of life）は「生活の質」「生命の質」、2：**ADL**（Activities of daily living）は「**日常生活動作**」「日常基本動作」と訳される。3：PHC（Primary health care：プライマリヘルスケア）はアルマ・アタ宣言で提唱された地域に根ざした保健医療の在り方を示したものである。4：BMI（Body mass index：ボディマスインデックス）は「体重（kg）÷身長（m）の2乗」で算出される値で、肥満ややせの判定に用いられる体格指数である。"
61,衛生学・公衆衛生学,25,第25回,問題7,9 成人・高齢者の保健,B. 生活習慣病対策,特定健康診査で必須の項目はどれか。,1. 心電図,2. γ-GTP,3. 眼底所見,4. 総コレステロール,2,"特定健康診査の「**基本的な項目（必須項目）**」は、質問票、身体計測（身長、体重、BMI、腹囲）、血圧測定、理学的検査（身体診察）、尿検査（尿糖、尿蛋白）、血液検査（脂質検査、血糖検査、肝機能検査）が行われる。肝機能検査にはGOT、GPT、2：**γ-GTP**が用いられる。脂質検査は中性脂肪、HDLコレステロールおよびLDLコレステロールが用いられ、4：総コレステロールは必須項目ではない。1：心電図および3：眼底所見は医師が必要と認めた場合に実施する「**詳細な健診の項目**」である。"
62,衛生学・公衆衛生学,26,第28回,問題7,9 成人・高齢者の保健,B. 生活習慣病対策,高齢者の医療の確保に関する法律に基づいて実施されるのはどれか。,1. がん検診,2. 肝炎ウイルス検診,3. 特定健康診査,4. 骨粗鬆症検診,3,"高齢者の医療の確保に関する法律で規定されているのは、生活習慣病に関する健康診査である3：**特定健康診査**。1、2、4は健康増進法による。"
63,衛生学・公衆衛生学,27,第31回,問題9,9 成人・高齢者の保健,B. 生活習慣病対策,特定健康診査・特定保健指導について正しいのはどれか。,1. 健康増進法に基づいて実施される。,2. 実施主体は医療保険者である。,3. 75歳以上が対象となる。,4. がん検診のことである。,2,"特定健康診査・特定保健指導はメタボリックシンドローム対策として、**高齢者の医療の確保に関する法律**に基づき行われる。実施主体は**医療保険者**（市区町村、全国健康保険協会、健康保険組合など）で、**40歳以上75歳未満**の被保険者を対象とする。検査項目は問題2の解説を参照。がん検診に関する項目はない。"
64,衛生学・公衆衛生学,28,第25回,問題8,10 感染症,A. 感染症と発生要因,地球上から根絶された感染症はどれか。,1. コレラ,2. 破傷風,3. 痘そう,4. ポリオ,3,"3：**痘そう（天然痘）**ウイルスはヒトのみを自然宿主とし、WHOの天然痘根絶計画（1967〜1977年）により全世界で種痘（ワクチン接種）と患者隔離が行われた。1977年にアフリカ・ソマリアで確認された患者を最後とし、1980年にWHOが根絶宣言を行った。地球上からの根絶に成功した唯一の**ウイルス性疾患**である。日本では種痘を1976年に定期予防接種から除外している。"
65,衛生学・公衆衛生学,29,第27回,問題10,10 感染症,A. 感染症と発生要因,再興感染症はどれか。,1. SARS,2. エボラ出血熱,3. ウエストナイル熱,4. 結核,4,"**再興感染症**とは、過去に流行し、その発生がいったん抑制されていたが再び増加し問題となっている感染症をいう。本問では、4：**結核**が正解。1、2、3は、近年新しく認識され、局地のあるいは国際的に公衆衛生上問題となる**新興感染症**。"
66,衛生学・公衆衛生学,30,第26回,問題10,10 感染症,A. 感染症と発生要因,リケッチア感染症はどれか。,1. 梅毒,2. デング熱,3. ジフテリア,4. ツツガムシ病,4,"4：**ツツガムシ病**は**リケッチア**（偏性細胞内寄生性の細菌）感染症で、他に日本紅斑熱、発疹チフス、発疹熱などがある。リケッチアの伝播には、節足動物による媒介が必要である。1、3：梅毒とジフテリアは細菌感染症、2：デング熱はウイルス感染症である。"
67,衛生学・公衆衛生学,31,第29回,問題10,10 感染症,A. 感染症と発生要因,空気感染対策が有効なのはどれか。,1. 赤痢,2. コレラ,3. 結核,4. ポリオ,3,"**空気感染**により伝播する感染症には、**結核**、**麻疹**、**水痘**などがある。赤痢菌、コレラ菌やポリオウイルスは汚染された水や食物から経口的に感染し消化器感染症を起こす。"
68,衛生学・公衆衛生学,32,第34回,問題7,10 感染症,B. 感染症の予防と対策,結核患者が使用した食器の洗浄に用いるのに、必要かつ十分なのはどれか。,1. ビグアナイド系消毒剤,2. 塩素系消毒剤,3. 逆性石けん,4. 中性洗剤,4,"選択肢のうち、結核菌に有効なのは、2：塩素系消毒剤であるが、「感染症法に基づく消毒・滅菌のてびき」で、主な消毒対象は「活動性結核患者に直接使用した器具（気管支内視鏡、手術器具等）」とされており、「結核菌は飛沫あるいは空気感染であり、原則として器具や環境の汚染は必要ない」としている。よって、通常の食器の洗浄でよいので4：**中性洗剤**が正解。"
69,衛生学・公衆衛生学,33,第28回,問題10,10 感染症,B. 感染症の予防と対策,感染症の予防及び感染症の患者に対する医療に関する法律（感染症法）に定められた感染症で致命率が最も高いのはどれか。,1. エボラ出血熱,2. 中東呼吸器症候群（MERS）,3. 腸管出血性大腸菌感染症,4. デング熱,1,"感染症の予防及び感染症の患者に対する医療に関する法律では、感染症を感染力や罹患した場合の重症度などによって、危険性の高い順に一類から五類まで分類している。その他に、新型インフルエンザ等感染症、指定感染症および新感染症がある。1：**エボラ出血熱**は**一類感染症**で、**致死率は約50%**。2：中東呼吸器症候群（MERS）は二類感染症で、致死率は約35%。3：腸管出血性大腸菌感染症、4：デング熱は、それぞれ三類及び四類感染症である。"
70,衛生学・公衆衛生学,34,第33回,問題7,10 感染症,B. 感染症の予防と対策,現在の新型コロナウイルス感染症（COVID-19）の感染症法上の位置付けはどれか。,1. 5類感染症,2. 新型インフルエンザ等感染症,3. 指定感染症,4. 新感染症,1,"2019年に中国武漢市で発見された新型コロナウイルス（SARS-CoV-2）を病原体とする新型肺炎はCOVID-19である。COVID-19は流行当初（令和2年1月）に指定感染症に指定、令和3年2月には新型インフルエンザ等感染症に位置づけられ、**令和5年5月より5類感染症に移行**している。"
71,衛生学・公衆衛生学,35,第25回,問題9,10 感染症,B. 感染症の予防と対策,予防接種に生ワクチンを使用するのはどれか。,1. 麻疹,2. 百日咳,3. 日本脳炎,4. 肺炎球菌,1,"定期予防接種で**生ワクチン**を用いる疾患は、他に**風疹**、**水痘**、**結核**および**ロタウイルス**胃腸炎がある。"
72,衛生学・公衆衛生学,36,第31回,問題7,10 感染症,B. 感染症の予防と対策,結核対策で早期発見を目的とするのはどれか。,1. 結核登録,2. 定期健康診断,3. 定期予防接種,4. 家庭訪問指導,2,"結核対策は感染症法第9章において、定期健康診断、結核患者の届出、結核登録簿および家庭訪問指導等が規定されている。患者の早期発見を目的とするのは2：**定期健康診断**である。患者の届出や1：結核登録（結核登録簿による結核登録者情報調査）により感染源となる患者の把握・管理を行う。登録票に登録されている者に対して治療等および4：家庭訪問指導による服薬確認等の患者支援を行う。結核は予防接種法でA類疾病に指定されており、集団免疫を目的とした3：定期予防接種が行われる。"
73,衛生学・公衆衛生学,37,第26回,問題11,11 消毒法,B. 消毒の種類と方法,滅菌に用いられるのはどれか。,1. アルコール,2. 塩素ガス,3. 高圧蒸気,4. 紫外線,3,"【解説】滅菌とは、病原性の有無にかかわらず、対象物に存在するすべての微生物を殺滅または除去することをいう。物理的滅菌法に乾熱滅菌法、**高圧蒸気滅菌法（オートクレーブ）**、ガンマ線照射法など、化学的滅菌法にエチレンオキサイドガス（EOG）滅菌法、過酸化水素プラズマ滅菌法などがある。4：紫外線は物質透過性が小さく照射表面しか殺菌できないため、一般には滅菌に用いられない。1：アルコールや2：塩素ガスは消毒に用いられる。"
74,衛生学・公衆衛生学,38,第27回,問題11,11 消毒法,B. 消毒の種類と方法,滅菌に用いられるのはどれか。,1. グルタールアルデヒド（グルタラール）,2. ポビドンヨード,3. 逆性石けん,4. オートクレーブ,4,"【解説】問題1の解説参照。1〜3は消毒薬である（表6参照）。"
75,衛生学・公衆衛生学,39,第29回,問題6,11 消毒法,C. 消毒の応用,皮膚の消毒に用いないのはどれか。,1. アルコール類,2. 塩素系消毒剤,3. ビグアナイド系消毒剤,4. ヨウ素系消毒剤,2,"【解説】アルコール系、逆性せっけん（塩化ベンザルコニウムなど）やビグアナイド系消毒薬（クロルヘキシジンなど）は手指の消毒に用いられる一般的な消毒薬である。ヨウ素系消毒薬（ポビドンヨードなど）は傷口や手術部位などの消毒に用いられる。次亜塩素酸ナトリウムなどの塩素系消毒薬は皮膚を障害するので人体には直接使わない（表6参照）。"
76,衛生学・公衆衛生学,40,第32回,問題7,11 消毒法,C. 消毒の応用,施術者の手指消毒に適切なのはどれか。,1. 紫外線,2. オキシドール,3. 70%エタノール,4. エチレンオキサイドガス,3,"【解説】手指消毒には3：70%エタノールの他にプロパノール、**塩化ベンザルコニウム**、**クロルヘキシジン**などがよく用いられる（表6参照）。2：オキシドール（3%過酸化水素水）は創傷部位や口腔粘膜の消毒に用いられる。1：紫外線（254nm）は照射面で強い殺菌作用を示すがヒトの皮膚や眼に強い炎症を起こす。4：エチレンオキサイドガスは医療機器や医療器材の滅菌に用いられる。人体への毒性が強い。"
77,衛生学・公衆衛生学,41,第33回,問題10,11 消毒法,C. 消毒の応用,洗浄剤を配合した消毒液をよく泡立てて流水で流す手指消毒方法はどれか。,1. スワブ法,2. ベースン法,3. スクラブ法,4. ラビング法,3,"【解説】スクラブ法（**洗浄法**）は洗浄剤（界面活性剤）を含む消毒薬で洗浄・消毒する方法。スワブ法（**清拭法**）は消毒薬を綿やガーゼにしみ込ませて手指や皮膚をふきとる方法。ベースン法（浸漬法）は洗面器（ベースン）に消毒薬を満たし、手指を浸して消毒する方法であるが、複数人が使用するため交差感染の危険性があり現在は使用されていない。ラビング法（**擦式法**）はアルコール製剤などの速乾性擦式製剤を手掌にたっぷり取り乾燥するまで擦り込んで消毒する方法で、水道や流しが無い場所でも簡便に消毒できる。"
78,衛生学・公衆衛生学,42,第30回,問題7,12 疫学,A. 疫学の意義と方法,疫学指標について、横断調査により明らかになるのはどれか。,1. 有病率,2. 罹患率,3. 死亡率,4. 致命率,1,"【解説】**横断調査（時間断面研究）**では、調査時（ある時点）における疾病と疾病との関連が疑われる要因などの有無を同時に調査する方法。よって、1：有病率（ある集団のある時点において疾病のある人の割合）が得られる。2：罹患率、3：死亡率はそれぞれ、単位観察期間内にある疾病に罹患する率、死亡する率で、**コホート研究**などから得られる。4：致命率はある疾病に罹患した者のうちその疾病で死亡した者の割合である（表7参照）。"
79,衛生学・公衆衛生学,43,第34回,問題10,12 疫学,A. 疫学の意義と方法,ある時点での集団内における特定の病気をもつ者の割合を示す疫学指標はどれか。,1. 罹患率,2. 有病率,3. 偽陽性率,4. 偽陰性率,2,"【解説】問題1の解説参照。偽陽性率は、ある疾病に対するスクリーニング検査で、検査値のある値（ふるい分け水準又は**カットオフ値**）で、疾病の疑いのある（陽性）者と正常（陰性）者を分けたとき、実際には正常であるが疾病の疑いがある（偽陽性）と判断された者の割合であり、偽陰性率は実際は疾病があるが正常（偽陰性）と判断された者の割合である。"
80,衛生学・公衆衛生学,44,第28回,問題11,12 疫学,A. 疫学の意義と方法,暴露群が非暴露群に比べて何倍疾病に罹りやすいかを示す疫学指標はどれか。,1. 相対危険,2. 寄与危険,3. 寄与危険割合,4. 集団寄与危険,1,"【解説】**相対危険（度）**は、要因暴露群における罹患率の、要因非暴露群における罹患率に対する比なので、1が正解。2：**寄与危険（度）**は要暴露群と要因非暴露群の罹患率の差で、要因暴露により罹患率がどれほど増えたか、を表す。3：寄与危険割合は、寄与危険（度）が要因暴露群の罹患率に占める割合であり、要因暴露群の罹患率のうち真の要因暴露による罹患率の割合を示す。4：集団寄与危険（度）は、要因暴露群の罹患数を合わせた集団全体の罹患率と非暴露群の罹患率の差であり、集団全体への暴露の影響の強さを示す。"
81,衛生学・公衆衛生学,45,第32回,問題9,12 疫学,A. 疫学の意義と方法,ある要因への暴露群と非暴露群の罹患率の差を評価する疫学指標はどれか。,1. 寄与危険,2. オッズ比,3. 有病率,4. 相対危険度,1,"【解説】問題3の解説・表7参照。1：寄与危険度4：相対危険度は要因対照研究（コホート研究）で、2：オッズ比は患者（症例）対照研究で、それぞれ用いられる要因暴露と疾病の関連の強さを示す指標である。オッズ（見込み）はある事象の起こる確率と起こらない確率の比で、その事象の起こりやすさを示す。要因暴露群のオッズを非暴露群のオッズで除したオッズ比は相対危険度の近似値とみなす。3：有病率は問題1の解説参照。"
82,衛生学・公衆衛生学,46,第25回,問題10,13 保健統計一般,A. 保健統計一般,我が国の人口統計について正しいのはどれか。,1. 国勢調査は人口動態統計である。,2. 死亡診断書は死因統計の基礎データとなる。,3. 生後4週間未満の死亡統計から乳幼児死亡率を算出できる。,4. 死因統計はICFに従って分類される。,2,"【解説】1：国勢調査は、総務省が5年に一度10月1日に、日本国内に在住するすべての世代と世帯を対象に行う人口動態統計である。2：死亡診断書は、死因統計に用いられる。4：記載された原因は**国際疾病分類（International Statistical Classification of Diseases and Related Health Problems：ICD-11）**に基づいて分類される。第11回改訂版（ICD-11）が2022年2月に発効した。3：**乳児死亡**は生後1年未満の死亡をいう。生後1週未満、生後4週未満の死亡をそれぞれ早期新生児死亡、新生児死亡という。"
83,衛生学・公衆衛生学,47,第26回,問題7,13 保健統計一般,A. 保健統計一般,人口動態統計で調べる項目はどれか。,1. 人口,2. 死亡,3. 出生,4. 結婚,1,"【解説】我が国の人口動態は、総務省が5年ごとに行う国勢調査により得られる。人口動態統計には、1：総人口、年齢別人口などの各種人口、世帯数などが含まれる。人口動態統計において、3：出生、2：死亡、死産、4：婚姻、離婚の5事象を扱う。"
84,衛生学・公衆衛生学,48,第31回,問題10,13 保健統計一般,A. 保健統計一般,人口動態統計で示される指標はどれか。,1. 健康寿命,2. 有訴者率,3. 離婚件数,4. 通院者数,3,"【解説】人口動態統計では、出生、死亡、死産、婚姻、離婚の5事象を扱う。よって、正解は3：離婚件数。1：健康寿命、2：有訴者率および4：通院者数は**国民生活基礎調査**より得られる。"
85,衛生学・公衆衛生学,49,第29回,問題7,13 保健統計一般,A. 保健統計一般,総務省が実施する調査はどれか。,1. 国勢調査,2. 人口動態調査,3. 国民生活基礎調査,4. 国民健康・栄養調査,1,"【解説】公衆衛生分野で利用される主な政府統計で、国勢調査は総務省が行う。人口動態統計、国民生活基礎調査、国民健康・栄養調査、患者調査および労働災害動向調査は厚生労働省、学校保健統計調査は文部科学省が行う。"
86,衛生学・公衆衛生学,50,第31回,問題8,13 保健統計一般,A. 保健統計一般,我が国の国民の1日平均歩数に関する公的統計を公表している調査はどれか。,1. 国勢調査,2. 人口動態調査,3. 国民生活基礎調査,4. 国民健康・栄養調査,4,"【解説】公衆衛生分野で利用される主な政府統計で、人口に関する調査には、1：国勢調査（人口静態統計）、2：人口動態調査があり、いずれも日本に住む全人を対象とした全数調査である（問題2の解説参照）。3：国民生活基礎調査および4：国民健康・栄養調査は、無作為抽出された世帯及び世帯員を対象とした標本調査で、国民生活基礎調査では保健、医療、福祉、年金、所得などの国民生活の基礎的事項を調査し、**有病率**や**健康寿命**が得られる。国民健康・栄養調査では身体状況、栄養摂取状況、生活習慣を調査する。生活習慣の調査項目に、食生活、身体活動・運動（歩数は歩数計を用いて計測される）、休養、飲酒、喫煙、歯の健康などが含まれる。"
87,衛生学・公衆衛生学,51,第26回,問題6,13 保健統計一般,B. 主な保健統計,平成25年の国民生活基礎調査において、高齢者が要介護となる原因として最も頻度が高いのはどれか。,1. 関節疾患,2. 高齢による衰弱,3. 骨折・転倒,4. 脳血管疾患,4,"【解説】国民生活基礎調査は国民の保健、医療、福祉・年金・所得などの国民生活の基礎的調査に対する調査で、全国から無作為抽出された世帯を対象に3年ごとに大規模調査を行う。平成25年度の調査で高齢者が要介護となった原因は、4：脳血管疾患、認知症、2：高齢による衰弱、3：骨折・転倒の順に多い。なお、令和4年（2022年）では、1位は認知症、2位は脳血管疾患、3位は骨折・転倒となっている。"
88,衛生学・公衆衛生学,52,第27回,問題6,13 保健統計一般,B. 主な保健統計,我が国の2014年の患者調査で医療機関を受診している総患者数が最も多いのはどれか。,1. 高血圧性疾患,2. 糖尿病,3. 脳血管疾患,4. 悪性新生物,1,"【解説】患者調査は、無作為抽出された医療機関を対象に3年ごとに実施される。2023年の調査でも、総患者数は1：**高血圧性疾患**、**歯肉炎および歯周疾患**、2：**糖尿病**の順に多い。推計患者数は入院・外来別で見ると、入院患者では**精神および行動の障害**が最も多く、その約半数は統合失調症などによる。外来患者では**消化器系が最も多く**、その約半数は歯肉炎および歯周疾患である。"
89,衛生学・公衆衛生学,53,第25回,問題11,14 国際保健,A. 国際保健活動,WHOの主な活動はどれか。,1. 地域紛争の解決,2. 難民の救済援助,3. 労働条件の改善,4. 保健統計の刊行,4,"【解説】世界保健機関（WHO）は国連の専門機関の一つで、主な活動は感染症対策、世界各国の4：保健統計の刊行、水質などの基準作成、医薬品の供給、技術協力、研究開発などである。"
90,衛生学・公衆衛生学,54,第32回,問題10,14 国際保健,A. 国際保健活動,持続可能な開発目標（SDGs）の17のゴールに含まれるのはどれか。,1. 再生医療の推進,2. ジェンダー平等,3. 救急医療の充実,4. 少子高齢化対策,2,"【解説】2015年の国連サミットで採択された「誰一人取り残さない」持続可能で多様性と包摂性のある社会の実現のため、2030年を年限とする17の国際目標が持続可能な開発目標（SDGs）である。①貧困、②飢餓、③保健、④教育、⑤ジェンダー、⑥水・衛生、⑦エネルギー、⑧成長・雇用、⑨イノベーション、⑩不平等、⑪都市、⑫生産・消費、⑬気候変動、⑭海洋資源、⑮陸上資源、⑯平和、⑰実施手段が含まれる。"
91,関係法規,1,第28回,問題13,1 あん摩マッサージ指圧師、はり師、きゅう師免許に関する資格要件,A. あん摩マッサージ指圧師、はり師、きゅう師免許の資格要件,あん摩マッサージ指圧師、はり師、きゅう師等に関する法律（あはき法）ではり師、きゅう師免許を受けようとするとき、申請書に添える必要がないのはどれか。,1. 麻薬、大麻もしくはあへんの中毒者であるかないかに関する医師の診断書,2. 戸籍の謄本または抄本,3. はり師、きゅう師の学校または養成施設の卒業（修了）証明書,4. はり師国家試験、きゅう師国家試験合格証書の写し,3,"**【解説】** 1、2、4：免許を受けようとする者は、申請書に①**合格証書の写し又は合格証明書**、②**戸籍の謄本もしくは抄本又は住民票の写し**、③**精神の機能の障害又は麻薬、大麻若しくはあへんの中毒者であるかないかに関する医師の診断書**を添付し、厚生労働大臣に提出しなければならない［あはき法施行規則第1条の3］。①については合格した試験の施行年月、受験地及び受験番号を記載した場合には書類の添付を省略することができる。"
92,関係法規,2,第34回,問題11,,B. あん摩マッサージ指圧師、はり師、きゅう師免許に関する事務など,あはき法で、はり師、きゅう師の免許の効力が発生するのはどれか。,1. 学校または養成施設を卒業したとき,2. はり師、きゅう師国家試験に合格したとき,3. はり師、きゅう師名簿に登録されたとき,4. 施術所開設の届出が受け付けられたとき,3,"**【解説】** 3：施術者として業務を開始できるのは、免許申請書を提出し欠格事由該当性の有無の審査を経て、**施術者名簿に登録**されたときである［あはき法第3条の3］。"
93,関係法規,3,第29回,問題11,,B. あん摩マッサージ指圧師、はり師、きゅう師免許に関する事務など,あはき法で、はり師名簿、きゅう師名簿の登録事項でないのはどれか。,1. 生年月日,2. 学校または養成施設の卒業年月日,3. 試験合格の年月日,4. 登録の消除をした年月日,2,"**【解説】** 1：名簿の登録事項は①**登録番号と登録年月日**、②**本籍地都道府県名**、**氏名**、**生年月日**、**性別**、③**試験合格の年月**、④**免許取消し、業務停止について**、⑤**再交付について**、⑦**登録消除について**ある［あはき規則第2条］。3：試験合格の年月であり日は登録事項には該当しない。"
95,関係法規,4,第32回,問題13,1 あん摩マッサージ指圧師、はり師、きゅう師免許に関する資格要件,C. あん摩マッサージ指圧師、はり師、きゅう師の身分の消滅と復活,あはき法に規定される申請・届出と、その期限の組合せで正しいのはどれか。,1.国家試験合格時の免許申請 ―― 30日以内,2.氏名変更時の免許証書換え交付申請 ―― 10日以内,3.届出区域外での業務開始時の届出 ―― 10日以内,4.免許取消時の免許証返納 ―― 5日以内,4,"**【解説】** 1：免許は試験に合格した者に与えられるが免許申請に期限はない［あはき法第3条の3］。 2：免許証の記載事項（本籍地都道府県、氏名、生年月日）の変更時は免許証の書換え交付申請、免許証を破り、汚し、失ったときは免許証の再交付申請を行うが、法令上これらは任意手続きであり申請に期限はない［あはき法規則第5条の1、第6条の1］。 3：あらかじめ、業務地の都道府県知事に届け出なければならない［あはき法第9条の4］。 4：5日以内に免許証を厚生労働大臣に返納しなければならない［あはき法規則第7条第2項］。"
96,関係法規,5,第25回,問題13,1 あん摩マッサージ指圧師、はり師、きゅう師免許に関する資格要件,C. あん摩マッサージ指圧師、はり師、きゅう師の身分の消滅と復活,あん摩マッサージ指圧師、はり師、きゅう師等に関する法律で、施術者が免許の取消処分を受けたときに5日以内にしなければならないのはどれか。,1.免許証の再交付を申請する。,2.免許証を返納する。,3.施術所の廃止を届け出る。,4.名簿登録の消除を申請する。,2,"**【解説】** 1：免許証を破り、汚し、または失ったときは、免許証の再交付を申請することができる［あはき法規則第6条］。また、失った免許証を発見したときは5日以内に、厚生労働大臣に返納しなければならない［あはき法規則第6条第5項］。 2：免許を取り消されたときは、5日以内に、免許証を厚生労働大臣に返納しなければならない［あはき法規則第7条第2項］。 3：施術所を開設、廃止、休止、再開または届出事項を変更した場合は10日以内に届け出なければならない［あはき法第9条の2］。 4：名簿登録の消除の要件は、①**自らの意思**、②**死亡**、③**失踪の宣告**を受けたときである。施術者が死亡または失踪の宣告を受けたときは、届出義務者が**30日以内**に名簿の登録の消除を申請しなければならない［あはき法規則第4条第2項］。"
97,関係法規,6,第33回,問題11,1 あん摩マッサージ指圧師、はり師、きゅう師免許に関する資格要件,C. あん摩マッサージ指圧師、はり師、きゅう師の身分の消滅と復活,あはき法で、免許の取消処分を受けたときに5日以内に行わなければならないのはどれか。,1.免許証再交付の申請,2.免許証の返納,,,2,"**【解説】** 2：問題6の解説を参照。"
98,関係法規,7,第26回,問題13,1 あん摩マッサージ指圧師、はり師、きゅう師免許に関する資格要件,C. あん摩マッサージ指圧師、はり師、きゅう師の身分の消滅と復活,あん摩マッサージ指圧師、はり師、きゅう師等に関する法律で、免許証を返納しなければならないのはどれか。,1. 再交付を申請するとき,2. 書換え交付を申請するとき,3. 再免許を申請するとき,4. 名簿登録の消除を申請するとき,4,"**【解説】** 1、2：申請書に免許証および必要書類を添えて提出する［あはき法施行規則第5条・規則第6条］。3：免許を取り消された者は5日以内に免許証を厚生労働大臣に返納しなければならない［あはき法施行規則第7条第2項］。よって再免許申請時には免許証は返納済である。4：免許を返納するのは、①**名簿登録の消除を申請するとき**［あはき法施行規則第7条第1項］、②**免許を取り消されたとき**［あはき法施行規則第7条第2項］、③**免許証の再交付を受けた後に失った免許証を発見したとき**［あはき法施行規則第6条第5項］である。"
99,関係法規,8,第27回,問題13,1 あん摩マッサージ指圧師、はり師、きゅう師免許に関する資格要件,C. あん摩マッサージ指圧師、はり師、きゅう師の身分の消滅と復活,あん摩マッサージ指圧師、はり師、きゅう師等に関する法律で、免許証を返納しなければならないのはどれか。,1. 施術者が失踪宣告を受けたとき,2. 免許証の再交付を申請するとき,3. 免許証の書換え交付を申請するとき,4. 再免許を申請するとき,1,"**【解説】** 1：施術者が死亡又は失踪宣告を受けたときは、戸籍法の届出義務者は名簿の登録の消除を申請しなければならない［あはき法施行規則第4条第2項］。また、名簿の登録の消除を申請するときは、免許証を厚生労働大臣に返納しなければならない［あはき法施行規則第7条第1項］。2、3、4：問題8の解説を参照。"
100,関係法規,9,第26回,問題12,1 あん摩マッサージ指圧師、はり師、きゅう師免許に関する資格要件,C. あん摩マッサージ指圧師、はり師、きゅう師の身分の消滅と復活,あん摩マッサージ指圧師、はり師、きゅう師等に関する法律で、再免許を与えることができるのはどれか。,1. 免許取消しの事由に該当しなくなったとき,2. 免許証を紛失したとき,3. 誤って免許証を破ってしまったとき,4. 故意に免許証を汚したとき,1,"**【解説】** 1：厚生労働大臣は、免許を取り消された者がその取消しの事由に該当しなくなったときは、**再免許を与えることができる**［あはき法第9条］。2、3、4：施術者は、免許証を破り、汚し、または失ったときは、免許証の**再交付**を申請することができる［あはき法施行規則第6条］。"
101,関係法規,10,第31回,問題13,2 あん摩マッサージ指圧師、はり師、きゅう師等に関する法律（あはき法）における業務,C. あん摩マッサージ指圧師、はり師、きゅう師の施術所などに関する規制,あはき法で、施術所の住所地の都道府県知事に届け出るよう定めているのはどれか。,1. 施術所を開設したときの届出,2. 区域外に滞在して業務を行う届出,3. 専ら出張のみによる業務を開始したときの届出,,1,"**【解説】** 1、4：施術所を開設・休止・廃止・届出事項変更・休止した施術所を再開したときは10日以内に**施術所の所在地**の都道府県知事に届け出なければならない［あはき法第9条の2、3］。2：区域外に滞在して業務を行うときは、あらかじめ、業務を行う場所、施術者の氏名等を、滞在して業務を行おうとする地の都道府県知事に届け出なければならない［あはき法第9条の4］。3：専ら出張のみによる業務を開始したときは、住居地の都道府県知事に届け出なければならない［あはき法第9条の3］。"
102,関係法規,11,第34回,問題12,2 あん摩マッサージ指圧師、はり師、きゅう師等に関する法律（あはき法）における業務,C. あん摩マッサージ指圧師、はり師、きゅう師の施術所などに関する規制,あはき法で、業務開始の届出が必要なのはどれか。,1. 専ら出張のみによって業務を行う施術者,2. 自らの施術所の開設届出を済ませている施術者,3. 施術所で新たに雇われる施術者,4. 自らの施術所の施術料金の改定をした施術者,1,"**【解説】** 1：問題1の解説を参照。"
103,関係法規,12,第28回,問題15,2 あん摩マッサージ指圧師、はり師、きゅう師等に関する法律（あはき法）における業務,C. あん摩マッサージ指圧師、はり師、きゅう師の施術所などに関する規制,あん摩マッサージ指圧師、はり師、きゅう師等に関する法律（あはき法）であらかじめ届け出なければならないのはどれか。,1. 専ら出張による業務を始めるとき,2. 休止していた施術所を再開するとき,3. 届出区域外に滞在して業務を行おうとするとき,4. 施術所を廃止しようとするとき,3,"**【解説】** 1：専ら出張のみによってその業務に従事する施術者は、その旨を住所地の都道府県知事に届け出なければならない［第9条の3］。2、4：施術所を開設・届出事項変更・休止・廃止・再開した者は、その日から**10日以内**に施術所の所在地の都道府県知事にその旨を届け出なければならない［第9条の2］。3：届出区域外に滞在して業務を行おうとするときは、あらかじめ、業務を行う場所、施術者の氏名等を滞在地の都道府県知事に届け出なければならない［第9条の4］。"
104,関係法規,13,第25回,問題12,2 あん摩マッサージ指圧師、はり師、きゅう師等に関する法律（あはき法）における業務,C. あん摩マッサージ指圧師、はり師、きゅう師の施術所などに関する規制,あん摩マッサージ指圧師、はり師、きゅう師等に関する法律で、休止していた施術所を再開する際の必要な届け出の期限はどれか。,1. 再開前7日以内,2. 再開前5日以内,3. 再開後10日以内,4. 再開後30日以内,3,"**【解説】** 施術所の開設者は、施術所の開設・廃止・休止・再開・変更の日から**10日以内**にその旨を開設場所の都道府県知事に届け出なければならない［あはき法第9条の2］。"
105,関係法規,14,第30回,問題12,2 あん摩マッサージ指圧師、はり師、きゅう師等に関する法律（あはき法）における業務,C. あん摩マッサージ指圧師、はり師、きゅう師の施術所などに関する規制,あはき法における施術所の届出事項で、変更が必要でないのはどれか。,1. 出張による施術を開始した。,2. 業務に従事する施術者が変わった。,3. 施術室を広くした。,4. 開設者が変わった。,1,"**【解説】** 1：出張施術のみの場合は施術所の開設は不要費用。出張による施術を開始したときは、その旨を住所地の都道府県知事に届け出なければならない［あはき法第9条の3］。2、3：施術所の届出事項は①**開設者の氏名及び住所**②**開設の年月日**③**名称**④**開設の場所**⑤**業務の種類**⑥**業務に従事する施術者の氏名**⑦**構造設備の概要及び平面図**であり、これに変更が生じた場合は変更後10日以内に施術所の所在地の都道府県知事に届け出なければならない［あはき法第9条の2、あはき法施行規則第22条］。4：開設者の氏名が変わった場合は届出事項の変更でよいが、開設者が他者に代わった場合は、最初の開設者が廃止の届出を行い、新しい開設者が開設の届出を行う。"
106,関係法規,15,第29回,問題12,2 あん摩マッサージ指圧師、はり師、きゅう師等に関する法律（あはき法）における業務,C. あん摩マッサージ指圧師、はり師、きゅう師の施術所などに関する規制,あはき法で、施術所の構造設備について正しいのはどれか。,1. 待合室は6.6平方メートル以上でなければならない。,2. 施術室は専用でなければならない。,3. 施術室は、室面積の5分の1以上に相当する部分を外気に開放しうるものでなければならない。,4. 施術に用いる器具、手指等の消毒室を設けなければならない。,2,"**【解説】** 2：施術所の備えるべき構造設備基準は、次の通り規定されている。①**6.6平方メートル以上の専用の施術室**を有すること。②**3.3平方メートル以上の待合室**を有すること。③施術室は、**室面積の7分の1以上に相当する部分を外気に開放**し得ること。ただし、これに代わるべき適当な**換気装置**があるときはこの限りでない。④施術に用いる**器具、手指などの消毒設備**を有すること。"
107,関係法規,16,第32回,問題11,2 あん摩マッサージ指圧師、はり師、きゅう師等に関する法律（あはき法）における業務,C. あん摩マッサージ指圧師、はり師、きゅう師の施術所などに関する規制,あはき法に規定される施術所の構造設備について**誤っている**のはどれか。,1. 施術室は、室面積の8分の1に相当する部分を外気に開放しうる。,2. 施術室の隣室に器具、手指等の消毒の設備を設ける。,3. 8.8平方メートルの専用の施術室を有する。,4. 6.6平方メートルの待合室を有する。,1,"**【解説】** 1：問題6の解説を参照。"
108,関係法規,17,第33回,問題12,2 あん摩マッサージ指圧師、はり師、きゅう師等に関する法律（あはき法）における業務,C. あん摩マッサージ指圧師、はり師、きゅう師の施術所などに関する規制,あはき法で、施術所の構造設備の基準として**誤っている**のはどれか。,1. 6.6平方メートル以上の専用の施術室を有する。,2. 3.3平方メートル以上の待合室を有する。,3. 施術器具や手指などの消毒設備を有する。,4. 施術室は室面積の9分の1以上に相当する部分を外気に開放し得る。,4,"**【解説】** 4：問題6の解説を参照。"
109,関係法規,18,第27回,問題14,2 あん摩マッサージ指圧師、はり師、きゅう師等に関する法律（あはき法）における業務,C. あん摩マッサージ指圧師、はり師、きゅう師の施術所などに関する規制,あん摩マッサージ指圧師、はり師、きゅう師等に関する法律に基づいて施術所を開設した場合、適切でないのはどれか。,1. 待合室は10平方メートルとした。,2. 施術に用いる器具・手指等の消毒設備を用意した。,3. 採光、照明及び換気を充分にした。,4. 施術室の一角を待合室とした。,4,"**【解説】** 4：施術所の構造設備基準として、専用の施術室が必要である［あはき法規則第25条］。1、2、3：問題6の解説を参照。"
110,関係法規,19,第28回,問題14,2 あん摩マッサージ指圧師、はり師、きゅう師等に関する法律（あはき法）における業務,C. あん摩マッサージ指圧師、はり師、きゅう師の施術所などに関する規制,あん摩マッサージ指圧師、はり師、きゅう師等に関する法律（あはき法）で施術者もしくは施術所の開設者から必要な報告を提出させることができるのはどれか。,1. 市町村長,2. 都道府県知事,3. 地方厚生局長,4. 厚生労働大臣,2,"**【解説】** 2：都道府県知事は、施術者若しくは施術所の開設者から施術所の構造設備もしくは衛生上の措置の実施状況について報告を提出させることができる。また、当該職員にその施術所に臨検し検査させることができる［あはき法第10条第1項］。"
111,関係法規,20,第30回,問題11,2 あん摩マッサージ指圧師、はり師、きゅう師等に関する法律（あはき法）における業務,C. あん摩マッサージ指圧師、はり師、きゅう師の施術所などに関する規制,あはき法で、施術所の構造設備基準として正しいのはどれか。,1. 6.6平方メートル以上の待合室,2. 6.6平方メートル以上の施術室,3. 換気装置の設置,,3,"**【解説】** 1：待合室は3.3平方メートル以上。2：施術室は6.6平方メートル以上。3：換気装置の設置（または外気に開放し得る窓）が義務付けられている。"
112,関係法規,21,第30回,問題11,2 あん摩マッサージ指圧師、はり師、きゅう師等に関する法律（あはき法）における業務,C. あん摩マッサージ指圧師、はり師、きゅう師の施術所などに関する規制,あはき法で、都道府県知事が施術者に対し、衛生上害を生ずるおそれがあると認める業務に関して必要な指示をするとき、その指示に関して意見を述べることができるのはどれか。,1. 地方厚生局長,2. 市町村長,3. 保健所長,4. 医師の団体,4,"**【解説】** 4：医師の団体は、都道府県知事が行った施術者に対する指示に関して、都道府県知事に意見を述べることができる［あはき法第8条第2項］。"
113,関係法規,22,第33回,問題13,2 あん摩マッサージ指圧師、はり師、きゅう師等に関する法律（あはき法）における業務,C. あん摩マッサージ指圧師、はり師、きゅう師の施術所などに関する規制,あはき法で、都道府県知事は施術者に対し、衛生上害を生ずるおそれがあると認めるときは、その業務に関して必要な指示ができる。,1. 医師の団体,2. 厚生労働大臣,3. はり師、きゅう師の団体,4. 保健所長,1,"**【解説】** 問題12の解説を参照。"
114,関係法規,23,第30回,問題13,2 あん摩マッサージ指圧師、はり師、きゅう師等に関する法律（あはき法）における業務,D. 広告の制限,あはき法で、施術所について広告できるのはどれか。,1. パルス鍼,2. やいと,3. 認定鍼灸師,4. 労災保険の適用,2,"**【解説】** 2：広告できる事項は①**施術者である旨、施術者の氏名・住所**、②**業務の種類**、③**施術所の名称・電話番号・所在の場所を表示する事項**、④**施術日・施術時間**［以上、あはき法第7条第1項］、⑤**もみりょうじ、やいと、えつ**、⑦**小児鍼（はり）**、⑧**医療保険療養費支給申請ができる旨**、⑨**予約に基づく施術の実施**、⑩**休日・夜間における施術の実施**、⑪**出張による施術の実施**、⑫**駐車場整備に関する事項**［以上、厚生省告示第69号］。"
115,関係法規,24,第32回,問題12,2 あん摩マッサージ指圧師、はり師、きゅう師等に関する法律（あはき法）における業務,D. 広告の制限,あはき法で、施術所について広告できるのはどれか。,1. 美容鍼,2. 中国鍼,3. 小児鍼,4. 電気鍼,3,"**【解説】** 3：問題14の解説を参照。"
116,関係法規,25,第25回,問題14,3 罰則,A. あん摩マッサージ指圧師、はり師、きゅう師に関する罰則,あん摩マッサージ指圧師、はり師、きゅう師等に関する法律で、はり師が必要な消毒をしなかったときの罰則はどれか。,1. 1年以下の懲役,2. 50万円以下の罰金,3. 30万円以下の罰金,4. 期間を定めた業務停止,3,"**【解説】** 1：指定試験（登録）機関に関する罰則には1年以下の拘禁刑（懲役）はあるが、施術者の罰則には規定されていない。＊2025年の刑法改正により懲役刑と禁錮刑が廃止され、新たな刑として拘禁刑が創設された。2：50万円以下の罰金に処されるのは、①**無免許で施術を行った者**、②**虚偽または不正の事実に基づいて免許を受けた者**、③**秘密保持義務違反である**［あはき法第13条の7］。3：30万円以下の罰金に処されるのは、①あはき師の脱白または骨折の患部への施術禁止違反（医師の同意）、②**広告制限違反**、③**はり師の消毒義務違反**、④**厚生労働大臣または都道府県知事の施術者に対する指示違反**、⑤**業務停止命令違反**、⑥**施術所の届出義務違反又は虚偽の届出**、⑦**報告・臨検に応じる義務違反**、⑧**施術所の使用禁止・改善命令等違反**、⑨**届出医業類似行為業者の業務停止命令違反**である［あはき法第13条の8］。4：業務停止の処分を受けるのは欠格事由に該当した場合である［あはき法第9条］。"
117,関係法規,26,第27回,問題15,3 罰則,A. あん摩マッサージ指圧師、はり師、きゅう師に関する罰則,あん摩マッサージ指圧師、はり師、きゅう師等に関する法律で、業務停止を命ぜられた者がその期間中に業務を行った場合の罰則はどれか。,1. 免許取消し,2. 30万円以下の罰金,3. 50万円以下の罰金,4. 1年以下の懲役,2,"**【解説】** 問題1の解説を参照。業務停止命令違反は30万円以下の罰金。"
118,関係法規,27,第29回,問題13,3 罰則,A. あん摩マッサージ指圧師、はり師、きゅう師に関する罰則,あはき法で、30万円以下の罰金に処せられるのはどれか。,1. きゅう師が灸頭鍼を行った。,2. 虚偽の事実に基づいてきゅう師免許を取得した。,3. はり師が医師の同意を得ずに骨折の患部に鍼施術した。,4. はり師が必要な消毒をせずに鍼施術した。,4,"**【解説】** 問題1の解説を参照。"
119,関係法規,28,第34回,問題13,3 罰則,A. あん摩マッサージ指圧師、はり師、きゅう師に関する罰則,あはき法に基づいて罰金に処せられる行為はどれか。,1. 外科手術,2. 薬品投与,3. 薬品投与の指示,4. はり施術部位の消毒義務違反,4,"**【解説】** 1、2、3：医師の業務でありこれに違反すると医師法違反となり3年以下の拘禁刑もしくは100万円以下の罰金に処せられる［医師法第17条、第31条第1項］。4：問題1の解説を参照。"
120,関係法規,29,第30回,問題14,3 罰則,A. あん摩マッサージ指圧師、はり師、きゅう師に関する罰則,あはき法で定められている罰則で量刑が最も重いのはどれか。,1. はり師が消毒をせずに施術した。,2. 施術所の開設を届け出なかった。,3. 施術者が都道府県知事の指示に違反した。,4. 施術者が秘密保持義務に違反した。,4,"**【解説】** 問題1の解説を参照。4は50万円以下の罰金。1、2、3は30万円以下の罰金。"
121,関係法規,30,第31回,問題12,3 罰則,A. あん摩マッサージ指圧師、はり師、きゅう師に関する罰則,あはき法で、施術者が都道府県知事に虚偽の報告をしたときの罰則はどれか。,1. 免許の取消し,2. 1年以下の懲役,3. 50万円以下の罰金,4. 30万円以下の罰金,4,"**【解説】** 4：問題1の解説を参照。"
122,関係法規,31,第28回,問題12,4 関係法規,A. 医療関係法規,施術所の名称を考えさせるときに遵守しなければならない法律はどれか。,1. 医師法,2. 医療法,3. 保健師助産師看護師法,4. 理学療法士及び作業療法士法,2,"**【解説】** 2：医療法は医療施設及び医療提供の残に関する基本法であり、病院、診療所（医院、クリニック）、助産所の類似名称の使用制限が定められている［医療法第3条］。"
123,関係法規,32,第32回,問題14,4 関係法規,A. 医療関係法規,施術所の名称を付ける際に留意しなければならない法律はどれか。,1. 医療法,2. 医師法,3. 地域保健法,4. 健康増進法,1,"**【解説】** 1：問題1の解説を参照。"
124,関係法規,33,第26回,問題15,4 関係法規,A. 医療関係法規,助産所について定めている法律はどれか。,1. 地域保健法,2. 医師法,3. 保健師助産師看護師法,4. 医療法,4,"**【解説】** 4：医療法は、医療に関する選択の支援など、医療の安全の確保、病院、診療所および助産所の開設など・管理・監督、医療提供体制の確保、医療法人、地域医療連携推進法人について定めている。助産所の定義については、同法第2条で定められている。"
125,関係法規,34,第31回,問題14,4 関係法規,A. 医療関係法規,都道府県等に医療安全支援センターを設けるよう定めている法律はどれか。,1. 医療法,2. 健康増進法,3. 地域保健法,4. 医薬品医療機器等法,1,"**【解説】** 1：都道府県、保健所を設置する市及び特別区は、医療安全支援センターを設けるよう努めなければならない［医療法第6条の13］。"
126,関係法規,35,第33回,問題14,4 関係法規,A. 医療関係法規,法律と定義されている事項の組合せで正しいのはどれか。,1. 医療法 ―― 要介護認定区分,2. 地域保健法 ―― 助産所,3. 医薬品医療機器等法 ―― 管理医療機器,4. 生活保護法 ―― 国民健康保険,3,"**【解説】** 1：要介護認定の区分は介護保険法に定められる［法第7条第1項、第2項］。2：助産所は医療法に定められる［法第2条］。3：管理医療機器は医薬品医療機器等法（医薬品、医療機器等の品質、有効性及び安全性の確保等に関する法律）に定められる［法第2条第6項］。4：国民健康保険は国民健康保険法に定められる［法第2条］。"
127,関係法規,36,第34回,問題14,4 関係法規,A. 医療関係法規,特定健康診査について定めている法律はどれか。,1. 医療法,2. 健康増進法,3. 地域保健法,4. 高齢者の医療の確保に関する法律,4,"**【解説】** 4：特定健康診査は40歳以上75歳未満の医療保険加入者全員を対象に、メタボリックシンドローム（内臓脂肪症候群）の診断に必要な項目を検査することで、生活習慣病の予防・改善することを目的としている［高齢者の医療の確保に関する法律第20条］。"
128,関係法規,37,第27回,問題12,4 関係法規,B. 社会福祉（保険）関係の法律,生活保護法による扶助で現物給付はどれか。,1. 教育扶助,2. 住宅扶助,3. 医療扶助,4. 生活扶助,3,"**【解説】** 保護の種類は次の通りである。①生活扶助、②教育扶助、③住宅扶助、④医療扶助、⑤介護扶助、⑥出産扶助、⑦生業扶助、⑧葬祭扶助［生活保護法第11条］。保護のうち3：医療扶助と介護扶助は、原則、現物給付によって支給される。"
129,関係法規,38,第25回,問題15,4 関係法規,B. 社会福祉（保険）関係の法律,受動喫煙の防止を規定しているのはどれか。,1. 健康増進法,2. 地域保健法,3. 介護保険法,4. 高齢者の医療の確保に関する法律,1,"**【解説】** 1：健康増進法は、生活習慣病を防ぐことを含めて食生活、運動、飲酒、喫煙などの生活習慣慣改変を健康増進の概念とし、国民の栄養の改善その他の国民の健康の増進を図るための措置を講じ、もって国民健康の向上を図ることを目的としている。第25条では、公共の場での**受動喫煙の防止**を規定している。"
130,関係法規,39,第29回,問題14,4 関係法規,B. 社会福祉（保険）関係の法律,保健所の設置根拠となる法律はどれか。,1. 医療法,2. 感染症法,3. 健康増進法,4. 地域保健法,4,"**【解説】** 4：保健所は都道府県、地方自治法の指定都市、中核市、政令で定める市、特別区に設置する［法第5条］。"
131,解剖学,1,第25回,問題16,1 人体の構成,A. 細胞,膜輸送について正しいのはどれか。,1. 単純拡散では濃度勾配に逆らって物質が細胞膜を通過する。,2. 促進拡散ではATP分解で生じたエネルギーを利用する。,3. 食作用では細胞膜が物質を包み込んで細胞内に取り込む。,4. 能動輸送では担体蛋白質を介して物質が細胞に取り込まれる。,3,"**【解説】** 膜輸送には、物質の濃度差、電位差を駆動力とする受動輸送と、ATPを利用して濃度勾配や電位勾配に逆らって輸送する能動輸送がある。受動輸送はさらに単純拡散、促進拡散、ろ過、浸透の4つに分けられるが、いずれもATPは使わない。単純拡散では、親水性の物質は細胞膜中のチャネル（蛋白質からなる各物質専用の通路）を、疎水性の物質はそのまま脂質二重膜を通って細胞膜を通過する。ただし、通過できる物質は小さな分子に限られる。一方、促進拡散は輸送体を介する輸送で、単純拡散では運ぶことができない物質を輸送する。3：食作用は、細胞膜の一部が小胞を形成し、大きな物質を細胞内に取り込む輸送方式である。"
132,解剖学,2,第34回,問題23,1 人体の構成,A. 細胞,細胞間接着装置で、細胞間隙を塞いで水や分子の通過のバリアとなるのはどれか。,1. 接着帯,2. タイト結合,3. ギャップ結合,4. デスモソーム,2,"**【解説】** タイト結合は、隣接する細胞膜を密着させて物質通過のバリアとして機能する。クローディンやオクルディンを介して連結して結合を強める。接着帯はカドヘリンがカテニンを介しアクチン骨格と連結し組織形態を維持する。ギャップ結合はコネクソンを通じ小分子を移動させ、デスモソームは中間径フィラメントにより細胞間を強固に固定する。"
133,解剖学,3,第31回,問題15,1 人体の構成,A. 細胞,細胞分裂時に消失するのはどれか。,1. 核膜,2. 染色体,3. 中心体,4. ミトコンドリア,1,"**【解説】** 細胞分裂の前期で、核は染色体に変化して核膜が消失する。中期で染色体は赤道上に並ぶ。後期になると、中心体（中心小体）から伸びる紡錘糸によって両極に分かれる。終期で染色体は核に変化し、細胞質の発裂が生じる。ミトコンドリアはATPの合成を行う細胞小器官である。"
134,解剖学,4,第27回,問題16,1 人体の構成,B. 組織,血液中の白血球で最も数が多いのはどれか。,1. 好中球,2. 好酸球,3. リンパ球,4. 単球,1,"**【解説】** 白血球はその種類によって、存在する割合が異なる。正常値において最も多いのは1：好中球であり、白血球の44〜74％程度を占める。2：好酸球は10％以下、3：リンパ球が20〜60％、4：単球が12％以下である。感染などによって、白血球の分画は大きく変化する。"
135,解剖学,5,第33回,問題15,1 人体の構成,B. 組織,筋細胞について正しいのはどれか。,1. 平滑筋細胞は介在板で連結する。,2. 心筋細胞は大動脈壁に広く分布する。,3. 心筋細胞は細胞間にギャップ結合をもつ。,4. 筋小胞体には高濃度のナトリウムイオンが含まれる。,3,"**【解説】** ギャップ結合は心筋に見られ、ギャップ結合の中をイオン等が通る。隣接する心筋細胞と電気的に結合し、同期収縮を起こす。介在板はギャップ結合等を備えた心筋の接着部構造で、光学顕微鏡下で横線として観察される。大動脈壁に分布するのは平滑筋で、血圧調整に関わる。筋小胞体に含まれるのはカルシウムイオンである。"
136,解剖学,6,第26回,問題16,1 人体の構成,C. 受精と発生,人体の発生について正しいのはどれか。,1. 受精は子宮内で起こる。,2. 透明帯は受精直後に消失する。,3. 羊膜は胚盤の外胚葉と連続する。,4. 母体と胎児の血液は胎盤で混ざり合う。,3,"**【解説】** 3：羊膜は胎児を包む膜で、胎児の外胚葉と中胚葉からなる。このうち外胚葉は羊膜の内面を構成し、臍で胎児の腹壁を覆う外胚葉に連続する。1：受精は通常、卵管膨大部で行われる。透明帯は卵子を保護する糖蛋白の被膜であり、精子は透明帯を突き破って受精する。2：透明帯は受精後も維持され、胚が卵管壁に付着するのを防ぐ。胚が子宮に到達する頃、透明帯は破れて着床できるようになる。絨毛は子宮内膜に入り込む胎児側の突起で、絨毛間腔まで伸びる。ここに母体の血液が放出され、4：母体と胎児の血液は混ざり合うことなく物質交換を行う。"
137,解剖学,7,第28回,問題16,1 人体の構成,C. 受精と発生,発生について正しいのはどれか。,1. 精子と卵子は膣内で受精する。,2. 着床は桑実胚の段階で起こる。,3. 真皮は中胚葉から分化する。,4. 胎盤では母体と胎児の血液が混ざり合う。,3,"**【解説】** 皮膚のうち外皮は外胚葉から、真皮を含む中皮は中胚葉から分化する。中胚葉は真皮のほか、筋骨格、結合組織、心臓と血管、血液、腎臓、尿管、性腺などに分かれる。受精卵は分裂して2細胞期、4細胞期、8細胞期の段階を経て、桑実胚へと発達する。さらに進むと、胚盤胞をもつ胞胚となり母体に着床する。選択肢1と4の解説については問題6を参照のこと。"
138,解剖学,8,第30回,問題15,2 骨格系,B. 脊柱,頸椎について正しいのはどれか。,1. 横突孔がある。,2. 後彎している。,3. 第6頸椎は隆椎である。,4. 軸椎は後頭骨との関節面をもつ。,1,"**【解説】** 頸椎の横突起には孔があり、横突孔と呼ばれる。第1頸椎から第6頸椎の横突孔は椎骨動脈が、第7頸椎の横突孔は椎骨静脈が通る。脊柱は全体としてS字状を呈し、頸椎・腰椎・尾骨は前彎、胸椎・仙骨は後彎している。隆椎は第7頸椎を指す。後頭骨との関節面をもつのは環椎（第1頸椎）である。"
139,解剖学,9,第28回,問題17,2 骨格系,B. 脊柱,椎骨で黄色靭帯が付着するのはどれか。,1. 椎体,2. 椎弓,3. 横突起,4. 棘突起,2,"**【解説】** 脊柱では、複数の靭帯が上下の椎骨を結ぶように走行する。このうち、黄色靭帯は椎弓の後方を上下に結び、弾性繊維が豊富なため、黄色を呈する。この靭帯が椎弓とともに脊柱管の後壁を形成する。そのほかに上下に走行する靭帯として、椎体の前面を上下に結ぶ前縦靭帯、椎体の後面を下に結び脊柱管の前壁を形成する後縦靭帯がある。"
140,解剖学,10,第32回,問題15,2 骨格系,B. 脊柱,脊髄の背面側に最も近いのはどれか。,1. 黄色靭帯,2. 棘間靭帯,3. 棘上靭帯,4. 後縦靭帯,1,"**【解説】** 黄色靭帯は上下の椎弓を結ぶ靭帯で、弾性繊維を多く含むため黄色を呈する。選択肢では、黄色靭帯が脊髄の背側面にもっとも近く、脊柱管の後壁を形成する。選択肢および脊髄を腹側から背側に向かって並べると、後縦靭帯、脊髄、黄色靭帯、棘間靭帯、棘上靭帯の順となる。後縦靭帯は椎体の後面を縦走する靭帯で、脊柱管の前壁をなす。"
141,解剖学,11,第26回,問題17,2 骨格系,B. 脊柱,脊柱について正しいのはどれか。,1. 歯突起起は軸椎にある。,2. 胸椎の連結による彎曲は前彎である。,3. 仙骨角は体表から触れる。,4. 岬角は尾骨の前縁にある。,3,"**【解説】** 3：仙骨角は仙骨裂孔を左右から取り囲む隆起部で、体表から触知できる。1：歯突起起は環椎（第1頸椎）にあり、歯突起が軸椎（第2頸椎）にある。歯突起と歯突起起は、正中環軸関節を形成する。脊柱の生理的彎曲において、2：前彎は頸椎と腰椎、後彎は胸椎と仙骨にみられる。4：岬角は仙骨の上面前縁にあり、骨盤径を測定する際の起点となる。"
142,解剖学,12,第31回,問題16,2 骨格系,C. 胸郭,胸郭について正しいのはどれか。,1. 胸骨角は第2肋骨と連結する。,2. 頸骨痕は胸骨体の上縁である。,3. 仮肋は肋骨弓の構成に関与しない。,4. 大静脈脈は胸郭上口を通る。,1,"**【解説】** 胸骨角は胸骨柄と胸骨体がなす角で、第2肋軟骨が連結する。頸骨痕は胸骨柄の上縁にある。頸部と胸部の境界をなす。仮肋は肋骨弓の成に関わる。肋骨弓は第7〜第10肋骨が連結した弓状の軟骨部で、仮肋とは第8〜第12肋骨を指す。静脈系で胸郭上口を通るのは腕頭静脈で、左右の腕頭静脈が胸郭内で合流して上大静脈となる。"
143,解剖学,13,第25回,問題17,2 骨格系,D. 上肢の骨格,尺骨にあるのはどれか。,1. 肘頭窩,2. 滑車切痕,3. 尺骨切痕,4. 尺骨神経溝,2,"**【解説】** 2：滑車切痕は尺骨の近位にあり、上腕骨の滑車と向き合い、腕尺関節を作る。1：肘頭窩は肘の伸展時に尺骨の肘頭が入るくぼみで、上腕骨の遠位部にある。4：尺骨神経溝は上腕骨の遠位部にある。内側上顆の後面を縦に走る溝の構造で、その名の通り、尺骨神経が走行する。3：尺骨切痕は橈骨の遠位にあるわずかなくぼんだ関節面で、尺骨の関節環状面と下橈尺関節を形成する。"
144,解剖学,14,第29回,問題15,2 骨格系,D. 上肢の骨格,上肢の骨格について正しいのはどれか。,1. 肩甲骨上角は外側縁と上縁の間にある。,2. 上腕骨小頭は上腕骨滑車の外側にある。,3. 尺骨頭は尺骨の近位にある。,4. 舟状骨は手根骨の遠位列にある。,2,"**【解説】** 上腕骨小頭は腕橈関節を、上腕骨滑車は腕尺関節を作る。解剖学的部位では外側が橈骨のため、上腕骨小頭が外側、上腕骨滑車は内側となる。肩甲骨上角は内側縁と上縁の間にある。尺骨頭は尺骨の遠位を指し、その端に尺骨茎状突起がある。手の舟状骨は近位手根骨に属し、かつ最も橈側にある。"
145,解剖学,15,第32回,問題16,2 骨格系,E. 下肢の骨格,骨盤の分界線の構成に関与するのはどれか。,1. 岬角,2. 坐骨棘,3. 坐骨結節,4. 上前腸骨棘,1,"**【解説】** 骨盤の分界線は大骨盤と小骨盤を分ける構造であり、前方から恥骨結合上縁、恥骨上枝、弓状線を通って仙骨の岬角に至る。坐骨棘には仙棘靭帯、坐骨結節には仙結節靭帯がそれぞれ付着する。上前腸骨棘からは縫工筋や大腿筋膜張筋が起始するが、いずれも分界線の構成には関わらない。"
146,解剖学,16,第33回,問題16,2 骨格系,E. 下肢の骨格,下肢の骨について正しいのはどれか。,1. 粗線は大腿骨体の前面にある。,2. 内側顆は脛骨の遠位内側にある。,3. 腓骨頭は脛骨と腓骨の遠位端にある。,4. 小転子は大腿骨頸部基部の内側下方にある。,4,"**【解説】** 小転子は大腿骨頸部の基部の内側下方にあり、腸腰筋が停止する。粗線は大腿骨体の後面になり、大内転筋、長内転筋、大腿二頭筋短頭が起始し、大内転筋、長内転筋および恥骨筋の着位置内側にある。脛骨の遠位端は内果、腓骨の遠位端は外果、腓骨頭は近位端でない。"
147,解剖学,17,第33回,問題17,2 骨格系,F. 頭蓋骨,頂頭突起について正しいのはどれか。,1. 新生児の前頭骨は左右に分かれている。,2. 新生児の前頭骨と頭頂骨の間に小泉門がある。,3. 成人の左右の頭頂骨の間に冠状縫合がある。,4. 成人の前頭骨と頭頂骨の間にラムダ縫合がある。,1,"**【解説】** 新生児の前頭骨は左右に分かれて発生する。このため、左右の前頭骨と頭頂骨で作られる大泉門は、菱形のへこみとみられ、閉鎖時期は大泉門より早い。成人で左右の頭頂骨の間にあるのは矢状縫合であり、冠状縫合は前頭骨と頭頂骨の間、ラムダ縫合は頭頂骨と後頭骨の間にある。"
148,解剖学,18,第27回,問題17,2 骨格系,F. 頭蓋骨,後頭蓋窩にあるのはどれか。,1. 下垂体窩,2. 鞍孔,3. 斜台,4. 正円孔,3,"**【解説】** 後頭蓋窩は、内頭蓋底のうち頭頂骨の集合体よりも後方の部分を指す。主に後頭骨によって構成され、正中部では斜台が後頭蓋窩に含まれる。斜台は後頭骨と蝶形骨によってつくられる斜面で、橋と延髄の上前面が乗る。1：下垂体窩、2：鞍孔と4：正円孔はいずれも蝶形骨の一部で、中頭蓋窩に位置する。"
149,解剖学,19,第30回,問題16,3 筋系,B. 体幹の筋,横隔膜について正しいのはどれか。,1. 呼気筋である。,2. 頸神経に支配される。,3. 起始部は腱中心である。,4. 迷走神経は大動脈裂孔を通る。,2,"**【解説】** 横隔膜は胸部と腹部の間にある腱膜筋で、頸神経叢から出る横隔神経（主にC4）により支配される。このため、頸椎骨折で呼吸が停止することがある。横隔膜は収縮すると吸気としてはたらく。心は横隔膜の停止部であり、上方に向かってドーム状に盛り上がる横隔膜の中央部を指す。迷走神経は食道とともに食道裂孔を通る。"
150,解剖学,20,第34回,問題16,3. 筋系,B. 腹部の筋,腹部の筋について最も適切なのはどれか。,1. 内腹斜筋は吸気に働く。,2. 腹直筋は腰神経で支配される。,3. 腹横筋下部の筋束は精巣挙筋を形成する。,4. 外腹斜筋の停止腱膜の肥厚部が鼠径靭帯である。,4,"【解説】 鼠径靭帯は外腹斜筋の腱膜の下縁が、**上前腸骨棘**と**恥骨結節**の間で肥厚し、内方へ折り返して形成される。内腹斜筋は腹腔内圧を高め、**呼気**として作用する。腹直筋の神経支配において**肋間神経(T7〜T11)**および**下肋神経(T12)**である。**精巣挙筋**と**筋束が連続**するのは、内腹斜筋と腹横筋である。"
151,解剖学,21,第31回,問題17,3. 筋系,B. 腹部の筋,骨盤隔膜の主体をなすのはどれか。,1. 内閉鎖筋,2. 肛門挙筋,3. 深会陰横筋,4. 外肛門括約筋,2,"【解説】 骨盤隔膜は骨盤底を作る骨盤底筋群により構成され、会陰中心より後方の部分を指す。その大部分を**肛門挙筋**が占める(図1)。**外肛門括約筋**は、肛門を輪状に取り巻く**骨盤隔膜**の下で重要な役割を果たす。深会陰横筋は、骨盤隔膜の前方に位置する**尿生殖隔膜**の主体をなし、会陰中心の形成にあずかる。内閉鎖筋は閉鎖膜に起始しており、骨盤隔膜に関与しない。"
152,解剖学,22,第28回,問題18,3. 筋系,B. 腹部の筋,背部の筋で正しいのはどれか。,1. 菱形筋は肩甲骨を上内方に引く。,2. 板状筋は脊柱起立筋の一つである。,3. 後頭下筋群は大後頭神経に支配される。,4. 横突棘筋群で長さが最も短いのは多裂筋である。,1,"【解説】 菱形筋は僧帽筋の深層に位置する。第6頸椎〜第4胸椎の棘突起から起始して**肩甲骨内側面**に停止し、肩甲骨を上内方に引く。脊柱起立筋は腸肋筋、最長筋、棘筋からなる。板状筋は後頭頭の深層にあるが、脊柱起立筋には含まれない。後頭下筋群は**大後頭神経(C1の後枝)**ではなく、**後頭下神経(C1の後枝)**に支配される。横突棘筋は半棘筋、多裂筋、回旋筋に分類される。このうち最も長さが短いのは、横突起と1つ上位の棘突起を結ぶ**回旋筋**である。"
153,解剖学,23,第25回,問題19,3. 筋系,B. 腹部の筋,深背筋について正しいのはどれか。,1. 頭半棘筋は乳様突起に停止する。,2. 腸肋筋は体幹の回旋を行う。,3. 上後鋸筋は肋骨を引き下げる。,4. 板状筋は腰神経に支配される。,2,"【解説】 **2：腸肋筋**は脊柱起立筋の一部で、腸骨と肋骨を結ぶ。最長筋や棘筋と共同して、脊柱を背屈し**側屈**するほか、脊柱の**回旋運動**にかかわる。1：頭半棘筋は下部頸椎と上部胸椎の横突起から起始し、**上項線と下項線の間**に停止する。3：上後鋸筋は息の**吸気補助筋**であり、肋骨を引き上げる方向へ動く。4：板状筋は後頭部の深層に位置する筋で、**頭板状筋**と**頸板状筋**に分けられる。**頸神経**によって支配される。"
154,解剖学,24,第32回,問題17,3. 筋系,C. 上肢の筋,前腕の屈筋群について正しいのはどれか。,1. 円回内筋を橈骨神経が貫く。,2. 橈側手根屈筋は上腕骨内側上顆から起こる。,3. 長掌筋は手根管を通る。,4. 尺側手根屈筋は正中神経支配である。,2,"【解説】 橈側手根屈筋は前腕の屈筋群に属し、円回内筋や長掌筋、尺側手根屈筋、浅指屈筋などとともに、上腕骨内側上顆から起始する。円回内筋を貫くのは**正中神経**である。長掌筋は、手根管は通過せず**手掌腱膜**に停止するため、手根管は通らない。尺側手根屈筋は**尺骨神経**の支配を受ける。"
155,解剖学,25,第30回,問題17,3. 筋系,C. 上肢の筋,上肢の筋と作用の組合せで正しいのはどれか。,1. 大円筋 ——— 肩関節の外転,2. 長掌筋 ——— 橈骨手根関節の伸展,3. 浅指屈筋 ——— 遠位指節間関節の屈曲,4. 腕橈骨筋 ——— 肘関節の屈曲,4,"【解説】 腕橈骨筋の作用は**肘関節の屈曲**であり、中間位から**回内位**で力を発揮する。長掌筋は**手掌腱膜**に停止し、**橈骨手根関節を屈曲**させる。大円筋の作用は肩関節の**内旋**と**内転**であり、肩関節の外転は三角筋と棘上筋によって行われる。浅指屈筋は近位指節間関節を屈曲させる。遠位指節間関節の屈曲は**深指屈筋**の作用である。"
156,解剖学,26,第29回,問題16,3. 筋系,D. 下肢の筋,大腿の筋で大腿神経に支配されるのはどれか。,1. 大腿二頭筋,2. 薄筋,3. 半腱様筋,4. 縫工筋,4,"【解説】 **大腿神経**は、大腿前面の筋を主に支配する。縫工筋のほか、**腸腰筋**、**大腿四頭筋**や**恥骨筋**などに分布する。大腿二頭筋は長頭が**脛骨神経**、短頭が**総腓骨神経**の支配となる。薄筋は**閉鎖神経**、半腱様筋は**脛骨神経**にそれぞれ支配される。"
157,解剖学,27,第25回,問題18,3. 筋系,D. 下肢の筋,単関節筋はどれか。,1. 薄筋,2. 縫工筋,3. 大内転筋,4. 大腿直筋,3,"【解説】 **隣り合う2骨に起始と停止が存在する筋を単関節筋**と呼ぶ。このとき、起始と停止の間に介入する関節は一つのみとなる。選択肢では、3：**大内転筋**（起始：恥骨下枝、停止：大腿骨粗線内側唇）が該当する。1：薄筋、2：縫工筋、4：大腿直筋はいずれも起始が寛骨、停止が脛骨にあり、股関節と膝関節をまたぐため**二関節筋**に分類される。"
158,解剖学,28,第31回,問題18,3. 筋系,D. 下肢の筋,下腿の筋で腱が内果の後下方を通るのはどれか。,1. 長腓骨筋,2. 下腿三頭筋,3. 後脛骨筋,4. 長母指伸筋,3,"【解説】 足の屈筋支帯の下を通過する腱が内果の後下方を通る。通過するのは**後脛骨筋**、**長指屈筋**、**長母指屈筋**の3筋の腱となる。長腓骨筋腱は外果の後下方を通る。下腿三頭筋の腱はまっすぐ下方へ伸びて踵骨隆起に停止し、**踵骨腱（アキレス腱）**となる。長母指伸筋腱は足の伸筋支帯の下を通って母指の末節骨底に停止する。"
159,解剖学,29,第27回,問題19,3. 筋系,E. 頭頸部の筋,咀嚼筋について正しいのはどれか。,1. 咬筋の起始は蝶形骨である。,2. 側頭筋の停止は下顎骨筋突起である。,3. 外側翼突筋は上顎神経に支配される。,4. 内側翼突筋は下顎骨を前方に移動させる。,2,"【解説】 咀嚼筋は、咀嚼時に用いられる4つの骨格筋の総称である。2：側頭筋、4：内側翼突筋、3：外側翼突筋、1：咬筋によって構成される。このうち、側頭筋は最も大きく、起始が側頭骨、停止が下顎骨の**筋突起**である。咬筋の起始は**頬骨弓（側頭骨と頬骨）**である。咀嚼筋はいずれも下顎神経（三叉神経第3枝）の支配を受ける。内側翼突筋は下顎を持ち上げる作用を持つ。下顎を前方に移動させるのは、**外側翼突筋**である。"
160,解剖学,30,第33回,問題19,3. 筋系,E. 頭頸部の筋,頸部の筋について正しいのはどれか。,1. 前斜角筋は鎖骨に停止する。,2. 広頸筋は頸神経で支配される。,3. 前斜角筋と中斜角筋の間を腕神経叢が通る。,4. 後頭下筋群は第1頸神経の前枝で支配される。,3,"【解説】 前斜角筋、中斜角筋および第1肋骨によって作られる間隙を**斜角筋隙**と呼ぶ。この間隙を腕神経叢と鎖骨下動脈が通過する。前斜角筋は第1肋骨に停止する。広頸筋は口角から頸部前面と胸部前面上部に広がる皮筋で、**顔面神経**が支配する。後頭下筋群は**後頭下神経（第1頸神経の後枝）**の支配を受ける。"
161,解剖学,31,第29回,問題17,3. 筋系,E. 頭頸部の筋,頭頸部の筋について正しいのはどれか。,1. 上眼瞼挙筋は顔面神経支配である。,2. 外側翼突筋は下顎骨を挙上する。,3. 前斜角筋は第2肋骨に停止する。,4. 胸鎖乳突筋は大鎖骨上窩の前縁を形成する。,4,"【解説】 大鎖骨上窩（肩甲鎖骨三角）は胸鎖乳突筋、肩甲舌骨筋および鎖骨によって構成され、皮下を**鎖骨下動脈**が走行する。胸鎖乳突筋の鎖骨頭が大鎖骨上窩の前縁を形成する。上眼瞼挙筋は**動眼神経**が支配する。外側翼突筋は下顎を前方に移動させる。前斜角筋は**第1肋骨**に停止する。"
162,解剖学,32,第29回,問題18,4. 循環器系,B. 心臓,心臓について正しいのはどれか。,1. 大動脈口は肺動脈口の前方にある。,2. 腱索は半月弁に付着する。,3. 洞房結節は右心房壁にある。,4. 後室間枝は左冠状動脈の枝である。,3,"【解説】 洞房結節は右心房（上大静脈開口部付近）の壁に位置し、規則正しく脱分極して**心房**を収縮させる。冠状溝で心臓を切断すると、肺動脈口は前方、大動脈口はほぼ中央に位置する。腱索は左右の**房室弁**に付着し、半月弁には付着しない。後室間枝は右冠状動脈の枝であり、**後室間溝**の上を走る。"
163,解剖学,33,第32回,問題18,4. 循環器系,B. 心臓,心臓について正しいのはどれか。,1. 右冠状動脈は心臓の前面に分布する。,2. 心尖は第4肋間の高さに位置する。,3. 動脈弁は腱索で乳頭筋とつながる。,4. 冠状静脈洞は右心房に注ぐ。,4,"【解説】 心臓の栄養血管は冠状動脈である。その静脈血は冠状静脈洞に集まり、上大静脈や下大静脈とともに**右心房**に注ぐ。右冠状動脈は心臓の後面を中心に栄養する。心臓の前面に分布する主な枝として、左冠状動脈の前室間枝がある。心尖は**左第5肋間**の高さに位置する。動脈弁は半月弁とも呼ばれ、心室と動脈の間にある。腱索で乳頭筋とつながるのは房室弁である。腱索は、弁尖が反転するのを防ぐ。"
164,解剖学,34,第33回,問題20,4. 循環器系,B. 心臓,心臓について正しいのはどれか。,1. 前縦隔に位置する。,2. 右房室弁を僧帽弁と呼ぶ。,3. 肺動脈弁は大動脈弁の前方にある。,4. 洞房結節は下大静脈の開口部付近にある。,3,"【解説】 心臓の弁において、大動脈弁は中央、肺動脈弁がその前方に位置する。心臓は中縦隔に位置する。解剖学的な前縦隔は上縦隔の尾側と心臓より前方の部分を指し、胸腺などが存在する。僧帽弁は左房室弁で、右房室弁は**三尖弁**と呼ばれる。洞房結節は右心房（**上大静脈**の開口部付近）にある。"
165,解剖学,35,第26回,問題19,4. 循環器系,B. 心臓,心臓について正しいのはどれか。,1. 心臓は後縦隔に位置する。,2. 心外膜は胸膜の壁側板である。,3. 房室結節は心房を収縮させる。,4. 大心静脈は冠状溝を走行する。,4,"【解説】 4：大心静脈は心尖部付近から始まる静脈で、前室間溝を上行した後に冠状溝を走行する。冠状溝に沿って心臓の左縁を回り、**冠状静脈洞**に注ぐ。1：心臓は縦隔中部に位置する。後縦隔は心膜より後方の部分を指し、胸大動脈、胸管、食道、奇静脈、迷走神経などが走行する。2：心外膜は心筋の外面を覆う膜であり、**漿膜性心膜の臓側板**に当たる。3：房室結節は、洞房結節の興奮を心室に伝える心筋線維である。心房は**洞房結節**の興奮によって収縮する。"
166,解剖学,36,第30回,問題18,4. 循環器系,C. 動脈系,外頸動脈の枝はどれか。,1. 眼動脈,2. 椎骨動脈,3. 顎動脈,4. 下甲状腺動脈,3,"【解説】 外頸動脈は頸動脈三角で総頸動脈から分かれ、頭頸部を栄養する8本の枝を出す。顎動脈は外頸動脈の大きな枝で、上顎や下顎など顔面に幅広く分布する。眼動脈は**内頸動脈**の枝で、眼窩を中心に分布する。椎骨動脈は**鎖骨下動脈**の枝で、横突孔を通って脳に至る。下甲状腺動脈も鎖骨下動脈の枝で、甲状腺の下部と後部を栄養する。"
167,解剖学,37,第28回,問題19,4. 循環器系,C. 動脈系,内腸骨動脈の枝はどれか。,1. 上直腸動脈,2. 上殿動脈,3. 内側大腿回旋動脈,4. 卵巣動脈,2,"【解説】 上殿動脈は**内腸骨動脈**から分かれる大きな動脈枝で、上殿神経とともに**梨状筋上孔**を通って殿部に至る。中殿筋や大殿筋の一部を栄養する。上直腸動脈は下月経膜動脈の終枝で、小骨盤の中を直腸に向かって走行し、内肛門括約筋まで達する。内側大腿回旋動脈は、外側大腿回旋動脈とともに大腿深動脈より分かれる。内転筋群の上方を大腿骨頸にそって進んで転子窩に至り、大腿外旋筋群や内転筋群等を栄養する。卵巣動脈は腹大動脈から分岐する。"
168,解剖学,38,第34回,問題17,4. 循環器系,C. 動脈系,内転筋管を通過するのはどれか。,1. 膝窩動脈,2. 大腿動脈,3. 大腿深動脈,4. 閉鎖動脈,2,"【解説】 内転筋管（ハンター管）は大腿中央1/3に位置する通路で、縫工筋、内側広筋、**大内転筋**および長内転筋が構成する。トンネル状の構造の中を大腿動脈、大腿静脈、伏在神経が通過する。大腿動脈は内転筋管の通過後、内転筋腱裂孔を抜けて**膝窩動脈**へと名称を変える。閉鎖動脈は**閉鎖管**を通過し、大腿内転筋群や大腿骨頭に分布する。"
169,解剖学,39,第25回,問題20,4. 循環器系,C. 動脈系,下肢の動脈と伴行する神経の組合せで正しいのはどれか。,1. 大腿動脈 ——— 閉鎖神経,2. 膝窩動脈 ——— 伏在神経,3. 腓骨動脈 ——— 脛骨神経,4. 足背動脈 ——— 深腓骨神経,4,"【解説】 4：足背動脈は**前脛骨動脈**の枝で、舟状骨と楔状骨の部分で体表から脈拍を触知できる。この部分で深腓骨神経と伴行する。深腓骨神経は総腓骨神経の枝で、下腿前部の深部を下行し、前脛骨筋や長伸筋などを支配する。その後、皮枝となって、母指と第2指の皮膚に分布する。1：大腿動脈は大腿三角で**大腿神経**と伴行し、内転筋管へ向かう。一方、閉鎖神経は閉鎖管を通る。2：膝窩動脈は、膝窩の中で**脛骨神経**と伴行する。伏在神経は大腿神経の皮枝で、内転筋管に向かった後に表層に出て、下腿内側と足部内側の皮膚に分布する。3：腓骨動脈は後脛骨動脈の枝で、腓骨の内側縁に向かって走行する。下腿では、**後脛骨動脈**が脛骨神経と伴行する。"
170,解剖学,40,第27回,問題20,4. 循環器系,D. 静脈系,肺静脈について正しいのはどれか。,1. 弁がある。,2. 右肺門では2本みられる。,3. 組織学的には弾性血管に分類される。,4. 左心房に流入する前にすべてが合流する。,2,"【解説】 肺静脈が肺門を通過する際、両肺とも2本の肺静脈にまとまる。よって、肺門でみられる肺静脈は左右とも2本ずつとなる。1：末梢の静脈は弁を持つが、肺静脈を含む大静脈には弁はみられない。3：弾性血管は中膜に弾性繊維を多く含む血管で、心臓に近い大きな動脈でみられる。4：左心房には、左右の肺からそれぞれ2本ずつ（計4本）の肺静脈がそれぞれ開口する。"
171,解剖学,41,第31回,問題19,4. 循環器系,D. 静脈系,上大静脈に直接注ぐのはどれか。,1. 奇静脈,2. 椎骨静脈,3. 内頸静脈,4. 肋間静脈,1,"【解説】 奇静脈は、肋間静脈や腰静脈、食道静脈や気管支静脈の血液を集め、第3胸椎の高さで**上大静脈**に注ぐ。内頸静脈は、鎖骨下静脈と合して**腕頭静脈**となり、さらに左右が合して上大静脈を作る。椎骨静脈は、**腕頭静脈**に注ぐ。"
172,解剖学,42,第26回,問題20,4. 循環器系,D. 静脈系,静脈について正しいのはどれか。,1. 奇静脈は腹頸静脈に注ぐ。,2. 内胸静脈は上大静脈に注ぐ。,3. 外陰部静脈は大腿静脈に注ぐ。,4. 橈側皮静脈は上腕静脈に注ぐ。,3,"【解説】 3：外陰部静脈は下腹部や外陰部の血液を集める皮静脈で、**伏在裂孔**を通って大腿静脈に注ぐ。1：奇静脈は脊柱の右側を上行する静脈で、右腰静脈や右肋間静脈のほか食道静脈や気管支静脈の血液を集め、**上大静脈**に注ぐ。2：内胸静脈は皮静脈の血液を集め、腕頭静脈へ注ぐ。4：橈側皮静脈は上腕二頭筋の橈側を走り、鎖骨胸筋三角から**腋窩静脈**に合流する。"
173,解剖学,43,第30回,問題19,4. 循環器系,D. 静脈系,静脈について正しいのはどれか。,1. 奇静脈は腕頭静脈に注ぐ。,2. 大伏在静脈は大腿静脈に注ぐ。,3. 尺側皮静脈は鎖骨胸筋三角を通る。,4. 肝静脈は肝門を通る。,2,"【解説】 大伏在静脈は下肢の皮静脈の血液を集め、伏在裂孔を通って大腿静脈に注ぐ。奇静脈は脊柱の右側を上行して肋間静脈などの血液を集め、**上大静脈**に注ぐ。尺側皮静脈は上腕の内側で**腋窩静脈**に注ぐ。鎖骨胸筋三角を通るのは橈側皮静脈である。肝静脈は無漿膜野から出て**下大静脈**に注ぐ。肝門を通過する血管は、門脈と固有肝動脈である。"
174,解剖学,44,第28回,問題20,4. 循環器系,E. 胎児循環,胎児循環で酸素を最も多く含む血液が流れているのはどれか。,1. 臍静脈,2. 下大静脈,3. 上行大動脈,4. 臍動脈,1,"【解説】 胎児は呼吸ができない。このため胎児は母体でガス交換を行う。よって母体から戻る血液、すなわち**臍静脈**が最も酸素を多く含むことになる。臍静脈は静脈管（アランシウス管）を通って**下大静脈**に流入する。その後、右心房、卵円孔、左心房の順に流れ、左心室から体循環へと進む。体循環のうち、内腸骨動脈に至った静脈血の一部が臍動脈を通って母体に送られる。"
175,解剖学,45,第27回,問題21,5. 呼吸器系,A. 鼻腔・副鼻腔,鼻腔について正しいのはどれか。,1. キーゼルバッハ部位は上鼻道にある。,2. 嗅上皮は中鼻道にある。,3. 鼻涙管は下鼻道に開口する。,4. 鼻粘膜は重層扁平上皮からなる。,3,"【解説】 1：キーゼルバッハ部位は鼻中隔の前下端部で、鼻出血の好発部位である。2：嗅上皮は鼻腔上壁（上鼻道の天井）にあり、臭気を受容する**嗅細胞**が集まる。4：鼻粘膜は**多列円柱上皮**からなり、この上皮は繊毛を持つ。吸気時に取り込んだ空気中の小さな異物を、繊毛によって体外に排出する役割を担う。"
176,解剖学,46,第31回,問題20,5. 呼吸器系,A. 鼻腔・副鼻腔,鼻腔について正しいのはどれか。,1. キーゼルバッハ部位は鼻中隔の前端部にある。,2. 嗅上皮は鼻前庭にある。,3. 上顎洞は下鼻道と交通する。,4. 鼻涙管は中鼻道に開口する。,1,"【解説】 **キーゼルバッハ部位**は鼻出血の好発部位とされる静脈が集まった部分で、鼻中隔前端の下部（外鼻孔から約1〜1.5cm）にある。**鼻前庭**は外鼻孔近傍の鼻腔で、皮膚が覆う部分を指す。この部位では鼻毛が生じる。一方、嗅上皮は鼻腔の天井に位置する。上顎洞は中鼻道と交通する。鼻涙管は下鼻道に開口する。"
177,解剖学,47,第29回,問題19,5. 呼吸器系,D. 肺,肺門を通るのはどれか。,1. 横隔神経,2. 気管,3. 気管支動脈,4. 胸管,3,"【解説】 肺門を通る主な構造は、気管支、肺動脈、肺静脈、**気管支動脈**・神経である。このうち気管支動脈は肺の栄養血管として分布する。横隔神経は横隔膜に分布する。気管は第4〜第5胸椎の高さで左右の気管支に分かれた後、肺門に向かう。胸管は脊柱にそって上行し、左鎖骨下静脈と内頸静脈の合する部分（**左静脈角**）から静脈に注ぐ。"
178,解剖学,48,第26回,問題21,6. 消化器系,B. 口腔,固有口腔に存在するのはどれか。,1. 口唇,2. 耳下腺,3. 歯肉,4. 舌骨,3,"【解説】 固有口腔は口腔において、歯列の後方の腔となる。ここに存在するのは、3：歯肉である。歯肉は歯根を囲む口腔粘膜の一部であり、歯列の前方にも後方にも存在するため、この選択肢が正解となる。1：口唇は消化管の始まりであり、口唇と歯列の間（歯列よりも前方）が口腔前庭となる。2：耳下腺は耳介の前方周囲にある漿液性の唾液腺で、導管が**口腔前庭**に開く。4：舌骨は下顎と咽頭の間に位置するU字型の骨で、舌根を支持する役割を持つ。"
179,解剖学,49,第28回,問題21,6. 消化器系,B. 口腔,舌の分界溝前に一列に並ぶのはどれか。,1. 糸状乳頭,2. 茸状乳頭,3. 有郭乳頭,4. 葉状乳頭,3,"【解説】 有郭乳頭は分界溝の前方にある乳頭で、分界溝に沿って逆V字形状に並ぶ。茸状乳頭は舌背全面に分布する。葉状乳頭は、舌縁の後部で前後方向に数条のヒダを形成する。有郭乳頭、茸状乳頭と葉状乳頭はそれぞれ**味蕾**を有する。一方、糸状乳頭は舌背全体に密生する小さな乳頭である。表層の上皮は角化し、味蕾を持たない。"
180,解剖学,50,第32回,問題19,6. 消化器系,B. 口腔,口腔内の構造について正しいのはどれか。,1. 軟口蓋は平滑筋からなる。,2. 内舌筋は舌下神経に支配される。,3. 舌扁桃は口蓋垂の両側に位置する。,4. 耳下腺管は口腔前庭の頬粘膜に開口する。,4,"【解説】 耳下腺管は、上顎の**口腔前庭**（第2大臼歯の向かい側の頬粘膜）に開口する。軟口蓋は骨格筋で作られる。嚥下の際に咽頭後壁に向かって動き、飲食物が鼻腔に逆流するのを防ぐ。内舌筋と外舌筋は、ともに**舌下神経**により支配される。舌扁桃は舌根部に位置する。口蓋垂の両側に位置するのは、口腔側壁にある口蓋扁桃となる。"
181,解剖学,51,第27回,問題22,6. 消化器系,D. 食道,食道について正しいのはどれか。,1. 第3頸椎の高さで始まる。,2. 気管分岐部の高さで狭窄している。,3. 気管の前を通る。,4. 成人では長さ約15cmである。,2,"【解説】 食道には生理的狭窄部が3カ所ある。輪状軟骨部、気管分岐部、噴門部である。それぞれの構造によって、管状を呈する食道は圧迫され、生理的に狭窄する。食道は気管と同じ高さから始まり、1：その高位は第6頸椎に相当する。3：食道は気管の**後方**を通る。4：成人における食道の長さは約25〜30cmである。一方、気管は約10cmの長さであり、2：気管の終端である気管分岐部で食道が狭窄される。"
182,解剖学,52,第30回,問題20,6. 消化器系,D. 食道,食道について正しいのはどれか。,1. 縦隔を通る。,2. 第3頸椎の高さで始まる。,3. 食道下部の筋層は横紋筋である。,4. 粘膜上皮は多列繊毛上皮からなる。,1,"【解説】 食道は咽頭および気管の後方を走行する。胸腔に入ると縦隔後部を下行して、食道裂孔を貫き噴門に至る。食道は第6頸椎の高さから始まる。食道の筋層は上部と下部で異なる。上部は横紋筋、中部は横紋筋と平滑筋、下部は平滑筋で構成される。食道の粘膜上皮は、物理的な刺激に強い**重層扁平上皮**でつくられる。"
183,解剖学,53,第31回,問題21,6. 消化器系,E. 胃,胃について正しいのはどれか。,1. 胃底部で幽門につながる。,2. 幽門では括約筋が発達している。,3. 主細胞から塩酸が分泌される。,4. 大湾に小網が付着する。,2,"【解説】 幽門では括約筋が発達し、**幽門括約筋**を形成する。十二指腸で分泌される胆汁や膵液の逆流を防ぐ。幽門に連なるのは胃前庭である。胃底は胃上部の丸い膨らみを指す。塩酸は**壁細胞（傍細胞）**から分泌される。主細胞はペプシノーゲンを分泌する。胃の大湾には大網が、小湾には小網が付着する。"
184,解剖学,54,第29回,問題20,6. 消化器系,F. 小腸,小腸について正しいのはどれか。,1. 上皮は内胚葉から分化する。,2. 半月ヒダがある。,3. 十二指腸空腸曲は腰椎の右にある。,4. 回腸には腸間膜がない。,1,"【解説】 小腸に限らず、消化管の上皮は内胚葉で作られる。半月ヒダは大腸に見られ、小腸では**輪状ヒダ**が見られる。十二指腸空腸曲（トライツ靭帯）により第2腰椎の左側に固定される。空腸と回腸はともに腸間膜を持ち、腸間膜の中を走行する血管が腸管を栄養する。"
185,解剖学,55,第32回,問題20,6. 消化器系,G. 大腸,上行結腸にあるのはどれか。,1. 腸間膜,2. 腸絨毛,3. 腹膜垂,4. パイエル板,3,"【解説】 腹膜垂は漿膜に包まれた脂肪塊で、結腸壁の外面にみられる。横行結腸で発達するが、上行結腸でも観察される。結腸で腸間膜を有するものは**横行結腸**とS状結腸であり、上行結腸は腸間膜をもたない。腸絨毛は小腸粘膜の表面にある無数の小突起で、空腸で発達する。パイエル板は、リンパ小節が集合したもので長径4cm程度の大きさを呈し、**回腸下部**にみられる。"
186,解剖学,56,第27回,問題23,6. 消化器系,H. 肝臓,肝臓について正しいのはどれか。,1. 実質はグリソン鞘により肝小葉に分けられる。,2. 肝鎌状靭帯は方形葉と尾状葉の間にある。,3. 右葉よりも左葉の方が大きい。,4. 肝静脈は肝門を通る。,1,"【解説】 1：肝実質では、肝小葉が多数観察される。肝小葉は大きさ約1mmの6角柱状を呈し、**グリソン鞘**は肝小葉の周囲を取り巻く。2：肝鎌状靭帯は肝臓を解剖学的に分ける間膜で、左葉と右葉・方形葉を分ける。3：肝葉では、**右葉**が最も大きい。4：肝静脈は肝臓の後縁から出る太い静脈で、肝臓を出るとすぐに下大静脈に入る。肝臓の下面に位置する肝門は通過しない。"
187,解剖学,57,第30回,問題21,6. 消化器系,J. 膵臓,膵臓について正しいのはどれか。,1. 膵頭部は脾臓に接する。,2. 腹膜で全体が覆われる。,3. 膵管は十二指腸に開口する。,4. ランゲルハンス島は膵頭部に多い。,3,"【解説】 膵管は総胆管とともに十二指腸の下行部に開口する。開口部が大十二指腸乳頭（ファーター乳頭）であり、開口部周囲を**オディ括約筋**が取り巻く。膵頭部が接するのは十二指腸で、膵尾には脾臓が接する。膵臓は**腹膜後器官**であり、腹膜には覆われない。内分泌を行うランゲルハンス島は膵尾に多く分布する。"
188,解剖学,58,第25回,問題21,6. 消化器系,K. 腹膜,腹膜後器官はどれか。,1. S状結腸,2. 回腸,3. 肝臓,4. 膵臓,4,"【解説】 腹膜は、腹腔内臓器の一部を覆う2層性の漿膜である。腹部臓器の一部は腹膜によって作られる**腸間膜**を持つため、可動性を有する。腸間膜を持つ2：回腸と空腸、小網を持つ3：肝臓、小網と大網を持つ胃などが、腸間膜を持つ臓器の代表例で、横行結腸や1：S状結腸も腸間膜を有する。**腹膜後器官**は腹膜の後方に存在する器官であり、後腹壁に固定されるため可動性に乏しい。腹膜後器官の代表例として、4：膵臓のほか、十二指腸、腎臓と副腎、尿管などがある。"
189,解剖学,59,第29回,問題21,7. 泌尿器系,A. 腎臓,腎臓について正しいのはどれか。,1. 腎小体は髄質に散在する。,2. 腎柱の先端を腎乳頭という。,3. 集合管はネフロンを構成する。,4. 足細胞は糸球体表面を取り囲んでいる。,4,"【解説】 足細胞は糸球体の上皮細胞である。糸球体の表面に独特の突起を伸ばして、血漿タンパクや赤血球が原尿に漏れ出るのを防ぐ。腎小体は**皮質**でのみ観察される。腎乳頭は**腎錐体**の先端に開口する。集合管はネフロンに含まない。ネフロンは腎小体と尿細管から構成される。"
190,解剖学,60,第25回,問題22,7. 泌尿器系,B. 尿路,膀胱について正しいのはどれか。,1. 坐骨の後方にある。,2. 全体が腹膜で覆われる。,3. 膀胱頂に尿管が開口する。,4. 骨盤内臓神経が分布する。,4,"【解説】 4：第2〜第4仙骨神経には、側角から出た副交感性の節前繊維が混じる。このニューロンが**骨盤内臓神経**となり、直腸や膀胱、生殖器などに分布し、排尿や生殖の自律神経支配を行う。1：解剖学的肢位において、坐骨の後方（背側）にあるのは臀筋群である。膀胱は恥骨の後方に位置する。2：膀胱と腹膜の関係において、腹膜は膀胱の上面のみを覆う。腹膜は膀胱と後方にある臓器との間で反転し、男性では**膀胱直腸窩**、女性では**膀胱子宮窩**を作る。3：膀胱頂（膀胱尖）は膀胱の前部にあって、三角錐のような形状をした膀胱の頂点に相当する。尿管が開口するのは膀胱の後部で、内尿道口と左右の尿管口で**膀胱三角**を形成する。"
191,解剖学,61,第26回,問題22,7. 泌尿器系,B. 尿路,男性尿道の隔膜部に最も近いのはどれか。,1. 精巣,2. 肛門,3. 尿道球腺,4. 膀胱,3,"【解説】 3：尿道球腺（カウパー腺）は左右で対をなす性腺で、導管は**尿道**に開く。男性尿道の隔膜部（尿生殖隔膜）のなかに存在し、大きさは大豆大である。性的興奮時にアルカリ性の粘液を分泌し、酸性の尿道内を中和すると同時に、性的興奮時に亀頭の先端を濡らす役目を持つ。"
192,解剖学,62,第28回,問題22,8. 生殖器系,A. 男性生殖器,精巣で男性ホルモンを分泌するのはどれか。,1. 精祖細胞,2. 精母細胞,3. セルトリ細胞,4. ライディッヒ細胞（間細胞）,4,"【解説】 精巣で男性ホルモンを分泌するのは、**ライディッヒ細胞**である。この細胞は、精細管の間質を構成し、下垂体から放出される黄体形成ホルモン（LH）の刺激によってテストステロン等の男性ホルモンを分泌する。精祖細胞や精母細胞はいずれも精子発生細胞で、成熟すると精子となる。セルトリ細胞は精子発生細胞を支持栄養する役割を担う。いずれも精細管の内部にあり、男性ホルモンを分泌しない。"
193,解剖学,63,第25回,問題23,8. 生殖器系,A. 男性生殖器,男性生殖器とその位置の組合せで正しいのはどれか。,1. 精巣上体 ——— 陰嚢,2. 精管 ——— 大腿輪,3. 尿道球腺 ——— 骨盤隔膜,4. 射精管 ——— 尿道球,1,"【解説】 1：精巣上体は精巣の上部に付着し、精巣と同じく**陰嚢**に納まる。内部は細い管の集合体で、精子を貯蔵し受精能の獲得にかかわる。2：精管は**鼠径管**を通り、鼠径靭帯の上方を通って腹腔に至る。大腿輪は大腿管の入り口にあたり、鼠径靭帯の下方で大腿静脈の内側に位置する。3：骨盤下部にある会陰は、前方の尿生殖三角（恥骨結合と左右の坐骨結節を結ぶ三角）と後方の肛門三角に分けられる。このうち尿生殖三角は尿生殖隔膜（深会陰横筋と尿道括約筋でできる）と骨盤隔膜（肛門挙筋と尾骨筋からなる）の2つの隔膜によって覆われる。尿道球腺は**尿生殖隔膜**に位置する。4：射精管は精管の終端部を指す。精嚢腺と合流した後に前立腺を貫き、前立腺内部を走行する尿道に開く。尿道海綿体の後端は丸く膨らみ、尿道球を形成する。"
194,解剖学,64,第27回,問題24,8. 生殖器系,A. 男性生殖器,男性生殖器について正しいのはどれか。,1. セルトリ細胞は男性ホルモンを分泌する。,2. 射精管は陰茎を貫いている。,3. 精子は精嚢に蓄えられる。,4. 精巣上体は陰嚢内にある。,4,"【解説】 4：精巣上体は精巣の上部に付着しており、陰嚢の内部に納まる。精子を蓄え、成熟させる。2：射精管は精管の終端で、**前立腺**を貫く。1：セルトリ細胞は精細管の内部にある大型の細胞で、精子形成細胞を支持・栄養する。精巣において男性ホルモンを分泌するのは、**ライディッヒ細胞（間細胞）**である。2：陰茎を貫くのは尿道である。3：精嚢は精液の一部を分泌する腺である。"
195,解剖学,65,第34回,問題18,8. 生殖器系,A. 男性生殖器,男性生殖器について正しいのはどれか。,1. ライディッヒ細胞は男性ホルモンを分泌する。,2. 左右の精管が合流して射精管になる。,3. 前立腺は膀胱の後面に位置する。,4. 尿道球腺は骨盤隔膜内に位置する。,1,"【解説】 ライディッヒ細胞（間細胞）は精巣の間質に存在し、**テストステロン**を分泌する。射精管は精管と精嚢の導管が合流して形成されるが、左右の精管は合流することなく尿道に開口する。前立腺は膀胱下面に位置する。尿道球腺は、深会陰横筋と尿道括約筋で作られる**尿生殖隔膜**の中に位置する。骨盤隔膜は肛門挙筋と尾骨筋が形成する。"
196,解剖学,66,第33回,問題18,8. 生殖器系,B. 女性生殖器,卵巣について正しいのはどれか。,1. 卵巣内で受精が行われる。,2. 卵巣動脈は内腸骨動脈の枝である。,3. 固有卵巣索を卵巣動静脈が走行する。,4. 卵巣は卵巣提索によって骨盤側壁に固定される。,4,"【解説】 卵巣提索は卵巣を骨盤の内側壁に固定する靭帯で、子宮広間膜の一部となり卵巣動静脈を通す。固有卵巣索も卵巣を固定するが、子宮底の外側と卵巣の子宮端を結ぶ構造であり、卵巣動静脈は通らない。受精は通常、**卵管膨大部**で行われる。卵巣動脈は**腹大動脈**から分岐する。"
197,解剖学,67,第28回,問題23,9. 内分泌系,A. 下垂体,下垂体について正しいのはどれか。,1. 前葉の働きは視床下部の支配を受ける。,2. 後葉は乳腺刺激ホルモンを分泌する。,3. 神経性下垂体では下垂体門脈系が形成される。,4. 腺性下垂体は胎生期に神経管から独立してできる。,1,"【解説】 視床下部は自律神経系の中枢で、体温や性行動、摂食や飲水、内分泌等を調節する。下垂体前葉の内分泌も視床下部の調節のもとで機能する。乳腺刺激ホルモン（プロラクチン、PRL）は**下垂体前葉**から放出される。"
198,解剖学,68,第33回,問題21,9. 内分泌系,C. 甲状腺,甲状腺について正しいのはどれか。,1. 前面に上皮小体がある。,2. 組織内に多数の濾胞がある。,3. 喉頭と気管の移行部四周を囲む。,4. 上甲状腺動脈は鎖骨下動脈の枝である。,2,"【解説】 甲状腺は組織内に多数の濾胞が観察され、濾胞細胞は**サイロキシン**やトリヨードサイロニンを分泌する。上皮小体は甲状腺の破面にあり、**パラソルモン**を分泌する。甲状腺は喉頭と気管の移行部の前面と側面を囲むが、後面は覆わない。上甲状腺動脈は**外頸動脈**の枝で、下甲状腺動脈が鎖骨下動脈の枝である。"
199,解剖学,69,第25回,問題24,9. 内分泌系,C. 甲状腺,甲状腺について正しいのはどれか。,1. 中胚葉由来である。,2. 上甲状腺動脈は外頸動脈の枝である。,3. 下甲状腺静脈は鎖骨下静脈に流入する。,4. 傍濾胞細胞から出るホルモンは血中カルシウム濃度を上げる。,2,"【解説】 2：甲状腺は異なる2つの動脈により、血流が供給される。一つは**上甲状腺動脈**であり、外頸動脈の枝である。もう一つは**下甲状腺動脈**で、鎖骨下動脈の枝である。1：甲状腺は上皮小体や胸腺とともに、**内胚葉**に由来する内分泌器官である。3：甲状腺から出る3本の静脈のうち、左右の上甲状腺静脈と中甲状腺静脈は**内頸静脈**に、下甲状腺静脈は**腕頭静脈**に注ぐ。4：傍濾胞細胞はカルシトニンを分泌する。カルシトニンは骨吸収を抑制し、血中カルシウム濃度を低下させる。"
200,解剖学,70,第34回,問題19,9. 内分泌系,,ランゲルハンス島について正しいのはどれか。,1. 膵頭部に多い。,2. 濾胞を形成する。,3. α細胞は80%を占める。,4. β細胞はインスリンを分泌する。,4,"【解説】 β細胞（B細胞）はランゲルハンス島の70〜80%を占める細胞で、インスリンを分泌する。ランゲルハンス島は**膵尾部**に多く存在し、内分泌細胞が塊状に集まって形成される。濾胞は甲状腺で見られる。α細胞（A細胞）は**グルカゴン**を分泌する細胞であり、その割合は約15〜20%である。"
201,解剖学,71,第28回,問題24,10. 神経系,B. 中枢神経系,成人の脊髄円錐の高さはどれか。,1. 第11胸椎,2. 第2腰椎,3. 第4腰椎,4. 仙骨,2,"【解説】 脊髄の下端は円錐状を呈する。このため、脊髄の終端を**脊髄円錐**と呼ぶ。その高さは第1腰椎から第2腰椎に相当する。脊髄の成長が脊柱よりも早い時期に止まるため、身体の成長に伴って脊椎と脊髄の高さにずれが生じる。脊髄円錐よりも下方では**馬尾**を形成する。"
202,解剖学,72,第29回,問題22,10. 神経系,B. 中枢神経系,脳の部位と存在するものとの組合せで正しいのはどれか。,1. 大脳頭頂葉 ——— 運動野,2. 間脳 ——— 被蓋,3. 中脳 ——— 内側膝状体,4. 小脳 ——— 虫部,4,"【解説】 小脳は中央部の虫部と左右に発達する半球に分けられる。虫部は主に体幹部の**平衡感覚**を司り、障害されると起立歩行のふらつきが出現する。一方、半球は協調運動を制御して運動の巧緻性を高めている。運動野は大脳の**前頭葉**に位置する。被蓋は中脳や橋で見られるが、間脳を指す語ではない。内側膝状体は**間脳**にある。"
203,解剖学,73,第33回,問題22,10. 神経系,B. 中枢神経系,交差連合繊維はどれか。,1. 視交叉,2. 大脳脚,3. 内包,4. 脳梁,4,"【解説】 大脳白質は大脳を構成するニューロンの軸索によって作られ、神経繊維の走行方向によって、連合繊維、交差連合繊維、投射繊維の別がある。交差連合繊維は左右の同じ皮質部位を結び、脳梁が交差連合繊維によって構成される。視交叉、大脳脚、内包はいずれも**投射繊維**が走行する。"
204,解剖学,74,第26回,問題23,10. 神経系,B. 中枢神経系,脳室について正しいのはどれか。,1. 室間孔は左右の側脳室をつなぐ。,2. 第3脳室は左右の間脳の間にある。,3. 中脳水道には脈絡叢がある。,4. 第4脳室は硬膜下腔に開口する。,2,"【解説】 2：第3脳室は左右の間脳の間にある洞隙状の脳室で、前後と上下に広がっているが、左右の幅は極めて狭い。1：室間孔は**側脳室**と**第3脳室**を結ぶ。脈絡叢は脳脊髄液を生産する器官であり、側脳室、第3脳室、第4脳室に存在する。3：中脳水道は第3脳室と第4脳室を結ぶ脳脊髄液の細い通路であり、脈絡叢はない。4：第4脳室は左右の外側口と正中口の3カ所で、**クモ膜下腔**に開口する。硬膜下腔は硬膜とクモ膜の間の微少な腔であり、脳脊髄液はクモ膜と軟膜の間にあるクモ膜下腔を流れる。"
205,解剖学,75,第32回,問題21,10. 神経系,B. 中枢神経系,髄膜について正しいのはどれか。,1. 硬膜静脈洞は外頸静脈に注ぐ。,2. 小脳テントは大脳と小脳の境に位置する。,3. 脳実質に最も近い髄膜はクモ膜である。,4. 中脳水道は直接クモ膜下腔へ通じる。,2,"【解説】 小脳テントは、大脳（主に後頭葉）と小脳の間に発達する。小脳テントの前方には開口部（テント切痕）があり、脳幹が通過する。硬膜静脈洞を流れる静脈血は**内頸静脈**に注ぐ。脳実質に最も近い髄膜は軟膜である。脳表に張り付く薄膜で、脳溝にも入り込む。中脳水道は第3脳室と第4脳室を結ぶ細い管で、脳脊髄液は**第4脳室**にある正中口と外側口からクモ膜下腔に出る。"
206,解剖学,76,第30回,問題22,10. 神経系,B. 中枢神経系,痛覚の伝導路に含まれるのはどれか。,1. 下丘,2. 胸髄核,3. 後索核,4. 脊髄後角,4,"【解説】 脊髄後角は痛覚と触覚の双方が伝達される。後根から入った求心性繊維は脊髄後角でニューロンを変え、後角を出て痛覚と触覚の伝導路に分かれる。下丘は中脳被蓋に位置する神経核で、**聴覚**を中継する。胸髄核（クラーク核）は胸髄後角から小脳に向かう神経繊維を出す。後索核は延髄下部の背側にある神経核で、**触覚**を中継する。"
207,解剖学,77,第25回,問題25,10. 神経系,B. 中枢神経系,感覚とその中継核の組合せで正しいのはどれか。,1. 触覚 ——— 後索核,2. 聴覚 ——— 上丘,3. 嗅覚 ——— 孤束核,4. 視覚 ——— 内側膝状体,1,"【解説】 1：後索核は脊髄後索へ続く部分で、延髄にある。触覚の中継核であり、上半身の情報を中継する楔状束核と下半身の情報を中継する薄束核に分かれる。2：上丘は中脳の四丘体（中脳蓋）にある左右2個の隆起で、視刺激に対する反射中枢となる。中脳での聴覚の中継核は下丘である。3：嗅覚は篩板の上にある嗅球で中継される。孤束核は延髄にあり、味覚を中継する。4：内側膝状体は視床（間脳）にあり、聴覚を中継する。内側膝状体の外方に位置するのが外側膝状体で、視覚を中継する。"
208,解剖学,78,第34回,問題20,10. 神経系,B. 中枢神経系,視覚伝導路について正しいのはどれか。,1. 対光反射は下丘を経由する。,2. 視覚情報は内側膝状体で中継される。,3. 各眼球の視野の左側半分からの情報は右脳へ送られる。,4. 各眼球の耳側半（外側半）の網膜からの繊維は視交叉で交叉する。,3,"【解説】 視覚の伝導路において、視野の左側で捉えた視覚情報は、左右ともに右の視覚野に送られる。これは、視交叉で鼻側半（内側）の網膜線維が交叉するのに対し、耳側半（外側）は交叉しないためである。対光反射は上丘を経由する。下丘は聴覚に関与する。視覚は視床の外側膝状体で中継される。内側膝状体は聴覚を中継する。"
209,解剖学,79,第29回,問題23,10. 神経系,C. 末梢神経系,脳神経で瞳孔を縮小させるのはどれか。,1. 視神経,2. 動眼神経,3. 滑車神経,4. 外転神経,2,"【解説】 瞳孔の縮小は自律神経の作用により生じる。虹彩上に位置する瞳孔括約筋が収縮すると縮瞳が生じ、この筋を動眼神経が支配する。なお、選択肢で自律神経（副交感）の成分を持つのは、動眼神経のみである。視神経は視覚情報を脳に伝える。滑車神経と外転神経は、動眼神経とともに外眼筋を支配する。"
210,解剖学,80,第27回,問題18,10. 神経系,C. 末梢神経系,顔面神経が支配する筋はどれか。,1. 顎舌骨筋,2. 胸骨舌骨筋,3. 茎突舌骨筋,4. 甲状舌骨筋,3,"【解説】 舌骨に付着する筋群は、舌骨の上に存在する舌骨上筋と、舌骨の下に位置する舌骨下筋に分類される。この両者は、舌骨を方向に引くか下方にかという筋の作用に加え、支配神経も異なる。舌骨上筋は脳神経、舌骨下筋は頸神経と頸神経ワナに支配される。3：茎突舌骨筋は側頭骨の茎突起と舌骨を結ぶ舌骨上筋で、顔面神経の支配を受ける。1：顎舌骨筋も舌骨上筋に属するが、三叉神経第3枝から分かれた神経によって支配される。2：胸骨舌骨筋、4：甲状舌骨筋は、いずれも舌骨下筋に属する。"
211,解剖学,81,第31回,問題22,10. 神経系,C. 末梢神経系,脳神経と神経節の組合せで正しいのはどれか。,1. 眼神経 ——— 毛様体神経節,2. 下顎神経 ——— 翼口蓋神経節,3. 舌咽神経 ——— 耳神経節,4. 迷走神経 ——— らせん神経節,3,"【解説】 耳神経節は、舌咽神経（小岩体神経）の副交感枝がニューロンを変えるほか、三叉神経第3枝（下顎神経）の運動枝が集まる。毛様体神経節は動眼神経の副交感成分、翼口蓋神経節は顔面神経の副交感成分が、それぞれニューロンを変える。らせん神経節は蝸牛神経が作り、コルチ器で受容された聴覚情報を中枢神経に伝える役割を担う。"
212,解剖学,82,第26回,問題25,10. 神経系,C. 末梢神経系,脳神経と機能の組合せで正しいのはどれか。,1. 動眼神経 ——— 角膜の痛覚,2. 下顎神経 ——— 舌の痛覚,3. 顔面神経 ——— 顔面の触覚,4. 舌咽神経 ——— 舌の運動,2,"【解説】 2：下顎神経（三叉神経第3枝）は、舌前方の2/3の痛覚（知覚）を伝える。舌後方1/3の知覚は舌咽神経によって伝えられる。1：角膜の痛覚（知覚）を伝えるのは眼神経（三叉神経第1枝）である。3：顔面の触覚（知覚）は三叉神経によって伝えられる。上部が眼神経、中部が上顎神経、下部が下顎神経の支配領域となる。4：舌を運動させるのは舌下神経である。"
213,解剖学,83,第27回,問題25,10. 神経系,C. 末梢神経系,脊髄神経とその数の組合せで正しいのはどれか。,1. 頸神経 ——— 7対,2. 胸神経 ——— 11対,3. 腰神経 ——— 5対,4. 仙骨神経 ——— 6対,3,"【解説】 脊髄神経は、椎骨によって作られる椎間孔を1本ずつ通過するため、基本的に脊髄神経と椎骨の数は同数となる。ただし、左右の別がある。例外なのが1：頸神経で、8対ある。第1頸神経は第1頸椎の上方から、また第8頸神経は第7頸椎と第1胸椎が作る椎間孔から出る。胸神経、仙骨神経は、それぞれ胸椎や仙椎と同じ12対と5対で構成される。"
214,解剖学,84,第25回,問題26,10. 神経系,C. 末梢神経系,頸部の神経とその支配の組合せで正しいのはどれか。,1. 横隔神経 ——— 前斜角筋,2. 頸神経ワナ ——— 顎二腹筋,3. 鎖骨上神経 ——— 筋三角の皮膚,4. 大耳介神経 ——— 耳下腺上の皮膚,4,"【解説】 4：大耳介神経は、頸神経叢から派出する4本の皮枝の一つである。耳介、頭皮や頬および下顎角の周辺の皮膚に分布する。耳下腺被膜にも分布し、流行性耳下腺炎の際に痛みを伝える。1：横隔神経は頸神経叢から出し、横隔膜を支配する。2：頸神経ワナは、オトガイ舌骨筋と舌骨下筋群を支配する。顎二腹筋は、三叉神経の枝と顔面神経の枝によって支配される。3：鎖骨上神経は鎖骨上部から表出する皮枝で、鎖骨周囲に分布するが頸部の正中には分布しない。筋三角は頸部の正中を覆う三角で、胸鎖乳突筋前縁、肩甲舌骨筋上腹と舌骨、正中線で囲まれる。この皮下には甲状軟骨や気管がある。"
215,解剖学,85,第32回,問題22,10. 神経系,C. 末梢神経系,腕神経叢の後神経束から分枝するのはどれか。,1. 肩甲上神経,2. 肩甲背神経,3. 胸背神経,4. 長胸神経,3,"【解説】 腕神経叢は腹枝に分岐する。C5〜T1の前枝が合流して3つの神経幹をつくり、斜角筋隙のあたりで再び分かれて3つの神経束を形成する。後神経束は腋窩動脈より後方にある神経束で、ここから広背筋を支配する胸背神経が出る。肩甲上神経はC5〜C7の前枝から、それぞれ派出する。"
216,解剖学,86,第26回,問題24,10. 神経系,C. 末梢神経系,腕神経叢の後神経束から分枝するのはどれか。,1. 筋皮神経,2. 腋窩神経,3. 長胸神経,4. 内側上腕皮神経,2,"【解説】 腕神経叢は、3本の神経束を形成する。その後、再び分かれて腋窩動脈のあたりで3つの神経束にまとまる。このうち、後神経束は1：腋窩神経と橈骨神経に分かれる。いずれも脇の下や腕の後方を走行する。内側神経束は正中神経と尺骨神経に、外側神経束は筋皮神経と正中神経に分かれる。"
217,解剖学,87,第34回,問題15,10. 神経系,C. 末梢神経系,上肢の神経の走行について正しいのはどれか。,1. 筋皮神経は上腕骨外科頸に沿って走行する。,2. 正中神経は上腕骨滑車上溝を通る。,3. 尺骨神経は上腕骨外側上顆後面を通る。,4. 橈骨神経は上腕骨体後面を通る。,4,"【解説】 橈骨神経は、腕神経叢の後神経束から分岐し、上腕骨体後面（橈骨神経溝）を通る。上腕および前腕の伸筋群を支配する。筋皮神経は烏口腕筋を貫き、上腕二頭筋と上腕筋の間を走行する。正中神経は上腕の内側を下行する。結節間溝を通るのは上腕二頭筋長頭腱である。尺骨神経は上腕骨内側上顆の後面（尺骨神経溝）を通る。"
218,解剖学,88,第26回,問題18,10. 神経系,C. 末梢神経系,上肢の筋と神経の関係について正しいのはどれか。,1. 回外筋は正中神経によって貫かれる。,2. 烏口腕筋は筋皮神経によって貫かれる。,3. 円内回筋の上腕頭と尺骨頭の間を尺骨神経が通る。,4. 上腕三頭筋の長頭と外側頭の間を橈骨神経が通る。,2,"【解説】 2：筋皮神経は烏口腕筋の筋腹を貫き、この筋を支配する。1：回外筋を貫くのは橈骨神経の深枝であり、この神経の支配を受ける。3：円内回筋の上腕頭と尺骨頭の間を走行するのは正中神経であり、この神経の支配を受ける。4：橈骨神経は、上腕三頭筋の内側頭と外側頭の間を外下方に向かって上腕深動脈とともに走行する。これらの走行に伴ってみられる上腕骨の後面にある浅い溝を橈骨神経溝と呼ぶ。"
219,解剖学,89,第34回,問題21,10. 神経系,C. 末梢神経系,仙骨神経叢由来するのはどれか。,1. 陰部神経,2. 閉鎖神経,3. 腸骨腹下神経,4. 陰股仙骨神経,1,"【解説】 仙骨神経叢（L4〜S4）由来するのは陰部神経（S2〜S4）である。他に、上殿神経、下殿神経、後大腿皮神経、総腓骨神経と脛骨神経に分かれる坐骨神経が出る。腰神経叢（L1〜L4）からは、閉鎖神経、腸骨下腹神経、腸骨鼠径神経、外側大腿皮神経、大腿神経が分枝する。"
220,解剖学,90,第28回,問題25,10. 神経系,C. 末梢神経系,脛骨神経について正しいのはどれか。,1. 腰神経叢の枝である。,2. 梨状筋下孔を通る。,3. 大腿二頭筋短頭を支配する。,4. 膝窩中央を通る。,4,"【解説】 脛骨神経は大腿後面的中央で坐骨神経より分かれ、膝窩脈脈・膝窩静脈とともに膝窩中央を通る。下腿では、後脛骨動脈に沿って下腿内側を下行して内果に至る。脛骨神経を演出する管は、仙骨神経叢の枝である。脛骨神経は梨状筋下孔を通らない。仙骨神経叢の枝で梨状筋下孔を通るのは上殿神経である。大腿二頭筋短頭は、総腓骨神経によって支配される。脛骨神経が大腿後面で支配するのは、大腿二頭筋長頭である。"
221,解剖学,91,第33回,問題23,10. 神経系,D. 自律神経系,交感神経について正しいのはどれか。,1. 瞳孔括約筋を支配する。,2. 節前線維は白交通枝を通る。,3. 節後線維はアドレナリンを分泌する。,4. 節前ニューロンの細胞体は脊髄前角に位置する。,2,"【解説】 交感神経幹に至る神経線維のうち、節前線維が白交通枝、節後線維は灰白交通枝を通る。交感神経は瞳孔散大筋を支配する。瞳孔括約筋は副交感神経が支配する。交感神経の節後線維は、神経伝達物質としてノルアドレナリンを分泌する。節前ニューロンの細胞体は、脊髄側角に位置する。前角からは運動ニューロンが起始する。"
222,解剖学,92,第34回,問題22,10. 神経系,D. 自律神経系,涙腺に分布する節後線維の細胞体があるのはどれか。,1. 耳神経節,2. 頸下神経節,3. 毛様体神経節,4. 翼口蓋神経節,4,"【解説】 副交感神経節で中継されるニューロンの分布に関する設問である。涙腺に分布する副交感神経を中継するのは翼口蓋神経節で、顔面神経（大岩体神経）からの中継を受け、涙腺、鼻腔・口蓋の腺にも枝を出す。耳神経節のニューロンは耳下腺、下顎神経節は下顎腺・舌下腺、毛様体神経節は瞳孔括約筋・毛様体筋に分布する。"
223,解剖学,93,第26回,問題26,11. 感覚器系,A. 視覚器,眼球について正しいのはどれか。,1. 瞳孔括約筋の収縮で散瞳する。,2. 毛様体小体は硝子体に付着する。,3. 桿体細胞は黄斑に集中する。,4. 膜脈水は水晶体を栄養する。,4,"【解説】 房水は毛様体で発生される。後眼房から前眼房に流れ、隅角にあるシュレム管（角膜脈）から吸収される。視神経乳頭には視細胞が存在しない。視細胞には、明暗の識別を行う桿体細胞と、色彩を識別する錐体細胞がある。明暗の識別は、主に桿体細胞によって行われる。瞳孔括約筋は交感神経支配である。"
224,解剖学,94,第31回,問題23,11. 感覚器系,A. 視覚器,眼球について正しいのはどれか。,1. 視神経乳頭では視細胞の密度が高い。,2. 錐体細胞は主に明暗の識別に行く。,3. 房水はシュレム管に吸収される。,4. 副交感神経は瞳孔拡大筋を支配する。,3,"【解説】 房水は毛様体で発生される。後眼房から前眼房に流れ、隅角にあるシュレム管（角膜脈）から吸収される。視神経乳頭には視細胞が存在しない。視細胞には、明暗の識別を行う桿体細胞と、色彩を識別する錐体細胞がある。明暗の識別は、主に桿体細胞によって行われる。瞳孔拡大筋は交感神経支配である。"
225,解剖学,95,第28回,問題26,11. 感覚器系,B. 平衡聴覚器,内耳の前庭でみられるのはどれか。,1. 螺旋器,2. 蝸牛管,3. 平衡斑,4. 膨大部稜,3,"【解説】 内耳の前庭には卵形嚢と球形嚢があり、平衡斑はこれらの嚢内部にある。平衡斑は耳石（石灰）を持ち、垂直加速度を受容する。半規管は内耳の蝸牛にある管である。鼓膜で振動となった音の信号は、鼓膜と耳小骨を介して蝸牛へ伝わる。ラセン器は蝸牛管の内部にあり、振動を感知して音の受容を行う。膨大部稜は半規管にあり、回転加速度を受容する。"
226,解剖学,96,第32回,問題23,11. 感覚器系,B. 平衡聴覚器,味覚について正しいのはどれか。,1. 糸状乳頭には味蕾がある。,2. 舌の後ろ1/3の味覚は舌下神経が伝える。,3. 舌の前2/3の味覚は舌咽神経が伝える。,4. 孤束核で中継される。,4,"【解説】 味覚は孤束核で中継される。孤束核は延髄後部にある神経核で、ここに顔面神経、舌咽神経および迷走神経によって味覚で受容した情報が運ばれる。糸状乳頭は角化した上皮によってつくられる。糸状乳頭は食物の移動に役立つ味蕾をもたない。舌の前2/3の味覚を伝えるのは顔面神経、舌の後1/3を伝えるのは舌咽神経である。"
227,解剖学,97,第27回,問題26,11. 感覚器系,E. 皮膚,皮膚について正しいのはどれか。,1. 表皮は多列円柱上皮でできている。,2. 真皮は中胚葉に由来する。,3. 毛幹は皮膚内部に埋まっている。,4. エクリン汗腺は足底にはない。,2,"【解説】 2：真皮は支持組織に分類され、中胚葉由来構造する。表皮は外胚葉由来である。1：表皮は重層扁平上皮でできており、物理的刺激に強い特性を持つ。多列円柱上皮は気管などの呼吸器の表皮や、卵管上皮でみられる。3：毛幹は、毛のうち体表から表出している部分を指す。皮膚に埋没する部分は毛根である。4：エクリン汗腺（小汗腺）は手掌や足底で発達する汗腺で、体温調節にかかわる。"
228,解剖学,98,第30回,問題23,11. 感覚器系,E. 皮膚,皮膚について正しいのはどれか。,1. 毛幹の下端を毛球という。,2. 乳腺は皮膚腺の一種である。,3. 表皮は多列円柱上皮である。,4. メラノサイトは真皮にある。,2,"【解説】 乳腺は皮膚腺の一種で、その他の皮膚腺には汗腺と脂腺がある。毛幹は毛が体表に出ているところを指す。毛幹の下端は、毛根と毛球の境界にあたる。表皮は物理的刺激に強い重層扁平上皮で作られる。ほとんどのメラノサイトは表皮にある。小児期に蒙古斑を形成するメラノサイトは例外的に真皮に存在するが、他の選択肢を考えるとこれは誤りとなる。"
229,生理学,1,第29回,問題24,1. 生理学の基礎,B. 細胞の構造と働き,不要な物質を分解処理する細胞小器官はどれか。,1. 粗面小胞体,2. ミトコンドリア,3. リソソーム,4. ゴルジ装置,3,"【解説】 3：リソソームは膜で包まれた袋状の小顆粒であり、加水分解酵素を多く含む。不要な物質を分解処理する。1：粗面小胞体のリボソームは蛋白質合成の場である。2：ミトコンドリアは酸素を消費して三大栄養素を酸化し、ATPを大量に合成する。4：ゴルジ装置は粗面小胞体から出た蛋白質の濃縮や細胞外への分泌などを行う。"
230,生理学,2,第30回,問題24,1. 生理学の基礎,B. 細胞の構造と働き,DNAについて誤っているのはどれか。,1. 遺伝情報をもつ。,2. 塩基は3種類である。,3. 二重らせん構造である。,4. 染色体に含まれる。,2,"【解説】 DNAはリン酸、糖、及び塩基からなるヌクレオチドが鎖状につながり、2本の鎖がお互いの塩基同士で結合して、3：二重らせん構造を形成している。2：塩基はアデニン、グアニン、チミン、シトシンの4種類である。1：個体の形質に関する全ての遺伝情報を持っている。4：DNAは細胞分裂の際に凝集して染色体を形成する。"
231,生理学,3,第32回,問題24,1. 生理学の基礎,B. 細胞の構造と働き,核酸について正しいのはどれか。,1. DNAにはアミノ酸が含まれる。,2. DNAは3種類の塩基で構成される。,3. RNAは蛋白質合成に必要である。,4. RNAは凝集して染色体を形成する。,3,"【解説】 1：DNA、RNAはリン酸、糖、塩基からなるヌクレオチドが鎖状に結合したものである。2：DNAはアデニン、グアニン、チミン、シトシンの4種類の塩基を持つ。RNAではチミンの代わりにウラシルであり、他はDNAと同じである。3：RNAは蛋白質合成に必要である。4：細胞分裂の際に凝集して染色体を形成するのはDNAである。"
232,生理学,4,第26回,問題27,1. 生理学の基礎,C. 物質代謝,解糖について正しいのはどれか。,1. 酸素を必要とする。,2. 細胞質内で行われる。,3. クエン酸が生成される。,4. 電子伝達系に比べATP産生能力が高い。,2,"【解説】 糖であるグルコース（ブドウ糖）を材料にアデノシン三リン酸（ATP）を産生するための初めの過程を解糖（解糖系）といい、諸酵素によりグルコースをピルビン酸に分解する。2：細胞内の細胞質で、1：酸素を用いずに行われる。このピルビン酸がミトコンドリア内に輸送され、アセチルCoAに変換されて、クエン酸回路を介した電子伝達系にて酸素を用いて大量のATPが産生される。1molのグルコースから解糖系にて2molのATP、クエン酸回路と電子伝達系にて"
233,生理学,5,第30回,問題25,3. 循環,C. 血管,血管について正しいのはどれか。,1. 動脈は静脈より血管抵抗が小さい。,2. 動脈は静脈より多くの血液を貯留する。,3. 静脈弁は血液の逆流を防ぐ。,4. 歩行時には静脈還流量が低下する。,3,"【解説】 3：中等大の静脈には所々に静脈弁があり、血液の逆流を防いでいる。1、2：静脈は血管壁が薄く血管抵抗が小さいため、伸縮性に富み、血液によって容易に血管内腔が広がり、多くの血液を貯留している。4：歩行時は、骨格筋の収縮・弛緩によるポンプ作用と静脈弁の逆流防止作用によって、心臓に戻る静脈還流量が増加する。"
234,生理学,6,第25回,問題28,3. 循環,C. 血管,減少すると血圧が上昇するのはどれか。,1. 血管断面性,2. 血中カテコールアミン,3. 血液の粘性,4. 循環血液量,1,"【解説】 血管内血圧は、心拍出量と総末梢抵抗の積で表される。したがって、これら2つの要因に影響を与えるいくつかの因子によって、血圧が変動する。例えば、末梢血管収縮による1：血管面積の減少（血管抵抗が増大）、心拍数増加、1回拍出量の増加、3：血液粘性の上昇、4：循環血液量と総末梢抵抗が増加・上昇するため、結果として血圧が上昇する。2：血中カテコールアミンは、心拍数増加、末梢血管収縮などの作用を持つ。"
235,生理学,7,第27回,問題28,3. 循環,C. 血管,血圧を下げる要因はどれか。,1. 血液量の増加,2. 血液粘性の上昇,3. 血管平滑筋の弛緩,4. 血管壁弾性の低下,3,"【解説】 血圧は血管内の圧力であり、いくつかの因子によって変動する。血圧低下の要因としては、血液量の減少、血液粘性の低下、血管拡張による血管抵抗の低下、心拍数減少、心臓の1回拍出量の減少などがある。血管は血管平滑筋の収縮・弛緩によって血管径を変えることができるので、3：血管平滑筋の弛緩によって、血管が拡張し、血管抵抗が低下することで血圧が低下する。問題6の解説も参照。"
236,生理学,8,第26回,問題28,3. 循環,D. 循環調節,血管拡張作用を持つのはどれか。,1. セロトニン,2. エンドセリン,3. 二酸化炭素,4. アンジオテンシンⅡ,3,"【解説】 局所で産生される3：二酸化炭素（CO2）、乳酸、アデノシンや、ブラジキニン、ヒスタミン、酸化窒素（NO）などの血管拡張物質は血管拡張作用を持つ。血液凝固の際に血小板から放出される1：セロトニンや、血管内皮細胞で産生される2：エンドセリンは血管収縮作用を持つ。血管収縮作用を持つホルモン性調節因子としてはバソプレシン、ノルアドレナリン、レニンーアンジオテンシン系によって生成されるアンジオテンシンⅡがある。"
237,生理学,9,第34回,問題26,4. 呼吸,B. 換気とガス交換,肺活量を表す計算式はどれか。,1. 1回換気量＋予備吸気量＋予備呼気量,2. 1回換気量＋予備吸気量＋残気量,3. 1回換気量＋予備呼気量＋残気量,4. 1回換気量＋残気量,1,"【解説】 肺活量は、最大吸気位から吐き出せる最大の空気量のことである。これは、安静時の呼気吸気量である「1回換気量」、安静吸気位より最大に吸気できる量である「予備吸気量」、安静呼気位より最大に呼気できる量である「予備呼気量」の総和に相当する。残気量は、最大呼気後に肺内に残る空気量である。"
238,生理学,10,第33回,問題26,4. 呼吸,B. 換気とガス交換,動脈血における酸素飽和度の正常値はどれか。,1. 約67%,2. 約77%,3. 約87%,4. 約97%,4,"【解説】 赤血球中の総ヘモグロビンのうち、酸素化ヘモグロビンが占める割合を酸素飽和度といい、動脈血中では96〜99%の範囲（東洋療法学校協会編の教科書では約97%）が正常とされる。"
239,生理学,11,第27回,問題29,4. 呼吸,C. 呼吸運動と呼吸調節,安静吸息時に起こる現象はどれか。,1. 胸郭の縮小,2. 腹腔の収縮,3. 胸腔内圧の上昇,4. 外肋間筋の収縮,4,"【解説】 安静吸息時は、主吸気筋である横隔膜や4：外肋間筋の収縮→胸郭の拡張→胸腔内圧（胸膜腔内圧）の低下（陰圧がさらに上昇）→肺の拡張→肺胞内圧の低下（一過性に陰圧化）によって肺に空気が流入する。安静呼息時は、主吸気筋の弛緩→1：胸郭の縮小（元に戻る）→3：胸腔内圧の上昇（元の陰圧に戻る）→肺の縮小（元に戻る）→肺胞内圧の上昇（一過性に陽圧化）によって肺から空気が流出する。努力性呼息時は、さらに2：腹筋や内肋間筋などの収縮による胸郭の更なる縮小が加わる。"
240,生理学,12,第25回,問題29,4. 呼吸,C. 呼吸運動と呼吸調節,呼息時に起こるのはどれか。,1. 肋骨が挙上する。,2. 外肋間筋が収縮する。,3. 横隔膜が水平になる。,4. 胸腔内圧が上昇する。,4,"【解説】 呼吸は、呼吸筋の収縮・弛緩に伴う胸腔内圧（胸膜腔内圧）と肺胞内圧の変動によって生じる。安静時の呼息では、主吸気筋である横隔膜と外肋間筋が弛緩することで胸郭が縮小する（息によって拡張していた胸郭が、元の大きさに戻る）。吸息時に収縮して水平となっていた3：横隔膜が弛緩することでドーム状に盛り上がり、肋骨が外肋間筋の弛緩により降下していく1、2：胸郭が縮小し、4：胸腔内圧が上昇し、勝手が縮小し、肺胞内圧が一過性に陽圧となることで空気が気道から流出する。積極的（努力的）な呼息では、内肋間筋や腹筋の収縮により、胸郭の縮小が促進される。"
241,生理学,13,第28回,問題29,4. 呼吸,C. 呼吸運動と呼吸調節,呼吸運動を促進するのはどれか。,1. 体温の低下,2. 血中水素イオン濃度の減少,3. 血中酸素分圧の増加,4. 大動脈小体の興奮,4,"【解説】 頸動脈小体と4：大動脈小体は、主に血中の酸素（O2）分圧の低下によって、反応は弱いながら二酸化炭素（CO2）分圧の上昇や血中のpHの低下（血中水素イオン（H+）濃度の増加）によって興奮し、この情報が呼吸中枢に伝えられて呼吸運動が促進する。体温の上昇は呼吸運動を促進させ、1：体温の低下は呼吸運動を抑制する。"
242,生理学,14,第32回,問題26,4. 呼吸,C. 呼吸運動と呼吸調節,呼吸運動を促進するのはどれか。,1. 体液の浸透圧上昇,2. 体液のpH低下,3. 動脈血酸素分圧の上昇,4. 動脈血二酸化炭素分圧の低下,2,"【解説】 頸動脈小体と大動脈小体は、主に動脈血O2分圧低下によって刺激され、反応は弱いもののCO2分圧上昇および2：体液のpH低下によっても刺激され、呼吸中枢を介して呼吸運動が促進される。1：体液浸透圧上昇は、呼吸中枢を抑制するとの研究報告がある（ただし、東洋療法学校協会の教科書にはそれに関する記載がない）。"
243,生理学,15,第26回,問題29,4. 呼吸,C. 呼吸運動と呼吸調節,異常呼吸で、深い呼吸が規則正しく続くのはどれか。,1. 起坐呼吸,2. ビオー呼吸,3. クスマウル呼吸,4. チェーン・ストークス呼吸,3,"【解説】 3：クスマウル呼吸とは、ゆっくりとした深い呼吸が規則正しく続く過時呼吸である。糖尿病や尿毒症の代謝性アシドーシスでみられる。2：ビオー呼吸では、無呼吸期から突然過時呼吸が始まり無呼吸に戻る。脳膜炎、脳腫瘍などでみられる。4：チェーン・ストークス呼吸は無呼吸の態と、浅い呼吸が始まり次第に深くなって再び浅くなる呼吸の状態が、繰り返して現れる呼吸型である。心不全、尿毒症、脳疾患、臨終の際などに現れることがある。1：起坐呼吸とは、呼吸困難が仰臥位で増強し、起坐位で軽減する臨床的徴候である。主にうっ血性心不全の特徴とされているが、喘息や慢性気道閉塞でも起こり得る。"
244,生理学,16,第27回,問題35,5. 消化器系の構造と働き,A. 消化器系の構造と働き,脂肪の消化に関与しないのはどれか。,1. 胆汁分泌,2. 乳化作用,3. リパーゼ分泌,4. アミラーゼ分泌,4,"【解説】 脂肪（脂質）のうち、食物中の単純脂質の大部分は中性脂肪（トリグリセリド）であり、脂肪の消化とはこの中性脂肪の消化のことをほぼ意味している。中性脂肪は、水に不溶のため、まず1：胆汁に分泌される胆汁酸によって2：乳化作用を受け、液体中で分散した状態となり、膵液に分泌された消化酵素である3：リパーゼによって、モノグリセリドと脂肪酸に分解される。その後、脂肪酸とモノグリセリドは胆汁酸とともに水溶性の脂質集合体（ミセル）を形成して小腸粘膜の微絨毛表面まで運ばれる。ここで、脂肪酸とモノグリセリドはミセルから離れて小腸上皮細胞内に吸収される。4：アミラーゼは唾液と膵液に分泌される糖質の消化酵素で、デンプンをマルトース（麦芽糖）に分解する。"
245,生理学,17,第30回,問題26,5. 消化器系の構造と働き,A. 消化器系の構造と働き,消化液と消化酵素の組合せで正しいのはどれか。,1. 唾液 ——— アミラーゼ,2. 胃液 ——— リパーゼ,3. 膵液 ——— マルターゼ,4. 腸液 ——— ペプシン,1,"【解説】 1：唾液と膵液は、デンプンをマルトースに分解するアミラーゼを各々含む。2：胃液は、蛋白質をペプチドに分解するペプシンを含む。中性脂肪を脂肪酸とモノグリセリドに分解するリパーゼは膵液に含まれる。3：マルトースをグルコース2分子に分解するマルターゼは、小腸上皮細胞の刷子縁上に存在する。4：ペプシンは胃液に含まれる。"
246,生理学,18,第28回,問題30,5. 消化器系の構造と働き,B. 消化と吸収,嚥下について正しいのはどれか。,1. 嚥下中枢は脊髄にある。,2. 口腔相では舌を使って食塊を喉頭に送る。,3. 咽頭相では咽頭から鼻腔への出口は閉鎖される。,4. 食道相では蠕動運動によって食塊が輸送される。,3,"【解説】 1：嚥下中枢は延髄に存在する。2：口腔相では随意的によって食塊が咽頭腔に送られる。3：咽頭相では反射的に軟口蓋の挙上によって咽頭と口腔の通路が、舌根の押し上げによって咽頭と鼻腔の通路が閉鎖する。その結果、咽頭から気管の通路が閉鎖する。その結果、咽頭から食道の通路が開き、食塊は食道に送られる。4：食道相では蠕動運動によって食塊が胃に送られる。"
247,生理学,19,第25回,問題30,5. 消化器系の構造と働き,B. 消化と吸収,ガストリンの胃に対する作用部位はどれか。,1. 壁細胞,2. 主細胞,3. 粘液細胞,4. 平滑筋細胞,1又は2又は4,"【解説】 ガストリンは、胃内容物のアミノ酸やペプチド、胃内容物による胃壁の物理的伸展、あるいは迷走神経を介する反射によって、胃前庭部に存在するG細胞から産生・分泌される。このホルモンを大量投与すると多様な効果を示すが、本来の生理的作用は、胃底腺の壁細胞からの塩酸（胃酸）分泌促進である。その他に胃粘膜の生長、胃運動の促進などがある。そのため、作用部位は1：壁細胞、2：主細胞、4：平滑筋細胞となる。"
248,生理学,20,第29回,問題25,5. 消化器系の構造と働き,B. 消化と吸収,胃液分泌を促進するのはどれか。,1. 食物による口腔粘膜の刺激,2. セクレチン分泌の増加,3. 交感神経活動の増加,4. 酸による十二指腸粘膜の刺激,1,"【解説】 食物によって味覚、嗅覚や口腔粘膜が刺激されると、延髄と迷走神経を介して胃液分泌が促進する。この調節が頭相である。次の胃相では、食物による胃壁の伸展や、蛋白質分解産物によるガストリンの分泌によって胃液分泌が促進する。十二指腸に胃の内容物が入ると腸相が始まり、酸によるセクレチンなどの分泌によって胃液分泌が抑制される。"
249,生理学,21,第31回,問題25,5. 消化器系の構造と働き,B. 消化と吸収,消化管からの吸収について正しいのはどれか。,1. グルコースは胃で吸収される。,2. モノグリセリドは小腸で吸収される。,3. アミノ酸は結腸で吸収される。,4. 水分の約50%は直腸で吸収される。,2,"【解説】 三大栄養素の吸収は小腸で行われる。糖質は単糖類（1：グルコース、フルクトース、ガラクトース）として、蛋白質は3：アミノ酸として、脂質である中性脂肪（トリグリセリド）は2：モノグリセリドと脂肪酸として吸収される。4：水分の約83%は小腸で、約16%は大腸で吸収され、残り約1%程度が糞便中に排泄される。"
250,生理学,22,第33回,問題27,5. 消化器系の構造と働き,B. 消化と吸収,大腸について正しいのはどれか。,1. 多数の細菌が常在する。,2. 消化管内水分の約80%が吸収される。,3. 大蠕動は1時間に数回起こる。,4. 蛋白質分解酵素を分泌する。,1,"【解説】 1：大腸には大腸菌などの多数の細菌が常在していて、食物繊維などの未消化の腸内容物を分解し、酪酸・酢酸やメタンなどのガスを発生する。2：消化管内水分の約83%は小腸、約16%が大腸にて吸収される。3：大蠕動は1日に数回起こり内容物を一気に直腸へ送る運動である。4：大腸液はアルカリ性で消化酵素が分泌されない。"
251,生理学,23,第34回,問題24,5. 消化器系の構造と働き,C. 肝臓,肝臓について正しいのはどれか。,1. クッバー細胞はビタミンAを貯蔵する。,2. 肝細胞はアルブミンを生成する。,3. 肝臓の熱産生は腎臓より少ない。,4. 肝臓の血液は門脈から流出する。,2,"【解説】 2：血清蛋白質であるアルブミンは肝細胞で生成される。1：クッバー細胞は指洞の内面を覆う常在のマクロファージであり、細菌などの異物を貪食する。ビタミンAを貯蔵するのは、肝星細胞である。3：安静時の熱産生は肝臓で約20%、腎臓で約7%である。4：血液は門脈と固有肝動脈から肝臓へ流入し、肝静脈から流出する。"
252,生理学,24,第27回,問題30,6. 代謝,A. 栄養素とエネルギー代謝,基礎代謝量について正しいのはどれか。,1. 夏は冬より高い。,2. 加齢によって低下する。,3. 同一年齢では女性の方が男性より高い。,4. 日本人の成人男性では約2600kcal/日である。,2,"【解説】 覚醒状態で生命を維持するために必要な最小限の代謝量を、基礎代謝量という。基礎代謝量は季節によって体温を維持するために変動し、1：夏の時期は低く、冬の時期は高くなる。年齢では、体表面積当たりで表すと幼年期で高く、2：加齢によって低下し、老年期で低くなる。性別では、3：同年齢では男性の方が女性よりも高く、4：日本人の成人男性では約1,500kcal/日、成人女性では約1,200kcal/日である。"
253,生理学,25,第27回,問題32,6. 代謝,B. 三大栄養素,血糖について誤っているのはどれか。,1. エネルギー源となる。,2. グルカゴンの作用により減少する。,3. グリコーゲンとして蓄えられる。,4. 食欲に関係する。,2,"【解説】 血糖は血液中のグルコースのことであり、必要に応じて各細胞に取り込まれ、1：エネルギー源として消費される。小腸で吸収されたグルコースは、血液中に入り血糖となるが、その量が過剰な場合は主に肝細胞や骨格筋細胞に取り込まれ、多糖類である3：グリコーゲンとして貯蔵される。血糖調節ホルモンであるグルカゴンやアドレナリンによって血糖値は増加する。血糖の減少は、視床下部に存在する摂食中枢や満腹中枢で感受されて4：食欲を起こす。"
254,生理学,26,第25回,問題31,6. 代謝,B. 三大栄養素,糖新生の材料になるのはどれか。,1. アミノ酸,2. マルトース,3. ガラクトース,4. グリコーゲン,1,"【解説】 1：アミノ酸、乳酸、ピルビン酸、グリセリン（グリセロール）などの糖質以外の物質からグルコース（ブドウ糖）を生成することを糖新生といい、主に肝臓で行われる。2：マルトースはグルコース2分子が結合した二糖類であり、3：ガラクトースは単糖類である。4：グリコーゲンはグルコースが多数結合した多糖類である。"
255,生理学,27,第34回,問題27,6. 代謝,B. 三大栄養素,糖質について正しいのはどれか。,1. セルロースは単糖類である。,2. 血液中のガラクトースの濃度を血糖値という。,3. ショ糖は炭素と窒素から構成される。,4. グリコーゲンは肝臓で貯蔵される。,4,"【解説】 4：ブドウ糖（グルコース）が多数結合して合成されるグリコーゲンは、肝臓や骨格筋で合成・貯蔵される。1：食物繊維の一種であるセルロースも、グルコースが多数結合した多糖類である。2：血糖値は血中グルコース濃度のことである。3：ショ糖（スクロース）に限らず、糖質は炭素、水素、酸素からなる有機化合物である。"
256,生理学,28,第26回,問題31,6. 代謝,B. 三大栄養素,コレステロールについて正しいのはどれか。,1. 単純脂質である。,2. 細胞膜に含まれる。,3. 脾臓で合成される。,4. 皮下脂肪の主成分である。,2,"【解説】 1：単純脂質は、アルコールと脂肪酸が結合した物質であり、食物中の単純脂質の大部分はトリグリセリド（中性脂肪）である。コレステロールはステロイドの一種であり、誘導脂質に分類される。2、3：コレステロールは食物からも摂取されるが、生体内では主に肝臓にてアセチルCoAから産生され、細胞膜の成分として含まれるほか、胆汁酸やステロイドホルモンの前駆物質となる。4：皮下脂肪の主成分は中性脂肪である。"
257,生理学,29,第31回,問題27,6. 代謝,B. 三大栄養素,脂質について正しいのはどれか。,1. コレステロールはコルチゾールの前駆物質である。,2. リン脂質はヘモグロビンの構成成分である。,3. 中性脂肪は1分子のグリセロールと2分子の脂肪酸からなる。,4. 脂肪酸の多くは水溶性物質である。,1,"【解説】 1：コレステロールはステロイドホルモンと胆汁酸の前駆物質であり、コルチゾールはステロイドホルモンである。2：リン脂質は細胞膜の脂質二重層を形成する。3：中性脂肪（トリグリセリド）は、1分子のグリセロールに3分子の脂肪酸が結合したものである。4：脂肪酸は脂溶性（疎水性）の性質を持つ。"
258,生理学,30,第28回,問題31,6. 代謝,B. 三大栄養素,蛋白質について正しいのはどれか。,1. 細胞膜には含まれない。,2. β酸化により代謝される。,3. 4種類のアミノ酸からなる。,4. 細胞の主要な構成成分である。,4,"【解説】 4：蛋白質は細胞の主要な構成成分であり、細胞構造の維持や変化などに関与する細胞骨格、物質代謝に必要な酵素、ホルモンの受容体など多様な働きを持つ。1：細胞膜の脂質二重層中にモザイク状に多種多様の蛋白質が分布している。2：β酸化は脂肪酸をアセチルCoAにまで分解する代謝経路である。3：生体の蛋白質を構成するアミノ酸は基本的に20種類である。"
259,生理学,31,第29回,問題26,6. 代謝,C. ビタミン、無機質、水,ビタミンについて正しいのはどれか。,1. ビタミンAはエネルギー源となる。,2. ビタミンB12の摂取不足で脚気となる。,3. ビタミンCはコラーゲン生成に関与する。,4. ビタミンKは骨の構成成分となる。,3,"【解説】 ビタミンは物質代謝の補酵素として働くが、エネルギー源とはならない。1：ビタミンAの摂取不足で夜盲症などが生じる。2：ビタミンB12の不足で巨赤芽球性貧血（悪性貧血）が生じる。脚気はビタミンB1の摂取不足で生じる。3：ビタミンCはコラーゲン生成に必要であり、不足で壊血病になる。4：ビタミンKはいくつかの血液凝固因子生成に必須である。"
260,生理学,32,第28回,問題32,7. 体温,A. 体温,体温について正しいのはどれか。,1. 口腔温は直腸温より高い。,2. 体幹の皮膚温は四肢の皮膚温より低い。,3. 摂食により体温は上昇する。,4. 基礎代謝亢進により体温は低下する。,3,"【解説】 3：摂食後数時間は、消化管運動亢進や吸収した栄養素の代謝亢進によって体温が上昇する。これを特異動的作用（食事誘発性熱産生）という。1：直腸温に対して口腔温は約0.5℃低く、腋窩温は約0.8℃低い。2：一般に、皮膚温は体幹部から四肢に向かって低温となる。産熱は各細胞の代謝によって生じるため、4：基礎代謝亢進によって体温は上昇する。"
261,生理学,33,第26回,問題32,7. 体温,B. 体熱の産生と放熱,安静時の熱産生が最も多いのはどれか。,1. 皮膚,2. 腎臓,3. 肝臓,4. 内臓脂肪,3,"【解説】 体内で産生される熱は、各細胞における栄養素の代謝によって生じる。安静時は熱の大部分が内臓系にて産生されており、特に躯幹部にある3：肝臓、2：腎臓、消化器系の熱産生量が多い。そのなかでも3：肝臓の熱産生量が最も多い。1：皮膚や骨は代謝が盛んではないため、熱産生量は少ない。脂肪組織には、いわゆる皮下脂肪や4：内臓脂肪などの白色脂肪組織と、肩甲骨の間と腋窩にある褐色脂肪組織とがある。白色脂肪組織は熱産生能力が低く、逆に褐色脂肪組織は熱産生能力が極めて高い。ただし、この褐色脂肪組織はヒト新生児では多いが、成人では退縮して少なくなっている。"
262,生理学,34,第30回,問題27,7. 体温,C. 体温調節,体温について正しいのはどれか。,1. 体温調節中枢は延髄にある。,2. 細菌感染では産熱は抑制される。,3. セットポイントの下昇により発熱が起こる。,4. 核心温度の変化は温度感受性ニューロンにより感受される。,4,"【解説】 1：体温調節中枢は視床下部にある。2、3：細菌感染などによりセットポイントが上昇した結果、産熱亢進、放熱抑制によって発熱が生じる。4：核心温度は、視床下部前部から視床前野にかけて存在する温度感受性ニューロンが感じている。これには温度上昇に反応する温ニューロンと温度下降に反応する冷ニューロンがある。"
263,生理学,35,第32回,問題27,7. 体温,C. 体温調節,放熱を促すのはどれか。,1. 立毛筋の収縮,2. 甲状腺ホルモンの分泌,3. 皮膚血管の拡張,4. 骨格筋の収縮,3,"【解説】 外気温上昇時には、3：皮膚血管拡張と発汗によって放熱を促進させて体温を調節する。外気温低下時は、皮膚血管収縮および1：立毛筋収縮によって放熱を抑制させ、4：骨格筋の屈筋と伸筋群の非目的収縮によるふるえや、2：甲状腺ホルモンなどの分泌による内臓や骨格筋の代謝亢進で産熱を促進させて体温を調節する。"
264,生理学,36,第28回,問題33,8. 腎臓の働き,A. 腎臓の働き,糸球体でろ過されるのはどれか。,1. グルコース,2. アルブミン,3. 赤血球,4. 白血球,1,"【解説】 糸球体の毛細血管をろ過されるのは、血漿成分中の低分子（水、Na+・Cl-・HCO3-などのイオン、尿素、1：グルコース、アミノ酸、クレアチニンなど）であり、高分子である2：アルブミンやグロブリンなどの血漿蛋白質や脂質などはろ過されない。3：赤血球や4：白血球などの血球は、血漿蛋白質よりもはるかに大きくろ過されない。"
265,生理学,37,第26回,問題33,8. 腎臓の働き,A. 腎臓の働き,糸球体ろ過量を増加させるのはどれか。,1. 糸球体血圧の上昇,2. 血漿膠質浸透圧の上昇,3. ボーマン嚢内圧の上昇,4. 尿管内圧の上昇,1,"【解説】 糸球体ろ過の原動力は糸球体血圧（約45mmHg）である。しかし、糸球体の毛細血管内には、糸球体血圧と反対方向にかかる血漿膠質浸透圧（約25mmHg）とボーマン嚢内圧（約10mmHg）があるため、ろ過の際に働く有効ろ過圧は、有効ろ過圧＝血漿膠質浸透圧－ボーマン嚢内圧＝45－25－10＝10mmHgとなる。この有効ろ過圧によって糸球体ろ過量が変化するため、1：糸球体血圧の上昇によって、糸球体ろ過量が増加し、2：血漿膠質浸透圧や3：ボーマン嚢内圧の上昇は糸球体ろ過量を減少させる。4：尿路閉塞による尿管内圧の上昇は、ボーマン嚢から続く尿細管の内圧上昇をきたすため、有効ろ過圧が低下し、糸球体ろ過量が減少する。"
266,生理学,38,第31回,問題28,8. 腎臓の働き,A. 腎臓の働き,糸球体ろ過量を増加させるのはどれか。,1. 腎血流量の低下,2. 血中アルブミン濃度の上昇,3. 糸球体血圧の上昇,4. 尿管内圧の上昇,3,"【解説】 実際に分子を押し出す力である糸球体の有効ろ過圧は、「糸球体血圧－血漿膠質浸透圧－ボーマン嚢内圧」によって決まる。したがって、3：糸球体血圧の上昇によって有効ろ過圧が上昇し糸球体ろ過量が増加する。逆に、1：腎血流量低下による糸球体血圧低下、2：血中アルブミン濃度の上昇による血漿膠質浸透圧上昇、4：尿管内圧の上昇によるボーマン嚢内圧上昇は、有効ろ過圧を低下させ糸球体ろ過量を減少させる。"
267,生理学,39,第34回,問題28,8. 腎臓の働き,A. 腎臓の働き,健康成人の尿について正しいのはどれか。,1. 1日の尿量は約300mLである。,2. pHは7.4±0.05の範囲に保たれる。,3. 血漿と同濃度のグルコースを含む。,4. 血漿より高濃度の尿素を含む。,4,"【解説】 1：成人の尿量は約800〜1,600mL/日である。2：尿生成は、体液のpHを7.4±0.05に保つことに寄与しているため、尿のpHは通常4.5〜8.0と変動幅が大きい。3：グルコースは近位尿細管で、通常100%近く再吸収されるため、尿には含まれない。4：血漿の尿素や尿酸は濃縮されて尿中に排泄される。"
268,生理学,40,第27回,問題36,8. 腎臓の働き,C. 蓄尿と排尿,排尿時に起こるのはどれか。,1. 下腹神経活動が亢進する。,2. 外尿道括約筋が収縮する。,3. 膀胱壁の平滑筋が弛緩する。,4. 陰部神経活動が低下する。,4,"【解説】 膀胱内容量が400mLくらいになると、膀胱壁伸展受容器の興奮性が高まり、骨盤神経求心路の活動が活発になり尿意が高まる。そして、脳幹の排尿中枢の活動による骨盤神経遠心路（副交感神経性）の活動亢進が、膀胱壁平滑筋（排尿筋）を強力に収縮させる。同時に下腹神経（交感神経性）と4：陰部神経（体性神経性）の活動が低下し、内および外尿道括約筋が弛緩して排尿が生じる。"
269,生理学,41,第29回,問題27,9. 内分泌,A. ホルモンの特徴,ステロイドホルモンはどれか。,1. サイロキシン,2. アドレナリン,3. コルチゾール,4. ゴナドトロピン,3,"【解説】 ステロイドホルモンは、コレステロールから生成される脂溶性のホルモンであり、副腎皮質ホルモン（3：コルチゾールなど）と卵巣と精巣から分泌される性ホルモンに分類される。1：サイロキシンと2：アドレナリンはアミノ酸誘導体ホルモンである。4：ゴナドトロピンは下垂体前葉から分泌されるペプチドホルモンである。"
270,生理学,42,第34回,問題29,9. 内分泌,B. ホルモンの種類とその働き,バソプレシンについて正しいのはどれか。,1. ステロイドホルモンである。,2. 下垂体前葉から分泌される。,3. 腎臓の集合管における水の再吸収を促す。,4. 血漿浸透圧が低下すると分泌が増加する。,3,"【解説】 1、2：バソプレシンは、下垂体後葉から分泌されるペプチドホルモンである。3、4：多量の発汗などで体液の水が減少して血漿浸透圧が上昇すると分泌が促進する。腎臓の集合管に作用して、水の再吸収が促進され尿量が減少するため、体液の水が増え体液量が増加する。その結果、血漿浸透圧が低下して分泌が減少する。"
271,生理学,43,第33回,問題29,9. 内分泌,B. ホルモンの種類とその働き,インスリンについて正しいのはどれか。,1. 肝臓で産生される。,2. グリコーゲンの分解を促進する。,3. 血糖値が上昇すると分泌が抑制される。,4. 細胞内へのグルコースの取り込みを促進する。,4,"【解説】 1：膵臓のランゲルハンス島β細胞で産生・分泌される。3：食事による血糖値（血中グルコース濃度）上昇によって分泌が促進する。作用として、4：主に骨格筋や脂肪組織において、グルコースの細胞内への取り込みを促進する。また、2：肝臓と骨格筋において、グルコースからグリコーゲンへの合成を促進する。"
272,生理学,44,第26回,問題34,9. 内分泌,B. ホルモンの種類とその働き,グルカゴンにより促進されるのはどれか。,1. グルコースの細胞内への取り込み,2. グリコーゲンの分解,3. 蛋白質の合成,4. 脂肪の合成,2,"【解説】 膵臓ランゲルハンス島α細胞から分泌されるグルカゴンは、肝臓での2：グリコーゲン分解、糖新生（アミノ酸などからグルコースの新生）などの作用により、血中グルコース濃度（血糖値）を上昇させる。1：グルコースの細胞内への取り込み促進、3：蛋白質の合成促進、4：脂肪の合成促進は、いずれも膵臓ランゲルハンス島β細胞から分泌されるインスリンの作用であり、結果として血中グルコース濃度を低下させる。"
273,生理学,45,第25回,問題32,9. 内分泌,B. ホルモンの種類とその働き,コルチゾールの働きでないのはどれか。,1. 抗ストレス作用をもつ。,2. 免疫機能を高める。,3. 胃酸の分泌を促す。,4. 血糖値を高める。,2,"【解説】 コルチゾールは、副腎皮質から産生・分泌される主な糖質コルチコイドである。主要な作用は、筋肉や結合組織などでは蛋白質分解による血中へのアミノ酸放出促進、脂肪組織では脂肪分解による血中への脂肪酸とグリセロール放出促進、肝臓ではアミノ酸とグリセロールからの糖新生によってグルコースを増加させ、4：血糖値を増加させることである。高濃度のコルチゾールは、炎症反応や2：免疫機能を抑制する。他には抗ストレス作用（許容作用）、1：種々のストレスに対する抵抗力を高める作用、3：胃酸分泌を促進する作用などがある。"
274,生理学,46,第30回,問題28,9. 内分泌,B. ホルモンの種類とその働き,糖質コルチコイドの作用で正しいのはどれか。,1. 血糖値を低下させる。,2. 血圧を低下させる。,3. 胃酸分泌を抑制する。,4. 炎症反応を抑制する。,4,"【解説】 1：肝臓での糖新生により血糖値を上昇させる。2：ごく微量で他のホルモン作用を増強することを許容作用といい、糖質コルチコイドはカテコールアミンの血圧上昇などの作用発揮に必要な作用を持つ。3：胃酸分泌を促進させる。4：免疫反応や炎症反応を抑制する。"
275,生理学,47,第27回,問題37,9. 内分泌,B. ホルモンの種類とその働き,ホルモンとその作用の組み合わせで正しいのはどれか。,1. プロラクチン ——— 乳汁産生促進,2. 成長ホルモン ——— 血糖値低下,3. 甲状腺ホルモン ——— 基礎代謝低下,4. 糖質コルチコイド ——— 炎症反応亢進,1,"【解説】 下垂体前葉から分泌される1：プロラクチンは、成熟した乳腺細胞に働き乳汁産生・分泌を促進させる。乳汁の排出を生じさせるのは、下垂体後葉から分泌されるオキシトシン（産生は視床下部）であることに注意してほしい。下垂体前葉から分泌される2：成長ホルモンは、生育期の白質合成の促進などの作用も持つ。甲状腺腺胞から分泌される3：甲状腺ホルモンは、多くの臓器の酸素消費を高め、基礎代謝を亢進する作用を持つ。副腎皮質から分泌される4：糖質コルチコイドは、肝臓での糖新生を促進させ血糖値を上昇させる作用のほか、炎症反応を抑制する作用などがある。"
276,生理学,48,第31回,問題26,9. 内分泌,B. ホルモンの種類とその働き,内分泌器官と分泌されるホルモンの組合せで正しいのはどれか。,1. 甲状腺 ——— サイロキシン,2. 膵臓 ——— アドレナリン,3. 副腎皮質 ——— エストロゲン,4. 卵巣 ——— インスリン,1,"【解説】 1：甲状腺濾胞細胞からは、甲状腺ホルモンのサイロキシンとトリヨードサイロニンが分泌される。2：膵臓ランゲルハンス島のα細胞からはグルカゴン、β細胞からはインスリンが分泌される。3：副腎束状層からは、コルチゾールが分泌される。4：卵巣からは、エストロゲンとプロゲステロンが分泌される。"
277,生理学,49,第29回,問題28,10. 生殖と成長,B. 女性生殖器,性周期について正しいのはどれか。,1. 排卵に先立って黄体ホルモンの分泌が急激に増加する。,2. 卵胞ホルモンの作用により子宮内膜が増殖する。,3. 子宮内膜の増殖期が終了すると月経期となる。,4. 子宮内膜の分泌期には卵胞が成熟する。,2,"【解説】 卵巣からの卵胞ホルモン（エストロゲン）の分泌が増加し、これの作用によって子宮内膜が増殖する。1：排卵は黄体形成ホルモンの過渡性の急激な分泌増加で誘発される。3、4：子宮内膜の増殖期の後に、黄体からのプロゲステロンによって子宮内膜の分泌期になり受精卵が着床しやすい状態になる分泌期となる。"
278,生理学,50,第34回,問題30,10. 生殖と成長,C. 妊娠と出産,性周期において卵胞期に起こるのはどれか。,1. 受精卵の着床,2. 子宮内膜の肥厚,3. 基礎体温の上昇,4. プロゲステロン分泌の増加,2,"【解説】 卵胞周期に卵胞の成熟・発育に伴って卵胞から分泌されるエストロゲンは、卵胞の発育促進の他、2：子宮内膜を厚くさせるなどの作用がある。黄体期には4：黄体から分泌されるプロゲステロンは、子宮粘膜の腺分泌を促進する他、3：基礎体温上昇などの作用がある。1：受精卵の着床は、受精後約1週間の分泌期（卵巣では黄体期）に生じる。"
279,生理学,51,第32回,問題28,10. 生殖と成長,C. 妊娠と出産,プロラクチンについて正しいのはどれか。,1. 乳汁生産を促す。,2. 排卵を促す。,3. ステロイドホルモンである。,4. 下垂体後葉から分泌される。,1,"【解説】 プロラクチンは、下垂体前葉で産生・分泌されるペプチドホルモンである。女性において、乳腺の発達を促進し、1：成熟した乳腺で乳汁産生と乳管への分泌を促進する。乳頭から乳汁の排出（射乳）を促進するのは、下垂体後葉ホルモンのオキシトシンである。また、授乳期の高いプロラクチン濃度では、排卵を抑制する作用がある。"
280,生理学,52,第33回,問題30,10. 生殖と成長,D. 成長と老化,寿命が最も長い細胞はどれか。,1. 神経細胞,2. 赤血球,3. 血小板,4. 上皮細胞,1,"【解説】 1：神経細胞は、生後早い時期に分裂能力がなくなり、寿命が極めて長く、基本的にはその人と同じ寿命を持っていることになる。2：赤血球は約120日、3：血小板は5〜10日の寿命である。4：上皮細胞は組織によって異なり、腸では約3日、皮膚では約1か月の寿命と言われている。"
281,生理学,53,第25回,問題33,10. 生殖と成長,D. 成長と老化,加齢に伴い低下するのはどれか。,1. 血圧,2. 肺活量,3. 副腎皮質ホルモン分泌,4. 血糖値,2,"【解説】 加齢に伴う肺胞表面積の減少や呼吸筋機能の低下により、2：肺活量が減少する。加齢に伴って血管壁の弾性が低下し、血管が硬くなり、1：血圧が上昇する。3：副腎皮質ホルモンやカテコールアミンの分泌は、加齢に伴い増加する。"
282,生理学,54,第30回,問題29,10. 生殖と成長,D. 成長と老化,加齢に伴い増加するのはどれか。,1. 副腎皮質ホルモン分泌,2. 肺活量,3. 神経伝達速度,4. 重心動揺,4,"【解説】 1：副腎皮質ホルモン、インスリン、甲状腺ホルモンなどの分泌は加齢に伴っては変化しない。2：加齢に伴い安静時の1回換気量はほぼ変化ないが、肺活量は減少する。3：加齢に伴い神経伝達速度とシナプスの伝達効率が低下する。4：体性感覚や前庭感覚が低下するため、60歳頃より立位姿勢時の重心動揺が増加する。"
283,生理学,55,第27回,問題33,11. 神経,B. 神経の興奮伝達,神経繊維における興奮伝達の3原則に含まれるのはどれか。,1. 跳躍伝導,2. 絶縁性,3. 絶緑性伝達,4. 一方向性伝達,2,"【解説】 神経繊維における興奮伝達の3原則とは、両方向性伝達、3：絶緑性伝達、不減衰伝導であり、この3原則は無髄神経でも、有髄神経でも、この3原則当てはまる。両方向性伝達とは、神経細胞の発生点から興奮が生じた場合に、その興奮の発生点から方向性に興奮が伝わることをいう。絶緑性伝達は、1本の神経繊維の興奮が、隣接する他の神経繊維の興奮を生じさせないで伝導することをいう。不減衰伝導とは、発生した興奮の大きさを変えずに一定の大きさで神経繊維の伝達を生じることをいう。1：跳躍伝導は、有髄神経のみで生じる興奮伝導の3原則には含まれない。"
284,生理学,56,第25回,問題35,11. 神経,E. 反射,反射について正しいのはどれか。,1. 腹壁反射の中枢は脊髄にある。,2. 屈曲反射の遠心路は脊髄神経である。,3. 屈曲反射の求心路はⅠa群繊維である。,4. アキレス腱反射は多シナプス反射である。,1,"【解説】 1：皮膚の刺激によって、脊髄に存在する反射中枢を介して、骨格筋が収縮する反射を皮膚反射といい、腹壁反射、提睾筋反射、肛門反射などがある。2：脳幹から起始する脳神経の運動ニューロンは、主に顔面、咽頭、頸部および頭部の筋を支配しており、これらの筋の反射関与運動ニューロンとして、角膜反射、開口反射、嚥下反射などがある。3：股関節に侵害刺激が加わると、同側の筋が収縮して股全体を侵害刺激から遠ざけようとする。この反射を屈曲反射といい、主な求心路は有害刺激を伝えるⅢ群繊維、Ⅳ群繊維でもある。一部非侵害性の刺激を伝えるⅡ群繊維も含まれる。4：アキレス腱反射は筋紡錘を受容器とする伸張反射の一つであり、Ⅰa群繊維とα運動ニューロンに1個のシナプスを介する単シナプス反射である。"
285,生理学,57,第27回,問題34,11. 神経,E. 反射,伸張反射の反射弓に含まれるのはどれか。,1. 運動野,2. 脊髄後角,3. Ⅰb群求心性繊維,4. α運動ニューロン,4,"【解説】 反射において、情報の伝わる経路を反射弓といい、受容器→求心路→反射中枢→遠心路→効果器の5つの要素からなる。反射中枢とは、反射弓の中で神経系内で反射のためのネットワークを作っている場所のことである。伸張反射の反射弓は、受容器：筋紡錘→求心路：Ⅰa群筋紡錘感覚繊維（4：α運動ニューロン）→効果器：筋紡錘からなる。伸張反射の反射中枢である脊髄前角では1a求心性繊維の終末がα運動ニューロンの細胞体と単シナプスしている。"
286,生理学,58,第26回,問題30,11. 神経,J. 視床下部,摂食を抑制するのはどれか。,1. グレリン,2. オレキシン,3. ロイコトリエン,4. レプチン,4,"【解説】 4：レプチンは、白色脂肪組織から分泌される動抑制作用、末梢組織でのエネルギー消費亢進作用を持つ。1：グレリンは、胃から分泌され、強力に摂食を促進する。2：オレキシンは神経ペプチドの一種であり、これにも摂食促進作用がある。3：ロイコトリエンは、肥満細胞や白血球で産生され、気管支の収縮、血管透過性亢進などの作用があり、気管支喘息やアレルギーの反応、炎症反応の維持に関与している。"
287,生理学,59,第26回,問題35,11. 神経,K. 大脳,単語の記憶に重要な部位を含むのはどれか。,1. 視床下部,2. 小脳核,3. 大脳基底核,4. 大脳辺縁系,4,"【解説】 過去の経験、知識、情報を覚え込み（記銘）、その内容を覚えていて（保持）、意識のあるいは無意識的に思い出す（想起）一連の能力を記憶という。記憶の機能には、大脳皮質の感覚野や連合野、4：大脳辺縁系にある海馬、脳幹などが関与し、特に海馬の役割が重要である。"
288,生理学,60,第33回,問題31,11. 神経,K. 大脳,大脳皮質の機能局在について正しいのはどれか。,1. 運動野は側頭葉上部にある。,2. 聴覚野は中心前回にある。,3. 視覚野は前頭葉下部にある。,4. 体性感覚野は中心後回にある。,4,"【解説】 1：運動野（一次運動野）は前頭葉の中心前回にある。2：聴覚野は側頭葉の上部で外側溝にある。3：視覚野は後頭葉の内側面にある。4：体性感覚野（一次体性感覚野）は、頭頂葉の中心後回にある。味覚野は、体性感覚野の下部にある。"
289,生理学,61,第30回,問題30,11. 神経,K. 大脳,脳波について正しいのはどれか。,1. α波は安静覚醒閉眼時に現れる。,2. β波はα波より周波数が低い。,3. δ波は運動時に多く現れる。,4. 深度睡眠時には脳波は平坦となる。,1,"【解説】 脳波は周波数によって、次のように分類される。α波：8〜13Hzで閉眼時の安静覚醒状態で最もよく現れる。β波：14〜30Hzで精神活動中や感覚刺激を受けた時などに現れる。θ波：4〜7Hzで睡眠時に現れる。δ波：0.5〜3Hzで深睡眠時によく現れる。α波より遅い波を徐波といい、β波のような振幅の徐波が見られる。"
290,生理学,62,第34回,問題31,11. 神経,K. 大脳,成人のレム睡眠について正しいのはどれか。,1. 眼球が急速に動く。,2. 脳波に棘波が出現する。,3. 睡眠全体の約60%を占める。,4. 全身の骨格筋の緊張が亢進する。,1,"【解説】 レム睡眠は、1：急速眼球運動（Rapid Eye Movement〈REM〉）を伴い、2：脳波では低振幅の速波が見られ、4：全身の骨格筋は弛緩し、夢見ていることが多いなどの特徴がある。3：睡眠全体の約20%を占める。高振幅の徐波（θ波、δ波）の脳波が見られるノンレム睡眠の後に、レム睡眠に移行する。2：棘波は異常脳波の一つである。"
291,生理学,63,第27回,問題31,11. 神経,N. 自律神経系,交感神経活動の亢進によって起こるのはどれか。,1. 排尿筋の収縮,2. 気管支筋の弛緩,3. 瞳孔括約筋の収縮,4. 内肛門括約筋の弛緩,2,"【解説】 交感神経活動の亢進では、膀胱の壁平滑筋の弛緩による蓄尿促進、2：気管支平滑筋の弛緩による気管支の拡張、瞳孔散大筋の収縮による散瞳、内肛門括約筋の収縮によって排便の抑制が生じる。"


