443,臨床医学各論,1,第26回,問題64,1 感染症,A. 感染と病態,感染症に罹患しやすいのはどれか。,1. 血友病,2. 悪性リンパ腫,3. 鉄欠乏性貧血,4. 遺伝性球状赤血球症,2,2：**悪性リンパ腫**の原因は明らかではないが、特定のウイルスや細菌などの病原体との関連性も示されている。また、免疫不全者に多いとの報告もあり、**日和見感染症**の危険性が高いと考えられる。1：血友病は、主に遺伝によって生じる血液凝固異常であり、3：鉄欠乏性貧血は、消化管出血や月経異常などが原因となる。また、4：遺伝性球状赤血球症は、赤血球の遺伝的異常により貧血をきたす疾患である。
444,臨床医学各論,2,第27回,問題69,1 感染症,A. 感染と病態,感染症について正しいのはどれか。,1. ムンプスウイルスは空気感染する。,2. MRSAは院内感染の原因となる。,3. ボツリヌス菌による食中毒の主たる症状は血便である。,4. 風疹は精巣炎を合併する。,2,1：**ムンプスウイルス**は、**飛沫感染**と接触感染である。2：**メチシリン耐性黄色ブドウ球菌（MRSA）**は、院内感染の代表的な原因菌である。3：**ボツリヌス菌**食中毒の主な症状は、運動麻痺症状である。思春期以降の男性が流行性耳下腺炎を発症すると、25%の確率で**精巣炎**を合併する。
445,臨床医学各論,3,第28回,問題69,1 感染症,A. 感染と病態,潜伏期間が最も長いのはどれか。,1. 流行性耳下腺炎,2. エイズ,3. ジフテリア,4. 破傷風,2,1：流行性耳下腺炎はムンプスウイルスが病原体であり、潜伏期間は2〜3週間とされている。2：**エイズ**はヒト免疫不全ウイルス（HIV）を病原体として、潜伏期間は**6か月〜15年以上**と幅広い。3：ジフテリアはジフテリア菌が病原体であり、潜伏期間は2〜5日である。4：破傷風は嫌気性グラム陰性桿菌を病原体として、潜伏期間は3日〜3週間である。
446,臨床医学各論,4,第29回,問題65,1 感染症,A. 感染と病態,院内感染と関連が深いのはどれか。,1. 破傷風菌,2. MRSA,3. 肺炎球菌,4. ボツリヌス菌,2,2：**MRSA**は、メチシリンを含むほとんどのβ-ラクタム系薬（抗菌薬）に対して耐性を獲得した黄色ブドウ球菌であり、代表的な院内感染の病原細菌の1つである。
447,臨床医学各論,5,第30回,問題65,1 感染症,A. 感染と病態,感染症と媒介生物の組合せで正しいのはどれか。,1. 発疹チフス ―― ダニ,2. トキソプラズマ症 ―― シラミ,3. デング熱 ―― 蚊,4. 日本脳炎 ―― ネズミ,3,1：発疹チフスは**コロモジラミ**を媒介昆虫とするリケッチアによる感染症である。2：トキソプラズマ症はトキソプラズマ原虫の**経口感染**であり、昆虫媒介感染ではない。3：**デング熱**は**ネッタイシマカやヒトスジシマカ**によって媒介されるデングウイルスによる感染症である。4：日本脳炎は**コガタアカイエカ**によって媒介される日本脳炎ウイルスによる感染症である。
448,臨床医学各論,6,第29回,問題66,1 感染症,B. 細菌感染症,細菌感染症はどれか。,1. 帯状疱疹,2. 流行性角結膜炎,3. 百日咳,4. 手足口病,3,1：帯状疱疹は**水痘・帯状疱疹ウイルス**による感染症である。2：流行性角結膜炎は**アデノウイルス**による感染症である。3：**百日咳**は**百日咳菌**による感染症である。4：手足口病はコクサッキーウイルスやエンテロウイルスによる感染症である。
449,臨床医学各論,7,第30回,問題67,1 感染症,B. 細菌感染症,予防接種が有効な感染症はどれか。,1. 百日咳,2. 腸チフス,3. C型肝炎,4. 猩紅熱,1,1：**百日咳**は三種混合ワクチン（**百日咳・ジフテリア・破傷風**）が有効な感染症である。
450,臨床医学各論,8,第31回,問題53,1 感染症,B. 細菌感染症,細菌感染症はどれか。,1. デング熱,2. 破傷風,3. 日本脳炎,4. 手足口病,2,1：デング熱は**デングウイルス**によるウイルス感染症である。2：**破傷風**は**破傷風菌**による細菌感染症である。3：日本脳炎は日本脳炎ウイルスによるウイルス感染症である。4：手足口病はコクサッキーウイルス、エンテロウイルスによるウイルス感染症である。
451,臨床医学各論,9,第31回,問題54,1 感染症,B. 細菌感染症,細菌性腸炎の原因菌と食品の組合せで誤っているのはどれか。,1. サルモネラ属 ―― ハチミツ,2. 腸炎ビブリオ ―― 生鮮魚介類,3. ブドウ球菌 ―― にぎりめし,4. カンピロバクター ―― 鶏肉,1,1：**サルモネラ属** ―― **鶏卵**や生肉、ボツリヌス菌 ―― **ハチミツ**の組合せが正しい。
452,臨床医学各論,10,第33回,問題49,1 感染症,B. 細菌感染症,食中毒の原因となる細菌と食品の組合せで正しいのはどれか。,1. サルモネラ属 ―― 魚介類,2. 腸炎ビブリオ ―― レバー,3. ブドウ球菌 ―― 鶏肉,4. カンピロバクター ―― 鶏肉,4,1：サルモネラは**鶏卵**、生肉などが原因となる。2：腸炎ビブリオは**生魚介類**などが原因となる。3：カンピロバクターは**鶏肉**、生乳などが原因となる。4：腸管出血性大腸菌は**ハンバーガー、生乳、アップルサイダー**などが原因となる。
453,臨床医学各論,11,第26回,問題65,1 感染症,C. ウイルス感染症,感染症について正しいのはどれか。,1. インフルエンザウイルス感染は迅速な検査が可能である。,2. 麻疹は「三日ばしか」と言われている。,3. 帯状疱疹は単純ヘルペスウイルスによる感染である。,4. 梅毒はクラミジアによる感染である。,1,1：インフルエンザウイルス感染は、免疫法による**迅速検査**が可能である。風疹は、2：**麻疹**に似た発疹が出ることから「三日ばしか」といわれる。3：帯状疱疹は、**水痘・帯状疱疹ウイルス**の感染によって起こる。4：梅毒は、**梅毒トレポネーマ**が病原体である。
454,臨床医学各論,12,第28回,問題68,1 感染症,C. ウイルス感染症,帯状疱疹について正しいのはどれか。,1. 抗ウイルス薬が有効である。,2. 発疹は両下肢に好発する。,3. コプリック斑が出現する。,4. 小児期に発症する。,1,帯状疱疹は水痘帯状疱疹ウイルスを原因として、皮膚の痛み、発赤、斑点、帯状の水疱が出現する。2：**上半身**に好発し、軽症の場合は抗ヘルペス薬の外用が行われるが、原則的には1：**抗ウイルス薬**の全身投与が選択される。小児期の初感染は水痘として発症し、その後は潜伏感染するため、4：**加齢**や免疫力の低下により再発したものが帯状疱疹とされる。3：コプリック斑は麻しんウイルスの感染後、病初期に頬粘膜に出現する。
455,臨床医学各論,13,第29回,問題67,1 感染症,C. ウイルス感染症,感染症について正しいのはどれか。,1. 風疹は「三日ばしか」と言われる。,2. 日本脳炎はネズミの媒介によって感染する。,3. 水痘は精巣炎を合併しやすい。,4. 流行性耳下腺炎は空気感染する。,1,1：麻疹は「**はしか**」、風疹は「**三日ばしか**」と言われる。2：日本脳炎はコガタアカイエカなどの**蚊**の媒介によってヒトに感染する。3：水痘の合併症として、細菌感染症、血小板減少性紫斑病、脳炎、脊髄炎、関節炎、肺炎などがみられる。4：流行性耳下腺炎はムンプスウイルスの**飛沫感染**により生じる。
456,臨床医学各論,14,第30回,問題68,1 感染症,C. ウイルス感染症,アデノウイルス感染症はどれか。,1. 流行性耳下腺炎,2. 流行性角結膜炎,3. 伝染性単核球症,4. 手足口病,2,1：流行性耳下腺炎は**ムンプスウイルス**、2：流行性角結膜炎は**アデノウイルス**、3：伝染性単核球症は**EBウイルス**、4：手足口病は**エンテロウイルス**による感染症である。
457,臨床医学各論,15,第32回,問題49,1 感染症,C. ウイルス感染症,介護保険施設でノロウイルス感染症が発生した。感染を拡大させないための対応として適切なのはどれか。,1. 感染者の居室は次亜塩素酸ナトリウムで清拭する。,2. 感染者の吐物は乾燥してから処理する。,3. 感染者が使用したリネンは60℃の加熱処理を行う。,4. 感染者が使用した食器はアルコールで消毒する。,1,"1, 4：ノロウイルスはアルコールに対して抵抗力があるため、**次亜塩素酸ナトリウム**を用いた消毒を行う。2：乾燥すると空中に漂うことで感染リスクとなるため、感染者の吐物は**乾燥する前に拭き取り**、次亜塩素酸ナトリウムで消毒を行う。3：嘔吐物や排泄物が付着したリネン等は塩素系消毒液に浸すか、**85℃以上で1分以上の加熱処理（熱水消毒）**を行い、他のものと分けて最後に洗濯する。"
458,臨床医学各論,16,第32回,問題52,1 感染症,C. ウイルス感染症,水痘の症状はどれか。,1. 耳下腺の腫脹,2. 両頬部のびまん性紅斑,3. 水疱へと進行する紅斑,4. 解熱前後の斑状丘疹性発疹,3,1：耳下腺の腫脹がみられる代表疾患は**流行性耳下腺炎**である。2：両頬部のびまん性紅斑がみられる代表的疾患は**全身性エリテマトーデス**である。3：水痘の皮疹の典型的な進行は**紅斑→丘疹→水疱→膿疱→痂皮→治癒**である。4：解熱とともに（解熱前後）斑状丘疹性発疹が生じる代表的疾患は**突発性発疹**である。
459,臨床医学各論,17,第34回,問題49,1 感染症,C. ウイルス感染症,帯状疱疹について正しいのはどれか。,1. 5類感染症である。,2. ウイルスの初回感染で起こる。,3. ワクチンによって予防が可能である。,4. 左右対称性に出現する。,3,1：初感染の**水痘**は5類感染症であるが、帯状疱疹は5類感染症ではない。2：水痘帯状疱疹ウイルスの再活性化により発症し、初感染では**水痘**となる。3：ワクチンにより発症予防や重症化予防が可能である。4：典型的な皮疹は**神経支配領域（デルマトーム）**に一致して片側性に出現する。
460,臨床医学各論,18,第27回,問題55,2 神経・筋疾患,A. 脳血管疾患と頭部外傷,脳血管性パーキンソニズムの特徴について正しいのはどれか。,1. 手指振戦,2. 前傾前屈姿勢,3. 歯車様筋強剛,4. 歩行障害,4,パーキンソン病は、脳の黒質にある神経細胞が消失して発症する原因不明の病気で、神経変性疾患ではアルツハイマー病の次に多いとされている。脳血管障害でもよく似た症状が現れることがあり、脳血管性パーキンソニズムと呼ばれる。パーキンソン病の代表的な症状としては、1：**安静時振戦**、3：**筋固縮**、無動、姿勢保持障害が挙げられるが、多発性脳梗塞に伴って、4：**歩行障害**を主体としたパーキンソニズムを認めると、脳血管性パーキンソニズムと診断される。
461,臨床医学各論,19,第30回,問題55,2 神経・筋疾患,A. 脳血管疾患と頭部外傷,高血圧性脳出血が最も好発する部位はどれか。,1. 被殻,2. 視床,3. 橋,4. 前頭葉,1,高血圧性脳出血の部位別頻度は①**被殻**、②視床、③**脳幹（橋）**、④皮質下、⑤**小脳**、⑥尾状核、その他である。
462,臨床医学各論,20,第30回,問題83,2 神経・筋疾患,A. 脳血管疾患と頭部外傷,次の文で示す症例について、下記の2問に答えよ。「65歳の男性。左片麻痺と意識障害を生じた。頭部CT検査にて右被殻出血と診断され、保存的治療を受けた。リハビリテーションの評価において視覚の見落としが著明であった。」本患者の高次脳機能障害はどれか。,1. 失行,2. 注意障害,3. 記憶障害,4. 遂行機能障害,2,症例文より左片麻痺で劣位半球に病巣があるため、半側空間無視を疑うが、視覚の見落としに左右の記載がない（半側空間無視の多くは左側の無視）ため、**注意障害**を疑うのが最も妥当である。
463,臨床医学各論,21,第30回,問題84,2 神経・筋疾患,A. 脳血管疾患と頭部外傷,適切な対応はどれか。,1. メモをとるように勧める。,2. 周囲の人が動作を促す。,3. 段差に気を付けるように指導する。,4. 同時に複数の課題をさせない。,3,注意障害は危険回避能力の低下もみられるため、片麻痺患者の段差での転倒回避を目的として3：段差に気を付けるように指導する。が最も妥当である。
464,臨床医学各論,22,第31回,問題83,2 神経・筋疾患,A. 脳血管疾患と頭部外傷,次の文で示す症例について、下記の2問に答えよ。「68歳の女性。右利き。右片麻痺を生じ病院に救急搬送された。MRI検査にて左中脳動脈領域の脳梗塞と診断され、保存的治療を受けた。」本患者の症状で最もみられるのはどれか。,1. 失調症,2. 失語症,3. 左半側空間無視,4. 注意障害,2,症例は左脳梗塞によって右片麻痺を呈した疾患である。1：失調症（小脳失調）は脳底動脈領域の梗塞でみられる。2：言語中枢は**左脳**にあるため失語症がみられる。3：左半側空間無視は**右脳梗塞**でみられる。4：注意障害は前頭連合野の障害で生じるが機能局在に左右差はない。
465,臨床医学各論,23,第31回,問題84,2 神経・筋疾患,A. 脳血管疾患と頭部外傷,重度の片麻痺が続いた場合に行うADL訓練として最も適切なのはどれか。,1. 箸を使った食事動作,2. 両上肢での更衣,3. 両手での洗顔,4. 利き手交換,4,右手（※前問参照）に重度の片麻痺が続いた場合の訓練と捉えるため、4：利き手交換が正しい。
466,臨床医学各論,24,第34回,問題69,2 神経・筋疾患,A. 脳血管疾患と頭部外傷,一過性脳虚血発作について正しいのはどれか。,1. 脳卒中のひとつである。,2. 発作は24時間以内に消失する。,3. MRI検査で急性梗塞巣を認める。,4. 薬物療法は不要である。,2,1：一過性脳虚血発作は**脳卒中の前兆**である。2：症状は24時間以内に完全に消失する。3：梗塞は虚血性壊死であるため、梗塞巣は認めない。4：再発予防に薬物療法（抗血小板薬や抗凝固療法）が必要である。
467,臨床医学各論,25,第34回,問題85,2 神経・筋疾患,A. 脳血管疾患と頭部外傷,次の症例について、下記の2問に答えよ。「66歳の男性。右前頭葉に脳出血を発症し保存治療中。身体麻痺は認められず排泄動作は自立しているが、トイレに行くこと自体を忘れて失禁することがある。」高次脳機能障害として最も考えられるのはどれか。,1. 半側空間無視,2. 遂行機能障害,3. 身体失認,4. 観念失行,2,設問文が示すのは2：**遂行機能障害**である。1：半側空間無視は**右頭頂葉**の障害でみられる。3：身体失認は自分の身体を認知できない失認で、**頭頂葉**の障害でみられる。4：観念失行は慣れているはずの動作を順序立てて行えない失行で、**頭頂葉（左角回）**の障害でみられる。
468,臨床医学各論,26,第34回,問題86,2 神経・筋疾患,A. 脳血管疾患と頭部外傷,家族が患者に行う対応として最も適切なのはどれか。,1. 本人の自主性を尊重して見守る。,2. 繰り返し口頭で指示する。,3. 手順が見える形で示して一緒に確認する。,4. 刺激を与えるため毎日予定を変える。,3,1：一見適切にみえるが、放置は不適切である。2：口頭指示のみでは不十分である。3：手順を視覚的に示し、一緒に確認することで行動を補助するのが適切である。4：環境変化は混乱を招くため適切ではない。
469,臨床医学各論,27,第28回,問題79,2 神経・筋疾患,B. 感染性疾患,次の文で示す症例について、下記の2問に答えよ。「60歳の男性。高血圧にて内服加療中。2日前から38℃の発熱、昨日から嘔吐と頭部全体の痛みがある。意識レベルはJCSでⅠ-1、血圧は178/90mmHgである。」最も考えられる疾患はどれか。,1. 高血圧性脳症,2. 髄膜炎,3. 群発頭痛,4. 小脳出血,2,症例は発熱、嘔吐、頭痛、意識レベルの若干の低下、収縮期血圧の上昇から2：**髄膜炎**が最も疑われる。1：高血圧脳症では一般的に180/110mmHg以上の異常高血圧を呈する。3：群発頭痛は周期的に激烈な頭痛が特徴である。4：小脳出血は頭痛の他、嘔気や眩暈、身体バランス・歩行機能の低下などが見られ、重度の意識障害を呈する。
470,臨床医学各論,28,第28回,問題80,2 神経・筋疾患,B. 感染性疾患,本症例で確認すべき所見はどれか。,1. ケルニッヒ徴候,2. ホルネル徴候,3. バレー徴候,4. ロンベルグ徴候,1,前問から、本症では1：**ケルニッヒ徴候**が陽性となる。2：ホルネル徴候は交感神経遠心路の障害、3：バレー徴候は錐体路障害、4：ロンベルグ徴候は脊髄後索の障害で陽性となる。
471,臨床医学各論,29,第25回,問題77,2 神経・筋疾患,D. 変性疾患,次の文で示す症例について、下記の2問に答えよ。「78歳の男性。手がふるえ、動作が緩慢で、表情がなく、前かがみになりやすく、筋肉がこわばる。」本症例でみられる症状と所見の組合せで正しいのはどれか。,1. 手がふるえる ―― 企図振戦,2. 表情がない ―― 満月様顔貌,3. 前かがみになる ―― 起坐位,4. 筋肉がこわばる ―― 固縮,4,本症例は**パーキンソン病**を示唆しており、**安静時振戦**、4：**筋固縮**、無動、寡動（**動作緩慢**）、姿勢反射障害（前傾姿勢、**小刻み歩行**）がみられ、**仮面様顔貌**となる。1：**企図振戦**は脊髄小脳変性症でみられ、2：**満月様顔貌**は、クッシング症候群やステロイドの長期、大量使用によって起こる。3：**起坐位**は、慢性閉塞性肺疾患（COPD）などの呼吸器疾患でみられる。
472,臨床医学各論,30,第25回,問題78,2 神経・筋疾患,D. 変性疾患,本症例の原因で適切なのはどれか。,1. 錐体路障害,2. 炎症性脱髄,3. ドパミン欠乏,4. アセチルコリン受容体障害,3,**パーキンソン病**では、神経伝達物質の一つである3：ドパミンが**減少**し、**アセチルコリンが増加**する。
473,臨床医学各論,31,第28回,問題56,2 神経・筋疾患,D. 変性疾患,次の文で示す症例に対する歩行介助で最も適切なのはどれか。「58歳の男性。2年前から右手の振戦が出現、後に動作が緩慢になってきた。急に狭くなる場所では足が前に出ない。」,1. 静かに見守る。,2. 積極的に会話する。,3. 速いテンポの音楽を流す。,4. メトロノームでリズムをとる。,4,手指の**振戦**、**動作緩慢**、狭い場所での**歩行困難**を呈することからパーキンソン病が疑われる。運動症状としてはこの他、**筋強剛**、**無動・寡動**、**姿勢反射障害**などが見られる。これらに起因して歩行障害を呈し、狭い場所での移動や方向転換が難しくなるため、付き添いや4：**メトロノームでリズムをとる**、歩行リズムの声掛け、目印の設定、杖などの道具を使っての介助が適切である。
474,臨床医学各論,32,第30回,問題54,2 神経・筋疾患,D. 変性疾患,パーキンソン病で振戦が最も起こりやすいのはどれか。,1. 字を書くとき,2. じっとしているとき,3. 何か物を取ろうとするとき,4. からだの前で手を保持するとき,2,パーキンソン病で特徴的な振戦は**安静時振戦**（2：じっとしているとき）である。1：字を書くとき、3：何か物を取ろうとするときに生じるのは**企図振戦**で、主に小脳疾患で生じる。4：からだの前で手を保持するときに生じるのは**姿勢時振戦**で、代表的なものは生理的振戦、本態性振戦である。アルコール多数飲者にもみられることがある。
475,臨床医学各論,33,第32回,問題85,2 神経・筋疾患,D. 変性疾患,次の文で示す症例について、下記の2問に答えよ。「60歳の女性。数年前から左手の振戦を生じ、次第ですくみ足、寡動を認めるようになり、近医にて診断を受け、投薬が開始された。」最もよくみられる症候はどれか。,1. 仮面様顔貌,2. 測定障害,3. 眼瞼下垂,4. 痙縮,1,振戦、すくみ足、寡動、年齢及び性別などから**パーキンソン病**を疑う症例である。パーキンソン病に最もよくみられる症候は1：仮面様顔貌である。2：測定障害は小脳障害や深部感覚障害などでみられる。3：眼瞼下垂は動眼神経障害やホルネル症候群、重症筋無力症などでみられる。4：痙縮は**錐体路系**の障害でみられる。パーキンソン病は代表的な**錐体外路系**の疾患で**固縮（筋強剛）**がみられる。
476,臨床医学各論,34,第32回,問題86,2 神経・筋疾患,D. 変性疾患,歩行障害に対するリハビリテーションとして最も適切なのはどれか。,1. 歩行速度を上げるように指示する。,2. メトロノームを用いた訓練を行う。,3. 継ぎ足歩行をさせる。,4. 坂道での訓練を行う。,2,パーキンソン病の歩行障害に対して**外発性の合図（リズム音や棒またぎ）**を用いた訓練が有用とされているため、2：メトロノームを用いた訓練（リズム音）を行うのが適切である。
477,臨床医学各論,35,第33回,問題69,2 神経・筋疾患,D. 変性疾患,パーキンソン病でよくみられるのはどれか。,1. 下痢,2. 発汗低下,3. 唾液減少,4. 起立性低血圧,4,パーキンソン病では主症状として**安静時振戦**、**無動**、**姿勢反射障害**、**筋強剛（固縮）**がみられる。その他、自律神経症状として1：**便秘**、2：**脂漏性皮膚炎（青顔）**、3：**流涎（唾液分泌亢進）**、4：起立性低血圧がみられ、精神症状として抑うつや睡眠障害などもみられる。
478,臨床医学各論,36,第34回,問題51,2 神経・筋疾患,D. 変性疾患,脳性麻痺について正しいのはどれか。,1. 脳の進行性病変に基づく障害である。,2. 病型は失調型が最も多い。,3. 精神発達遅滞と麻痺の程度は無関係である。,4. ボツリヌス毒素治療の適応とはならない。,3,1：「受胎から**新生児期（生後4週間以内）**までの間に生じた**脳の非進行性病変**に基づく、**永続的ななし直し変化しうる運動および姿勢の異常**である。その症状は**満2歳**までに発現する。進行性疾患や一過性運動障害または将来正常化するであろうと思われる運動発達遅延は除外する。」2：**痙直型**が最も多い。3：精神発達遅滞を合併することが多いが、麻痺の程度とは無関係である。4：痙縮軽減のためボツリヌス毒素治療が用いられる。
479,臨床医学各論,37,第27回,問題72,2 神経・筋疾患,E. 認知症,認知症の症状とその原因となる病態の組合せで正しいのはどれか。,1. トイレ以外で放尿する ―― 失行,2. テレビのリモコンが使えない ―― 失認,3. 「財布がない」と大騒ぎをする ―― 記銘力障害,4. 料理ができない ―― 見当識障害,3,1：**失行**とは、運動可能であるにもかかわらず合目的な運動ができない状態をいう。2：**失認**とは、視力、聴力、感覚、記憶に問題がないのに見た物、聞いた物、触った物が何であるか分からない状態をいう。3：**記銘力障害**とは、新しく体験したことを覚える能力、過去に体験したことを保持する能力の障害をいう。見当識とは自分が置かれている状況を認識する能力をいい、4：**見当識障害**はこの能力が障害された状態である。
480,臨床医学各論,38,第27回,問題77,2 神経・筋疾患,E. 認知症,次の文で示す症例について、下記の2問に答えよ。「80歳の男性。1年前から夜間に人や子どもが見え、本当に人がいるように話しかけることもある。半年前から次第に動作が鈍くなってきた。最近は物忘れも出現している。」本症例で動作が鈍くなってきた原因として正しいのはどれか。,1. 下肢筋力の低下,2. 歩行失行,3. パーキンソニズム,4. 深部感覚障害,3,3：**パーキンソニズム**は、動作緩慢、筋強剛、振戦、姿勢保持障害が挙げられる。本症例の動作が鈍くなってきた原因として、3：**パーキンソニズム**が考えられる。
481,臨床医学各論,39,第27回,問題78,2 神経・筋疾患,E. 認知症,本症例でさらに確認すべき症状はどれか。,1. 物盗られ妄想,2. 認知機能の日内変動,3. 症状の階段状の悪化,4. 欲動的な行動,2,レビー小体型認知症は、「2：**認知機能の日内変動**」「繰り返される具体的な幻視」「認知機能低下に先行するレム睡眠行動異常症」「パーキンソニズム」の4つの症状が中核的特徴である。
482,臨床医学各論,40,第29回,問題54,2 神経・筋疾患,E. 認知症,症状の階段状悪化がよくみられるのはどれか。,1. 前頭側頭型認知症,2. レビー小体型認知症,3. 血管性認知症,4. アルツハイマー型認知症,3,3：血管性認知症は階段状の増悪が特徴的である。1：前頭側頭型認知症、2：レビー小体型認知症、4：アルツハイマー型認知症は緩徐に進行する疾患である。
483,臨床医学各論,41,第31回,問題62,2 神経・筋疾患,E. 認知症,アルツハイマー病の症状で正しいのはどれか。,1. まだら認知症,2. 物盗られ妄想,3. はぐらかし対応,4. パーキンソン症状,2,1：まだら認知症は**脳血管性**認知症に特徴的な症状である。2：物盗られ妄想は**アルツハイマー病**に特徴的な症状である。3：はぐらかし対応は**ピック病**に特徴的な症状である。4：パーキンソン症状は**レビー小体型**認知症に特徴的な症状である。
484,臨床医学各論,42,第32回,問題50,2 神経・筋疾患,E. 認知症,アルツハイマー病で正しいのはどれか。,1. ラクナ梗塞の多発により発症する。,2. アミロイドβ蛋白質が蓄積する。,3. 初期には記銘力障害はみられない。,4. MRI検査では前頭葉の萎縮が特徴的である。,2,1：ラクナ梗塞の多発で発症するのは**血管性認知症**である。2：大脳皮質に**アミロイドβタンパク**が蓄積した**老人斑**が認められる。3：初期から記憶（記銘力含む）障害がみられる。4：MRI検査では**海馬や側頭葉を中心とした大脳皮質**の萎縮が特徴的である。
485,臨床医学各論,43,第33回,問題58,2 神経・筋疾患,E. 認知症,アルツハイマー病の初期にみられるのはどれか。,1. 幻視,2. 記憶障害,3. てんかん発作,4. 反社会的行動,2,1：幻視は**レビー小体型認知症**してみられる。2：アルツハイマー病の初期には記憶に限定した障害（記憶障害）がみられる。3：てんかん発作は様々な**脳障害**でみられるが、アルツハイマー病の初期にはみられない。4：反社会的行動や人格変化は**ピック病**でみられる。
486,臨床医学各論,44,第33回,問題68,2 神経・筋疾患,E. 認知症,病初期から人格障害がよくみられるのはどれか。,1. 脳血管性認知症,2. 前頭側頭型認知症,3. アルツハイマー病,4. レビー小体型認知症,2,【解説】**前頭葉**の障害で人格障害がみられやすい。1：脳血管性認知症では人格は保たれる。2：前頭側頭型認知症では病初期から人格障害（**脱抑制**、**感情鈍麻**、**自発性の低下**など）がみられる。3：アルツハイマー病では晩期に人格障害がみられる。4：レビー小体型認知症では晩期に人格障害がみられる。
487,臨床医学各論,45,第34回,問題70,2 神経・筋疾患,E. 認知症,レビー小体型認知症に最も特徴的なのはどれか。,1. 近所の散歩中に迷子になる。,2. 現実味のある幻視がみえる。,3. 物を盗まれたという妄想がある。,4. 自動販売機での切符購入が困難になる。,2,【解説】レビー小体型認知症はアルツハイマー型認知症に次いで多い認知症であり、初期には認知機能低下は目立たず、**幻視**や妄想、抑うつなどの精神症状が前景に立つ。さらに、レム睡眠行動障害やパーキンソニズム、自律神経症状などもみられる予後不良な疾患である。1：見当識障害、3：**物盗られ妄想**はアルツハイマー型認知症で多い。2：具体的で具体的な幻視が特徴である。4：遂行機能障害は他の認知症でもみられる。
488,臨床医学各論,46,第29回,問題52,2 神経・筋疾患,F. 神経筋接合部疾患・筋疾患,デュシェンヌ型筋ジストロフィーについて正しいのはどれか。,1. 女性に多い。,2. 腓腹筋の仮性肥大がみられる。,3. 血清CK値は正常である。,4. 関節拘縮のため踵足になる。,2,【解説】デュシェンヌ型筋ジストロフィーは、伴性劣性遺伝疾患で、1：**男性**に多く、2：腓腹筋の**仮性肥大**がみられる。3：筋繊維の壊死と再生を主病変とするため、**血清CK**は高値となる。4：腓腹筋の筋原性筋萎縮に伴う**尖足**がみられる。
489,臨床医学各論,47,第29回,問題53,2 神経・筋疾患,G. 運動ニューロン疾患,筋萎縮性側索硬化症に特徴的なのはどれか。,1. 膀胱直腸障害,2. 褥瘡,3. 嚥下障害,4. 眼球運動障害,3,【解説】筋萎縮性側索硬化症では**下位運動ニューロン障害**と**上位運動ニューロン障害**がみられる。四大陰性症状（みられない症状）として1：**膀胱直腸障害**、2：**褥瘡**、4：**眼球運動障害**、**感覚障害**が挙げられる。3：嚥下障害は球麻痺・仮性球麻痺症状としてみられる。
490,臨床医学各論,48,第30回,問題53,2 神経・筋疾患,G. 運動ニューロン疾患,筋萎縮性側索硬化症によくみられるのはどれか。,1. 感覚障害,2. 眼球運動障害,3. 膀胱直腸障害,4. 筋線維束性れん縮,4,【解説】筋萎縮性側索硬化症では4：**筋線維束性れん縮**がみられる。1：**感覚障害**、2：**眼球運動障害**、3：**膀胱直腸障害**、**褥瘡**は四大陰性症状であり、筋萎縮性側索硬化症ではみられない。
491,臨床医学各論,49,第33回,問題70,2 神経・筋疾患,G. 運動ニューロン疾患,筋萎縮性側索硬化症によくみられるのはどれか。,1. 膀胱直腸障害,2. 眼球運動障害,3. 嚥下障害,4. 褥瘡,3,【解説】筋萎縮性側索硬化症（ALS）では**上位・下位運動ニューロン障害**の他に、球麻痺症状として3：**嚥下障害**、**構音障害**、**舌萎縮**などがみられる。ALSでみられない症状（四大陰性症状）として1：**膀胱直腸障害**、2：**眼球運動障害**、4：**褥瘡**、**他覚的感覚障害**がある。
492,臨床医学各論,50,第27回,問題56,2 神経・筋疾患,I. 末梢神経疾患,ラムゼイハント症候群の治療薬はどれか。,1. 免疫抑制薬,2. 抗菌薬,3. 抗ウイルス薬,4. 非ステロイド性抗炎症薬,3,【解説】ラムゼイハント症候群とは、水痘帯状疱疹ウイルスを原因として、顔面神経麻痺に難聴、めまい、耳鳴り、外耳炎を合併した疾患である。治療としては、ステロイドホルモン剤と3：**抗ウイルス薬**による薬物治療を行う。
493,臨床医学各論,51,第28回,問題55,2 神経・筋疾患,I. 末梢神経疾患,次の文で示す症例の確定診断のために最も重要な検査はどれか。「25歳の男性。10日前に上気道炎に罹患、3日前から両下肢の粗大筋力が低下、後に両上肢へと進展した。」,1. 頸椎MRI検査,2. 末梢神経伝導速度検査,3. 血中CK値測定,4. 遺伝子検査,2,【解説】上気道炎後に起こる四肢筋力は、ギラン・バレー症候群による末梢神経障害が疑われることから、2：**末梢神経伝導速度検査**や髄液検査、血中抗ガングリオシド抗体の測定などが確定診断のために重要となる。本症では、対称性の四肢筋力低下の他、四肢の感覚障害が出現することもあり、重症例では嚥下障害や呼吸障害を呈するケースもあり、顔面神経麻痺や眼球運動障害などの脳神経障害を合併することもある。
494,臨床医学各論,52,第32回,問題51,2 神経・筋疾患,I. 末梢神経疾患,ギラン・バレー症候群について正しいのはどれか。,1. 中年女性に多い。,2. 遺伝性疾患である。,3. 骨格筋に病因がある。,4. 先行感染を認めることが多い。,4,【解説】ギラン・バレー症候群は4：**先行感染**を契機として生じる2：**自己免疫疾患**で、3：**末梢神経**に病因がある疾患である。1：性差はない。
495,臨床医学各論,53,第33回,問題85,2 神経・筋疾患,I. 末梢神経疾患,「30歳の男性。右手小指のしびれを主訴に来院。手関節の可動域制限はないが、右肘関節の屈曲可能域は120度であった。幼少期に右肘関節骨折の治療歴がある。」身体所見上認められるのはどれか。,1. 肘関節屈筋力低下,2. 外反肘,3. 下垂手,4. 猿手,2,【解説】幼少期の肘関節骨折（おそらく**上腕骨外顆骨折**）の後遺症としての2：外反肘変形及び、可動域制限から**変形性肘関節症**を疑い、小指のしびれを訴えることから、**遅発性尺骨神経麻痺（肘管症候群）**であると考える。1：肘屈曲は**筋皮神経**のため関係がない。3：下垂手は**橈骨神経麻痺**でみられる。4：猿手は**正中神経麻痺**でみられる。
496,臨床医学各論,54,第33回,問題86,2 神経・筋疾患,I. 末梢神経疾患,「30歳の男性。右手小指のしびれを主訴に来院。手関節の可動域制限はないが、右肘関節の屈曲可能域は120度であった。幼少期に右肘関節骨折の治療歴がある。」障害神経はどれか。,1. 筋皮神経,2. 橈骨神経,3. 正中神経,4. 尺骨神経,4,【解説】問題36の解説を参照。
497,臨床医学各論,55,第34回,問題61,2 神経・筋疾患,I. 末梢神経疾患,手根管症候群の原因とならないのはどれか。,1. 肥満,2. 妊娠,3. 貧血,4. 人工透析,3,【解説】手根管症候群は種々の原因で**手根管内圧が上昇**することで正中神経が障害される疾患である。1：肥満は手根管内圧上昇の原因となる。2：妊娠も浮腫により発症しやすい。3：貧血は直接の原因とはならない。4：透析患者ではアミロイド沈着により発症する（透析アミロイドーシス）。
498,臨床医学各論,56,第34回,問題87,2 神経・筋疾患,I. 末梢神経疾患,「58歳の女性。6日前から右肩のこり感があった。昨日から右肩甲骨内側の降りと右前腕橈側から母指・示指のしびれが出現した。右上肢の挙上障害はなく、衣服のボタンかけにも異常はない。下肢に症状はない。」神経学的所見で正しいのはどれか。,1. ワルテンベルグ反射陽性,2. 指鼻試験陽性,3. バレー徴候陽性,4. 腕橈骨筋腱反射減弱,4,【解説】症状より**C6神経根障害**が考えられる。1：ワルテンベルグ反射は**錐体路障害**でみられる病的反射である。2：指鼻試験は**小脳機能検査**である。3：バレー徴候は**錐体路障害**でみられる。4：C6支配の**腕橈骨筋腱反射**が減弱する。
499,臨床医学各論,57,第34回,問題88,2 神経・筋疾患,I. 末梢神経疾患,「58歳の女性。6日前から右肩のこり感があった。昨日から右肩甲骨内側の降りと右前腕橈側から母指・示指のしびれが出現した。右上肢の挙上障害はなく、衣服のボタンかけにも異常はない。下肢に症状はない。」本患者の筋力評価で最も適切なのはどれか。,1. 右三角筋MMT 2,2. 右上腕二頭筋MMT 2,3. 右手関節背屈力低下,4. 右小指外転筋力低下,3,【解説】C6神経根障害では**手関節背屈筋力**の（橈骨神経支配）低下がみられる。1：三角筋は**C5**。2：上腕二頭筋は**C5-6**。4：小指外転は尺骨神経（**C8-T1**）である。
500,臨床医学各論,58,第25回,問題65,3 呼吸器・胸壁疾患,A. 感染性肺疾患,肺抗酸菌症について正しいのはどれか。,1. 結核患者は届け出る必要はない。,2. 咳が4週間以上持続している場合は肺結核を考慮する。,3. 抗結核薬は1剤を投与する。,4. 非結核性抗酸菌症も結核と同様に隔離する必要がある。,2,"【解説】**肺抗酸菌症**は、結核と非結核性抗酸菌症の鑑別を要する。1：結核の場合には**保健所への届出**が必要である。2：咳が長期間持続する場合は、肺結核を考慮する。3：抗結核薬は、**3剤**の投与を基本とする。4：**非結核性抗酸菌症は感染しない**ため、隔離の必要はない。"
501,臨床医学各論,59,第26回,問題66,3 呼吸器・胸壁疾患,A. 感染性肺疾患,呼吸器感染症について正しいのはどれか。,1. 上気道炎の治療は主に抗菌薬である。,2. 65歳以上の高齢者には肺炎球菌ワクチンが推奨されている。,3. インターフェロンγ遊離試験は非結核性抗酸菌症で陽性となる。,4. 日本の結核患者数は先進国の中では少ない。,2,"【解説】1：上気道炎の多くは**ウイルス感染症**であり、自然治癒することも多く、むやみに抗菌薬を使用するべきではない。2：肺炎球菌ワクチンは、肺炎球菌による肺炎などの感染症を予防し、重症化を防ぐことから、**65歳以上の高齢者**や**心疾患**、**呼吸器疾患**などの基礎疾患を持つ者は接種が推奨されている。"
502,臨床医学各論,60,第28回,問題66,3 呼吸器・胸壁疾患,A. 感染性肺疾患,呼吸器感染症について正しいのはどれか。,1. 非結核性抗酸菌は人から人へ感染する。,2. 感冒の原因は主に細菌感染である。,3. 肺結核の治療は抗菌薬の単剤治療である。,4. 肺炎治療で菌の耐性化が問題となっている。,4,"【解説】1：非結核性抗酸菌症は結核とは異なり、人から人への感染はない。2：感冒は上気道のウイルス感染が原因である。3：肺結核の治療は、薬剤機序の異なる治療薬を組み合わせた方法が選択される。4：肺炎治療では、菌の**耐性化**が問題となっている。"
503,臨床医学各論,61,第30回,問題59,3 呼吸器・胸壁疾患,A. 感染性肺疾患,非結核性抗酸菌症について正しいのはどれか。,1. 男性に多い。,2. 人から人へ感染する。,3. 難治性である。,4. 肺切除の対象とはならない。,3,"【解説】非結核性抗酸菌による感染症で病原菌は土中、水中、塵埃などに生息する環境常在菌である。2：一般的に**人から人への感染はみられない**。1：女性に多く、治療への反応が十分ではなく再燃しやすいため、3：**難治性**である。4：主病巣を摘出する手術療法（肺切除）は重要な併用療法である。"
504,臨床医学各論,62,第31回,問題55,3 呼吸器・胸壁疾患,A. 感染性肺疾患,肺結核について正しいのはどれか。,1. 主な感染経路は飛沫感染である。,2. 抗結核薬は単剤で用いる。,3. 結核と診断したら直ちに届け出る。,4. 医療者はサージカルマスク着用が推奨される。,3,"【解説】1：主な感染経路は**空気感染**である。2：治療は**多剤併用療法**が用いられる。結核は2類感染症であり、3：結核と診断したら直ちに届け出が必要である。4：医療者は**N95**マスク着用、患者は**サージカルマスク**着用が推奨される。"
505,臨床医学各論,63,第31回,問題70,3 呼吸器・胸壁疾患,A. 感染性肺疾患,かぜ症候群について正しいのはどれか。,1. ほとんどがウイルス感染である。,2. 初期から呼吸音に異常がみられる。,3. 主な感染経路は空気感染である。,4. 抗菌薬を主に用いる。,1,"【解説】1：ほとんどがウイルス感染である（80%以上）。2：上気道粘膜の急性炎症であるため、初期には呼吸音に異常はみられない。3：主な感染経路は**飛沫感染**や**接触感染**である。4：ウイルス感染のため、抗菌薬は無効である。"
506,臨床医学各論,64,第32回,問題55,3 呼吸器・胸壁疾患,A. 感染性肺疾患,肺結核について正しいのはどれか。,1. 空気感染する。,2. 治療薬は単剤を用いる。,3. 感染すると半数が発病する。,"4. 我が国の2021年の新規発症患者数は1,000人以下である。",1,"【解説】結核菌の感染経路は主に1：**空気感染**である。2：治療は**多剤併用化学療法**である。3：感染者の**10%前後**を発病する。4：我が国の2021年の新規発症患者数（新規登録結核患者数）は11519人である。"
507,臨床医学各論,65,第33回,問題53,3 呼吸器・胸壁疾患,A. 感染性肺疾患,抗酸菌感染症について正しいのはどれか。,1. 肺結核の主な感染経路は飛沫感染である。,"2. 我が国の2022年の結核新規発症患者数は1,000人以下である。",3. 非結核性抗酸菌は人から人に感染する。,4. 非結核性抗酸菌症は難治性である。,4,"【解説】1：**空気感染**である。2：2022年の結核新規発症患者数は10235人である。3：非結核性抗酸菌は**塵埃**、**土壌**、**水**などの自然界に広く分布しており人から人へは感染しない。4：非結核性抗酸菌症の原因の多くは薬剤感受性が不良のため治療は困難であることが多い。"
508,臨床医学各論,66,第34回,問題64,3 呼吸器・胸壁疾患,A. 感染性肺疾患,真菌性肺炎はどれか。,1. レジオネラ肺炎,2. マイコプラズマ肺炎,3. クラミジア肺炎,4. ニューモシスチス肺炎,4,"【解説】1：レジオネラは空調設備や温泉、加湿器などの水環境から感染する**細菌**である。2：マイコプラズマは若年者に多く、乾いた咳が長く続くことを特徴とする**細菌**である。3：クラミジアは**細胞内寄生菌**である。4：ニューモシスチス肺炎は**真菌**による肺炎であり、HIV感染症やステロイド投与中などの免疫不全状態で発症する（日和見感染）。"
509,臨床医学各論,67,第27回,問題65,3 呼吸器・胸壁疾患,B. 気道閉塞性疾患,COPDで正しいのはどれか。,1. 喫煙は関与しない。,2. 安静時の呼吸困難が特徴である。,3. 肺機能検査では閉塞性障害が特徴である。,4. 発作時に気管支狭窄音を伴う。,3,"【解説】慢性閉塞性肺疾患は、1：**喫煙**などにより肺が持続的な炎症（肺胞の破壊と気管支の炎症・狭窄）を起こし、呼吸機能の低下をきたした状態である。症状として咳、痰、2：**労作性呼吸困難**が挙げられ、肺機能検査では3：**閉塞性障害**が特徴である。また、呼気の延長、4：**呼吸音の減弱**がみられる。"
510,臨床医学各論,68,第28回,問題67,3 呼吸器・胸壁疾患,B. 気道閉塞性疾患,COPDについて正しいのはどれか。,1. 女性に多い。,2. 拘束性換気障害を呈する。,3. 安静時の呼吸困難が特徴である。,4. 増悪予防にはインフルエンザワクチン接種は有効である。,4,"【解説】慢性閉塞性肺疾患（COPD：chronic obstructive pulmonary disease）とは、喫煙などにより有害物質を長期に吸入暴露することで生じる肺の炎症性疾患の総称である。日本では男女比5:2と1：**男性に多く**、2：**閉塞性換気障害**を呈し、3：**労作性**の呼吸困難が特徴である。原因のほとんどは喫煙とされており、禁煙とあわせて呼吸リハビリテーションや運動療法が行われる。4：増悪を避けるために、**インフルエンザワクチン**や**肺炎球菌ワクチン**の接種が勧められる。"
511,臨床医学各論,69,第31回,問題56,3 呼吸器・胸壁疾患,B. 気道閉塞性疾患,COPDについて正しいのはどれか。,1. 肺拡散能（DLCO）は正常である。,2. 労作時の呼吸困難が特徴である。,3. 発作時に気管支狭窄音を伴う。,4. 肺機能検査では拘束性換気障害が特徴である。,2,"【解説】COPDでは肺胞壁組織と肺毛細血管網の破壊が起こるため1：肺拡散能は減少する。2：**労作時の呼吸困難**、**喘鳴**、**喀痰**が主症状である。3：発作時に気管支狭窄音を伴うのは気管支喘息である。COPDにおいても気管支狭窄音が聴取されるが、COPDには発作という考え方はない。4：肺機能検査では**閉塞性換気障害**が特徴である。"
512,臨床医学各論,70,第33回,問題54,3 呼吸器・胸壁疾患,B. 気道閉塞性疾患,COPDについて最も適切なのはどれか。,1. 受動喫煙は関与しない。,2. 肺癌の合併に注意する。,3. 安静時の呼吸困難が特徴である。,4. 禁煙で呼吸機能は改善する。,2,"【解説】1：最も重要な危険因子は**喫煙**であるが、**受動喫煙**、**大気汚染**や**粉塵**への暴露も危険因子となる。2：COPDの合併症には**肺癌**、**肺線維症**、**気胸**、**肺炎**、**肺高血圧症**などがある。3：**咳嗽**、**喀痰**、**労作時の呼吸困難**が特徴である。4：COPDは不可逆的な病変であるため、禁煙はCOPDの進行を遅らせることが目的となり、呼吸機能の改善は見込めない。"
513,臨床医学各論,71,第25回,問題64,3 呼吸器・胸壁疾患,C. アレルギー性疾患,成人の気管支喘息について正しいのはどれか。,1. 患者数は減少傾向にある。,2. 症状は昼間に起こりやすい。,3. 治療は吸入ステロイド薬が中心である。,4. 治癒率は50%である。,3,"【解説】気管支喘息は近年、小児、成人共に1：患者数は**増加傾向**にある。症状は2：**深夜から明け方**にかけて発作が起こるのが特徴で、治療は長期管理としては、3：**吸入ステロイド薬**が主に用いられる。小児の治癒率が約70%とされる一方、4：成人の治癒率は**10%以下**とされている。"
514,臨床医学各論,72,第31回,問題67,3 呼吸器・胸壁疾患,C. アレルギー性疾患,成人の気管支喘息について正しいのはどれか。,1. 拘束性換気障害をきたす。,2. 発作は昼間に起こりやすい。,3. 血液検査では好塩基球が増加する。,4. 吸入ステロイド薬が治療の中心である。,4,"【解説】1：**閉塞性換気障害**をきたす。2：発作は**夜間から早朝**に起こりやすい。3：血液検査では**好酸球**が増加する。4：吸入ステロイド薬が治療の中心である。"
515,臨床医学各論,73,第33回,問題55,3 呼吸器・胸壁疾患,C. アレルギー性疾患,気管支喘息について正しいのはどれか。,1. Ⅱ型アレルギーである。,2. 拘束性換気障害をきたす。,3. 発作は夜間や明け方に多い。,4. 気管支拡張薬が治療の中心である。,3,"【解説】1：**Ⅰ型アレルギー**である。2：1秒率の低下がみられる**閉塞性換気障害**をきたす。3：発作は夜間から明け方に多い。4：**吸入ステロイド薬**が治療の中心となる。"
516,臨床医学各論,74,第25回,問題61,3 呼吸器・胸壁疾患,F. 腫瘍性疾患,肺癌患者にみられる所見と浸潤部位の組み合わせで正しいのはどれか。,1. 嗄声 ―― 交感神経,2. 顔面浮腫 ―― 上大静脈,3. 縮瞳 ―― 反回神経,4. 腰痛 ―― 横隔神経,2,"【解説】肺癌患者にみられる1：**嗄声**は、縦隔リンパ節転移による**反回神経**の障害によって起こる。腫瘍が2：**上大静脈**を圧迫することにより、**顔面**、頸部および上肢の**浮腫**が出現する。肺尖部への浸潤により**頸部交感神経節**が障害されると、**ホルネル症候群**（3：**縮瞳**、**眼瞼下垂**、**眼球陥凹**）を生じる。進行すると、他臓器、脳、骨へ転移し、骨転移による4：**腰痛**などもみられる。"
517,臨床医学各論,75,第26回,問題62,3 呼吸器・胸壁疾患,F. 腫瘍性疾患,肺癌について正しいのはどれか。,1. 死亡数は女性が多い。,2. 骨転移はまれである。,3. 小細胞癌が最も多い。,4. 受動喫煙は危険因子である。,4,"【解説】肺癌は1：**男性**に多く、進行すると、2：**骨**、リンパ節、脳、肝臓、副腎などへの転移が好発する。組織型により**非小細胞肺癌**と3：**小細胞肺癌**に大別され、**非小細胞肺癌**のなかでも腺癌が最も多い。喫煙との関連性が非常に高く、4：**受動喫煙**も含めて、喫煙により発症する危険性が高まるとされている。"
518,臨床医学各論,76,第26回,問題61,3 呼吸器・胸壁疾患,F. 腫瘍性疾患,中皮腫と関連するのはどれか。,1. 塩蔵食品,2. アルコール,3. アスベスト,4. アセトアルデヒド,3,"【解説】**中皮細胞**から発生した腫瘍を中皮腫といい、その発生部位によって**胸膜中皮腫**、**心膜中皮腫**、**腹膜中皮腫**などに分けられる。**胸膜中皮腫**は悪性腫瘍の一つであり、**悪性胸膜中皮腫**と呼ばれ、その発症には3：**アスベスト**が関与していることが知られている。悪性胸膜中皮腫の症状としては、胸痛、咳、呼吸困難や胸部圧迫感がみられる。なお、胸膜中皮腫は現在、孤立性線維性腫瘍に分類を変更されている。"
519,臨床医学各論,77,第27回,問題79,3 呼吸器・胸壁疾患,F. 腫瘍性疾患,「67歳の女性。胸部エックス線写真で右上肺野の末梢側に2cm大の結節影があり、気管支内視鏡検査で肺癌と診断された。」最も可能性が高い組織型はどれか。,1. 腺癌,2. 小細胞癌,3. 大細胞癌,4. 扁平上皮癌,1,肺癌は組織型として、非小細胞癌と2：小細胞癌に大別でき、非小細胞癌は1：腺癌、4：扁平上皮癌、3：大細胞癌に分類できる。なかでも1：腺癌は最も発生頻度が高い。1：腺癌は末梢型（肺野部）への発生頻度が高く、女性に多いという特徴を持つ。
520,臨床医学各論,78,第27回,問題80,3 呼吸器・胸壁疾患,F. 腫瘍性疾患,遠隔転移を調べる上で必要な検査はどれか。,1. 呼吸機能,2. 冠動脈造影,3. 脳造影MRI,4. 心エコー,3,肺癌は、脳、骨、肝臓、副腎に転移する可能性が高い。したがって、遠隔転移の有無を調べるうえで、3：脳造影MRIが必要な検査となる。
521,臨床医学各論,79,第31回,問題57,3 呼吸器・胸壁疾患,F. 腫瘍性疾患,肺癌患者にみられる所見と浸潤部位の組合せで正しいのはどれか。,1. 縮瞳――上大静脈,2. 顔面浮腫――交感神経,3. 嗄声――反回神経,4. 腰痛――横隔神経,3,問題17の解説を参照。
522,臨床医学各論,80,第31回,問題58,3 呼吸器・胸壁疾患,F. 腫瘍性疾患,胸膜中皮腫と関連するのはどれか。,1. 塩蔵食品,2. アスベスト,3. アセトアルデヒド,4. ジクロロプロパン,2,問題19の解説を参照。
523,臨床医学各論,81,第29回,問題61,3 呼吸器・胸壁疾患,G. その他,呼吸器疾患について正しいのはどれか。,1. 自然気胸は胸痛を伴う。,2. 肺線維症は閉塞性換気障害をきたす。,3. 気管支喘息による死亡者数は増加している。,4. COPDは安静時の呼吸困難が特徴的である。,1,1：自然気胸は突然の胸痛、呼吸困難、息切れ、発作的な咳などが主な症状である。2：肺線維症は線維化による肺コンプライアンス（肺の膨らみやすさ）低下により拘束性換気障害をきたす。3：気管支喘息による死亡者数は吸入ステロイドの改善と普及によって減少している。4：COPDは労作時呼吸困難が特徴的である。
524,臨床医学各論,82,第32回,問題54,3 呼吸器・胸壁疾患,G. その他,気管支拡張症について正しいのはどれか。,1. 気道の変化は不可逆性である。,2. 小児喘息の既往をもつことが多い。,3. 喀血をきたすことはない。,4. 治療は抗菌薬を短期投与する。,1,気管支拡張症は気管支壁の破壊を伴う1：不可逆性拡張であり、続発性のものは2：副鼻腔炎やびまん性汎細気管支炎の既往を持つことが多い。3：咳嗽、喀痰、血痰、喀血などが症状としてみられる。4：治療は抗菌薬を長期投与する。
525,臨床医学各論,83,第32回,問題89,3 呼吸器・胸壁疾患,G. その他,「18歳の男性。背が高く痩せている。突然、右胸の痛みと息切れを感じた。」最初に行う検査はどれか。,1. 血液生化学検査,2. 呼吸機能検査,3. 胸部単純エックス線検査,4. 胸部単純CT検査,3,若年男性、高身長、痩せ型で突然の胸痛と息切れ（呼吸困難）がみられるため、原発性自然気胸（単純性気胸）を疑う。原発性自然気胸で最初に行う検査は3：胸部単純X線検査であり、X線検査で明らかにできない場合は4：胸部単純CT検査を行う。
526,臨床医学各論,84,第32回,問題90,3 呼吸器・胸壁疾患,G. その他,血圧が下がり息切れが増悪した。最も適切な対応はどれか。,1. 経過観察,2. 鎮痛剤の投与,3. 生理食塩水点滴,4. 胸腔ドレナージ,4,呼吸症状の増悪にショック状態（血圧低下）を呈しているため、緊張性気胸を疑う。緊張性気胸の場合は迅速に4：胸腔ドレナージによる脱気を行う。
527,臨床医学各論,85,第30回,問題61,4 循環器疾患,A. 不整脈,不整脈で予後が最も良いのはどれか。,1. 心室細動,2. 心房細動,3. 上室性期外収縮,4. Ⅲ度房室ブロック,3,1：心室細動は心室が無秩序に興奮し、心収縮がなく血液排出が停止するので、直ちに処置しないと致死的となる。2：心房細動は左房内で血栓が生じやすく、心原性脳塞栓症のリスクとして重要である。3：上室性期外収縮は臨床上多くみられる不整脈で通常は無症状で良性である。4：心房から心室への興奮伝導が遅延ないし途絶した状態の房室ブロックのうち、興奮伝導が完全停止したもので徐脈や心停止の原因となる。
528,臨床医学各論,86,第32回,問題60,4 循環器疾患,A. 不整脈,AEDによる除細動の適応となる不整脈はどれか。,1. 心室細動,2. 心房細動,3. 心室性期外収縮,4. 上室性期外収縮,1,AEDに関わらず、除細動の適応となるのは1：心室細動である。
529,臨床医学各論,87,第34回,問題56,4 循環器疾患,A. 不整脈,心房細動について最も適切なのはどれか。,1. 脳梗塞の原因となる。,2. 原因に甲状腺機能低下症がある。,3. 好発年齢は40歳代である。,4. 薬物療法は無効である。,1,1：心房細動では血栓形成により脳梗塞（心原性脳塞栓症）の原因となる。2：甲状腺機能亢進症が原因となる。3：高齢者に多い。4：抗凝固療法など薬物療法が重要である。
530,臨床医学各論,88,第25回,問題66,4 循環器疾患,B. 心不全,心不全について正しいのはどれか。,1. 左心不全では下肢の浮腫が顕著である。,2. 左心不全では臥位で症状が軽快する。,3. 心拍出量が低下する。,4. 血中ヒト脳性ナトリウム利尿ペプチド(BNP)値が低下する。,3,1：右心不全では身体全体、特に下肢の浮腫が顕著である。2：左心不全では呼吸困難、咳嗽などの症状をきたす。座位で軽減するため、起座呼吸となる。心不全では3：心拍出量は低下し、4：血中ヒト脳性ナトリウム利尿ペプチド（BNP）値は上昇する。
531,臨床医学各論,89,第31回,問題59,4 循環器疾患,B. 心不全,右心不全によくみられる身体所見はどれか。,1. 肺うっ血,2. 頻呼吸,3. 下肢の浮腫,4. 四肢チアノーゼ,3,問題4の解説を参照。
532,臨床医学各論,90,第32回,問題61,4 循環器疾患,B. 心不全,左心不全の身体所見はどれか。,1. 腹水,2. 下肢の浮腫,3. 肝腫大,4. 起座呼吸,4,左心不全は肺静脈脈、肺毛細血管内圧の上昇やうっ血が生じ、初期には安静時の息切れ、重症化すると安静時呼吸困難や4：起座呼吸などをきたす。右心不全は体静脈系にうっ血が生じ、1：腹水、2：下肢に強い全身の浮腫、3：肝腫大などをきたす。
533,臨床医学各論,91,第26回,問題68,4 循環器疾患,D. 心臓弁膜症,僧帽弁狭窄症について正しいのはどれか。,1. 男性に多い。,2. 先天性が多い。,3. 心拍出量が増加する。,4. 心房細動の合併が多い。,4,僧帽弁狭窄症のほとんどは2：小児期のリウマチ熱によって起こり、女性の場合、重症化すると妊娠によって心不全に至る。進行すると、3：心拍出量が低下する。4：心房細動のほか、肺高血圧症や血栓塞栓症の合併が多い。
534,臨床医学各論,92,第26回,問題67,4 循環器疾患,F. 虚血性心疾患,狭心症について正しいのはどれか。,1. 異型狭心症は日中に起こりやすい。,2. 狭心痛は大動脈壁の内膜に生じた亀裂に血液が流入することで生じる。,3. 心エコー検査で心臓の動きは正常である。,4. 発作時の治療に抗血小板薬が用いられる。,3,1：異型狭心症は、朝方に起こりやすい。2：狭心痛は、冠動脈の狭窄が生じて心筋の血液供給が不足し、虚血状態に陥ることにより起こる。3：狭心症は、心エコー検査では異常がみられない。4：狭心症の発作時の治療にニトログリセリンが用いられる。
535,臨床医学各論,93,第31回,問題68,4 循環器疾患,F. 虚血性心疾患,労作性狭心症と急性心筋梗塞で、最も違いが明確なのはどれか。,1. 胸痛の持続時間,2. 呼吸困難の程度,3. 放散痛の部位,4. 症状出現の時刻,1,最も違いが明確なのは1：胸痛の持続時間である。労作性狭心症の胸痛持続時間は通常数分程度であり、急性心筋梗塞では30分以上持続する。2：呼吸困難の程度、3：放散痛の部位、4：症状出現の時刻（労作性狭心症8時〜10時、急性心筋梗塞6時〜10時、20時〜22時）については胸痛の持続時間に比べると明確といえる程の違いはみられない。
536,臨床医学各論,94,第32回,問題62,4 循環器疾患,F. 虚血性心疾患,急性心筋梗塞で上昇する血液検査項目として最も適切なのはどれか。,1. γ-GTP,2. ALP,3. ALT,4. AST,4,1：γ-GTPは肝疾患や胆道系疾患で上昇する項目である。2：ALPは肝胆道系疾患、骨代謝性疾患で上昇する項目である。3：ALTは肝胆道疾患、特に肝疾患で上昇する項目である。4：ASTは心疾患、肝疾患、骨格筋疾患で上昇する項目である。
537,臨床医学各論,95,第34回,問題57,4 循環器疾患,F. 虚血性心疾患,冠攣縮性狭心症について正しいのはどれか。,1. 夜間から早朝にかけての発症が多い。,2. 血栓により冠動脈が狭窄して起こる。,3. 運動負荷心電図でST低下がみられる。,4. ニトログリセリンの効果が乏しい。,1,1：冠攣縮により夜間から早朝の安静時に好発する。2：血栓ではなく一過性の血管攣縮によって狭窄が起こる。3：発作時にはST上昇がみられる。4：ニトログリセリンが有効である。
538,臨床医学各論,96,第34回,問題59,4 循環器疾患,H. 血圧異常,高血圧症について最も適切なのはどれか。,1. 常習的飲酒は血圧低下を生じる。,2. 運動は危険因子である。,3. 収縮期血圧の治療目標は140mmHg以下である。,4. 安静時血圧に基づいて薬物治療を行う。,4,1：過度の飲酒は血圧上昇を招く。2：適度な運動は血圧低下に有効である。3：一般に収縮期血圧140mmHg未満が目標となる。4：診断や治療は安静時血圧に基づいて行う。
539,臨床医学各論,97,第25回,問題62,5 消化器疾患,A. 口腔疾患,歯周病の増悪因子でないのはどれか。,1. 喫煙,2. 舌炎,3. 妊娠,4. 糖尿病,2,歯周病の要因には口腔内環境のほか、全身性因子として1：喫煙、ホルモンバランスの変化（3：妊娠、閉経など）、4：糖尿病、免疫異常、ストレス、加齢などが挙げられる。2：舌炎は、物理刺激を原因とするものと細菌やウイルス感染によるものがある。
540,臨床医学各論,98,第26回,問題69,5 消化器疾患,B. 食道疾患,ホルネル症候群がみられやすいのはどれか。,1. 食道癌,2. 胃癌,3. 大腸癌,4. 肝臓癌,1,ホルネル症候群とは、交感神経遠心路の障害によって生じる縮瞳、眼瞼下垂、眼球陥凹を三大徴候とする症候群である。脳腫瘍や脊髄空洞症のほか、1：食道癌やパンコースト腫瘍などで頸部交感神経が圧迫されることにより起こる。
541,臨床医学各論,99,第28回,問題72,5 消化器疾患,B. 食道疾患,食道癌について正しいのはどれか。,1. 腺癌が多い。,2. 若年者に多い。,3. 女性に多い。,4. アルコールは危険因子である。,4,食道癌は1：扁平上皮癌が90％以上を占め、腺癌は5％以下である。2：50歳代から増加傾向にあり、3：男性に多い。重複癌の割合が約20％であり、発生要因として、喫煙、4：飲酒（アルコール）が挙げられ、特に扁平上皮癌は強い関連性があると考えられている。
542,臨床医学各論,100,第32回,問題65,5 消化器疾患,B. 食道疾患,胃食道逆流症について正しいのはどれか。,1. るいそう患者に好発する。,2. 近年減少傾向である。,3. 一過性下部食道括約筋弛緩が関与する。,4. 生命予後は不良である。,3,胃食道逆流症の原因として1：肥満、喫煙、飲酒、高齢、脂質の過剰摂取、食道裂孔ヘルニアなどが挙げられ、2：近年増加傾向にある。3：逆流の多くは一過性下部食道括約筋弛緩によるものと考えられている。4：生命予後は良好であるが、長期罹患ではバレット食道となり、腺癌発生のリスクが高くなる。
543,臨床医学各論,101,第33回,問題57,5 消化器疾患,B. 食道疾患,胃食道逆流症について正しいのはどれか。,1. 食道下部輪走筋は緊張する。,2. 食道内圧は上昇する。,3. 食道下部扁平上皮は円柱上皮化する。,4. 体重増加によって症状は改善する。,3,1：食道下部輪走筋（下部食道括約筋）が弛緩することで胃の内容物が逆流する。2：食道下部輪走筋（下部食道括約筋）が弛緩するため、食道内圧は低下する。3：胃の内容物が逆流して食道下部粘膜が傷害され、その再生過程で円柱上皮化がみられる（バレット食道）。4：治療における生活指導の一つとして減量が重要である。
544,臨床医学各論,102,第25回,問題79,5 消化器疾患,C. 胃疾患,「45歳の男性。最近、心窩部から背中の皮膚にかけて痛みが起きる。胸やけ、食欲不振もある。上部消化管内視鏡検査では、胃角部に潰瘍を認め、ヘリコバクター・ピロリの感染を疑った。」本症例の背中の皮膚の痛みで最も適切なのはどれか。,1. 空腹時に起こる。,2. 関連痛である。,3. 体性痛である。,4. 内臓痛である。,2,胃潰瘍は小窮部に好発し、特に胃角部に発生することが多い。心窩部から背部にかけて2：関連痛がある。胃潰瘍では食後に痛みが出現することが多く、十二指腸潰瘍では1：空腹時に激しい痛みが起こるのが特徴である。3：体性痛は皮膚や骨、筋などの体性組織への機械的刺激によるもので、4：内臓痛は胸腹部内臓器への圧迫や伸展などが原因で発生する。
545,臨床医学各論,103,第25回,問題80,5 消化器疾患,C. 胃疾患,ヘリコバクター・ピロリの検査はどれか。,1. 尿素呼気試験,2. 胃液測定,3. 尿沈渣検査,4. 血清ペプシノーゲン測定,1,1：尿素呼気試験は、非侵襲的にヘリコバクター・ピロリ菌感染の有無を確認できる検査法である。2：胃液測定は胃疾患（潰瘍、癌）、3：尿沈渣検査は腎、尿路疾患の診断に用いられる。4：血清ペプシノーゲン測定は胃疾患のスクリーニングとして有用であり、ヘリコバクター・ピロリ感染時には高値を示す。
546,臨床医学各論,104,第33回,問題89,5 消化器疾患,C. 胃疾患,「55歳の男性。夕食にしめさばを食べ就寝したところ1時間半後に強い心窩部痛で覚醒、救急搬送された。下痢は認めなかった。」本疾患の発症について正しいのはどれか。,1. イカの生食では発症しない。,2. 一度発症したら二度と罹患しない。,3. 食材の-20℃、48時間冷凍で予防できる。,4. 細菌感染症である。,3,しめさばを食べた後の強い心窩部痛より、アニサキス症を疑う。1：多くの魚介類（サバ、イカ、アジ、イワシ、サンマなど）の生食で生じる。2：経口摂取すれば何度でも罹患する。3：熱処理（60℃、1分以上）もしくは-20℃、24時間以上の冷凍で予防が可能である。4：線虫である。
547,臨床医学各論,105,第33回,問題90,5 消化器疾患,C. 胃疾患,本疾患について正しいのはどれか。,1. 胃内視鏡治療を行う。,2. アナフィラキシーは発症しない。,3. 胃潰瘍を認める。,4. 抗菌薬投与が有効である。,1,1：胃内視鏡で摘出を行う。2：アニサキス症の発症には、虫体の消化管粘膜穿入に伴うⅠ型アレルギー反応が関与していると考えられているため、蕁麻疹や掻痒などのアナフィラキシーを発症可能性がある。3：発赤、浮腫、出血斑を認めるが、潰瘍は認めない。4：内服薬による保存的治療の効果は評価されていない。
548,臨床医学各論,106,第28回,問題70,5 消化器疾患,D. 腸疾患,潰瘍性大腸炎の特徴で正しいのはどれか。,1. 大腸壁の全層に炎症を起こす。,2. 痔瘻合併の頻度が高い。,3. 直腸から口側へと病変が連続する。,4. 回盲部に好発する。,3,潰瘍性大腸炎は1：大腸の粘膜層（最内層）に炎症を起こし、下痢や血便、腹痛、発熱、貧血などを呈する。3：病変は直腸から口側に広がる性質があり、大量出血、狭窄、穿孔などの腸管合併症の他、アフタ性口腔炎、肝胆道系障害、結節性紅斑などの腸管外合併症も見られる。
549,臨床医学各論,107,第30回,問題69,5 消化器疾患,D. 腸疾患,大腸癌について正しいのはどれか。,1. 近年減少傾向である。,2. 便潜血検査は死亡率減少に寄与する。,3. 大部分が扁平上皮癌である。,4. 血清CEAが早期診断に役立つ。,2,大腸癌は、1：食生活の欧米化（高脂肪、高蛋白、低繊維食）により増加傾向にある。2：早期発見のスクリーニングとして便潜血検査を行う。早期発見、早期治療で死亡率減少に寄与する。3：大部分は腺癌である。4：血清CEAの早期癌での陽性率は低く、進行するにつれて高くなるため、早期診断に役立つとは言えない。
550,臨床医学各論,108,第25回,問題69,5 消化器疾患,D. 腸疾患,痔瘻を合併しやすいのはどれか。,1. 過敏性腸症候群,2. 急性細菌性腸炎,3. 潰瘍性大腸炎,4. クローン病,4,4：クローン病は、口腔から肛門に至る消化管粘膜に炎症や潰瘍が起こり、特に小腸末端部に好発する。若年者に多く、原因は不明である。肛門に病変が起こりやすく、一次病変として肛門潰瘍や裂肛などがあり、二次病変としては痔瘻、肛門周囲膿瘍、皮垂、肛門狭窄などがある。
551,臨床医学各論,109,第29回,問題68,5 消化器疾患,D. 腸疾患,ウイルス性肝炎で生の貝類の摂取により最も感染しやすいのはどれか。,1. A型,2. B型,3. C型,4. E型,1,1：A型肝炎ウイルス（HAV）はHAVに汚染された飲料水や食物を介して経口的に感染する。我が国では感染源として貝類の生食が多い。2：B型肝炎ウイルスの感染経路は輸血、針刺し事故、出産時母子感染、性交感染などである。3：C型肝炎ウイルスの感染経路は主に輸血などの血液感染である。4：E型肝炎ウイルスの感染経路は経口感染で、国内ではブタ、シカ、イノシシなどの生肉摂取による感染がある。
552,臨床医学各論,110,第29回,問題69,5 消化器疾患,D. 腸疾患,非代償性肝硬変でみられる血液検査所見はどれか。,1. 総ビリラビン値低下,2. 血小板減少,3. プロトロンビン時間短縮,4. アルブミン値上昇,2,非代償性肝硬変は肝機能低下が生じ、その結果、黄疸（1：総ビリラビン値上昇）、浮腫（4：アルブミン値低下）、腹水、胸水、肝性脳症、出血傾向（2：血小板減少、3：プロトロンビン時間延長）などの身体所見が出現する病態である。
553,臨床医学各論,111,第33回,問題59,5 消化器疾患,D. 腸疾患,炎症性腸疾患について正しいのはどれか。,1. クローン病は大腸に限局する。,2. 潰瘍性大腸炎は非連続性病変を示す。,3. 食生活の欧米化により患者数が増加した。,4. 赤沈は病勢を反映しない。,3,1：クローン病は口腔から肛門までの消化管に非連続性で全層性生じる肉芽腫性炎症性疾患である。2：潰瘍性大腸炎は直腸から始まり、大腸粘膜に連続性にびらんや潰瘍が生じるびらん性炎症性疾患である。3：クローン病や潰瘍性大腸炎は遺伝因子の他に欧米型の食生活（脂質摂取量の増加）を発症に関連する。4：赤沈やCRP等の炎症所見は病勢を反映する。
554,臨床医学各論,112,第27回,問題71,5 消化器疾患,E. 肝臓疾患,肝炎の感染経路で正しいのはどれか。,1. A型肝炎は血液で感染する。,2. B型肝炎は性行為で感染する。,3. C型肝炎は生鮮魚介類の摂取で感染する。,4. E型肝炎は母子感染する。,2,1：A型肝炎ウイルスは、糞口感染（経口感染）で感染する。2：B型肝炎ウイルスは、血液・体液を介して感染する。つまり、性行為によっても感染する。経路としては垂直感染（母子感染）と水平感染がある。3：C型肝炎ウイルスは、血液を介して感染する。4：E型肝炎ウイルスは糞便に汚染された飲食からの経口感染・水系感染が主体となる。
555,臨床医学各論,113,第28回,問題71,5 消化器疾患,E. 肝臓疾患,ウイルス性肝炎と感染経路の組合せで正しいのはどれか。,1. A型 ―― 血液への暴露,2. B型 ―― 性行為,3. C型 ―― 獣肉摂取,4. E型 ―― 生鮮魚介類摂取,2,1：A型―生鮮魚介類摂取、2：B型―性行為、血液への暴露、3：C型―血液への暴露、性行為、4：E型―獣肉摂取、が組み合わせとして正しい。
556,臨床医学各論,114,第28回,問題75,5 消化器疾患,E. 肝臓疾患,「35歳の女性看護師。皮膚の黄染、全身倦怠感にて受診。針刺しの既往がある。肝炎ウイルスマーカーでは、HCV抗体陽性、HCV-RNA陽性で、他は陰性であった。」本疾患について正しいのはどれか。,1. 生ガキの摂取で起こる。,2. 慢性化の頻度が高い。,3. 劇症肝炎へ進展しやすい。,4. ワクチン予防が可能である。,2,症例は針刺しの既往があり、黄染、全身倦怠感の症状を呈し、HCV抗体陽性、HCV-RNA陽性であることからC型肝炎を示唆しており、本症は1：血液への暴露や性交渉が感染経路であり、2：慢性化の頻度が高く、肝炎を引き起こし、3：肝硬変や肝癌に移行しやすいが、4：有効なワクチンは未だ実用化されていない。
557,臨床医学各論,115,第28回,問題76,5 消化器疾患,E. 肝臓疾患,本疾患に合併する悪性腫瘍で上昇する腫瘍マーカーはどれか。,1. CA125,2. SCC,3. CEA,4. AFP,4,1：CA125は卵巣癌の他、子宮筋腫や卵巣嚢胞、子宮内膜症等でも上昇する可能性がある。2：SCCは子宮頸癌、肺癌、食道癌など、多くの扁平上皮癌で高値を示す。3：CEAは大腸癌や膵癌、胆管癌、肺癌などで上昇、4：AFPは急性・慢性肝炎の他、劇症肝炎や肝硬変、肝癌などで高値を示す。
558,臨床医学各論,116,第26回,問題63,5 消化器疾患,E. 肝臓疾患,脂肪肝に関係ないのはどれか。,1. 肥満,2. 糖尿病,3. 肝硬変,4. 胆嚢ポリープ,4,肝細胞に中性脂肪が蓄積し、全肝細胞の30％以上が脂肪化している状態を脂肪肝という。脂肪肝は、過度なアルコール摂取によるアルコール性脂肪肝と、1：肥満、2：糖尿病、薬剤などが原因の非アルコール性脂肪肝に大別される。自覚症状はほとんどなく、脂肪性肝炎→3：肝硬変→肝癌へと進行する危険がある。
559,臨床医学各論,117,第30回,問題70,5 消化器疾患,E. 肝臓疾患,ウイルス性肝炎と感染経路の組合せで正しいのはどれか。,1. A型 ―― 性行為,2. B型 ―― 獣肉摂取,3. C型 ―― 血液への暴露,4. E型 ―― 生鮮魚介類の摂取,3,1：A型肝炎は生ガキなどの生鮮魚介類の摂取による経口感染、2：B型肝炎は性行為・血液感染・母子感染、3：C型肝炎は血液感染、4：E型肝炎は獣肉の摂取による経口感染である。
560,臨床医学各論,118,第31回,問題69,5 消化器疾患,F. 胆嚢・胆道疾患,疾患と症状の組合せで正しいのはどれか。,1. 過敏性腸症候群 ―― 血便,2. 急性胆嚢炎 ―― 左季肋部痛,3. 慢性膵炎 ―― 便秘,4. 肝硬変 ―― 女性化乳房,4,1：過敏性腸症候群では便通異常（便性状と回数の変化）はみられるものの、血便はみられない。2：急性胆嚢炎では右季肋部痛がみられる。3：慢性膵炎では下痢や脂肪便がみられる。4：肝硬変では女性化乳房がみられる。
561,臨床医学各論,119,第32回,問題66,5 消化器疾患,F. 胆嚢・胆道疾患,ウイルス性肝炎と感染経路の組合せで正しいのはどれか。,1. A型肝炎 ―― 感染血液への暴露,2. B型肝炎 ―― 分娩時の垂直感染,3. C型肝炎 ―― 獣肉の生食,4. E型肝炎 ―― 生鮮魚介類の摂取,2,問題17の解説を参照。
562,臨床医学各論,120,第34回,問題54,5 消化器疾患,F. 胆嚢・胆道疾患,アルコール性肝障害について誤っているのはどれか。,1. 治療の基本は禁酒である。,2. 肝生検は診断に有用である。,3. 飲酒量が同量の場合、男性の方が発症しやすい。,4. γ-GTが高値である。,3,1：治療の基本は禁酒である（節酒ではない）。2：肝生検は重症度や予後を判断するうえで有用である。3：女性の方が少量の飲酒でも発症しやすい。4：γ-GTはアルコール性肝障害で上昇する。
563,臨床医学各論,121,第27回,問題70,5 消化器疾患,G. 膵臓疾患,急性膵炎の原因で最も多いのはどれか。,1. 胆石,2. アルコール多飲,3. 脂質異常症,4. 膵癌,2,急性膵炎とは、膵液に含まれる消化酵素により膵臓自体が消化されることにより、膵臓や関連する器官に急性炎症を引き起こした状態をいう。急性膵炎の原因として最も多いのは2：アルコールの多飲であり、次いで多いのは、十二指腸乳頭に1：胆石が詰まって起こる胆石性膵炎である。
564,臨床医学各論,122,第29回,問題70,5 消化器疾患,G. 膵臓疾患,膵癌のリスクファクターでないのはどれか。,1. 糖尿病,2. 慢性膵炎,3. 喫煙,4. 高血圧,4,膵臓がんのリスクファクターとしては、1：糖尿病、2：慢性膵炎、3：喫煙、高脂血症、胆道疾患などが挙げられる。
565,臨床医学各論,123,第30回,問題66,5 消化器疾患,G. 膵臓疾患,急性膵炎で最も多いのはどれか。,1. アルコール性膵炎,2. 自己免疫性膵炎,3. 胆石性膵炎,4. 薬剤性膵炎,1,急性膵炎の成因はアルコール摂取が最も多く、次いで胆石、特発性、その他である。アルコールの大量摂取に起因する1：アルコール性膵炎が最も多い。
566,臨床医学各論,124,第30回,問題87,5 消化器疾患,G. 膵臓疾患,「55歳の女性。2か月前から背部の鈍痛が続いていたが放置していた。発熱はないが、食欲不振、体重減少、倦怠感がある。」最も疑われる疾患はどれか。,1. 子宮筋腫,2. 尿路結石,3. 腎盂腎炎,4. 膵臓癌,4,1：子宮筋腫では症例にある症状はいずれもみられない。2：尿路結石は腰背部痛がみられるが、その他症例にある症状はみられない。3：腎盂腎炎は発熱や腰背部痛がみられるが、その他症例にある症状はみられない。4：黄疸、上腹部痛や腰背部痛、体重減少、食欲不振、悪心・嘔吐などもみられる。
567,臨床医学各論,125,第30回,問題88,5 消化器疾患,G. 膵臓疾患,「55歳の女性。2か月前から背部の鈍痛が続いていたが放置していた。発熱はないが、食欲不振、体重減少、倦怠感がある。」行うまべき検査で最も適切なのはどれか。,1. 腹部超音波検査,2. 尿沈渣,3. 血液像（白血球分画）,4. 腹部エックス線検査,1,膵癌の検査には1：腹部超音波検査、腹部造影CT検査、核磁気共鳴胆管膵管撮影（MRCP）、内視鏡的逆行性胆管膵管造影（ERCP）が行われる。膵癌では2：尿沈渣や3：白血球分画で異常がみられることは稀である。4：エックス線検査では軟部組織の描写は困難である。
568,臨床医学各論,126,第32回,問題67,5 消化器疾患,G. 膵臓疾患,膵癌のリスクファクターとして正しいのはどれか。,1. 高血圧症,2. 脂質異常症,3. 高尿酸血症,4. 糖尿病,4,問題26の解説を参照。
569,臨床医学各論,127,第33回,問題60,5 消化器疾患,G. 膵臓疾患,膵癌について正しいのはどれか。,1. CA19-9は特異度が高い。,2. アミラーゼ値は病態を反映する。,3. 造影CTで確定診断ができる。,4. 早期に発見されやすい。,1,1：CA19-9は膵癌で約80％、胆道癌で約70％と高い陽性率を示し、特異度は高い。2：アミラーゼ値は一時的に高値となることがあるが、病勢は反映しない。3：造影CT（放射線検査）で診断を確定することは可能だが、可能な限り細胞診や組織診で病理診断を行うことが望ましい。4：身体所見に乏しいため早期には発見されにくい。
570,臨床医学各論,128,第34回,問題53,5 消化器疾患,G. 膵臓疾患,膵癌の危険因子はどれか。,1. 胃癌,2. 糖尿病,3. 腎不全,4. 関節リウマチ,2,問題26の解説を参照。
571,臨床医学各論,129,第26回,問題75,6 腎泌尿生殖器疾患,A. 糸球体疾患,「50歳の男性。主訴は下肢の浮腫。血液検査は総蛋白5.2g/dl、アルブミン2.5g/dl、総コレステロール280mg/dl。尿検査は尿糖3＋、尿蛋白4＋であった。」下肢浮腫の触診部位で最も適切なのはどれか。,1. 脛骨前面,2. 内果,3. 外果,4. アキレス腱,1,【解説】本症例は浮腫、蛋白尿、低蛋白血症、低アルブミン血症、高脂血症の所見を認めることから、ネフローゼ症候群が疑われる。腎疾患による一次性ネフローゼ症候群と、全身疾患に伴う二次性ネフローゼ症候群に大別される。下肢浮腫の触診部位としては、1：脛骨前面が適切である。
572,臨床医学各論,130,第26回,問題76,6 腎泌尿生殖器疾患,A. 糸球体疾患,「50歳の男性。主訴は下肢の浮腫。血液検査は総蛋白5.2g/dl、アルブミン2.5g/dl、総コレステロール280mg/dl。尿検査は尿糖3＋、尿蛋白4＋であった。」本症例でみられる浮腫の主な原因はどれか。,1. 静水圧の上昇,2. 血漿膠質浸透圧の低下,3. 血管透過性亢進,4. リンパ液のうっ滞,2,【解説】ネフローゼ症候群では、低蛋白血症に伴う2：血漿膠質浸透圧の低下により、浮腫、循環血流量の減少、尿量低下をきたしやすい。
573,臨床医学各論,131,第31回,問題50,6 腎泌尿生殖器疾患,A. 糸球体疾患,急性糸球体腎炎について正しいのはどれか。,1. 予後は良好である。,2. 高齢者に多い。,3. 血清補体価は上昇する。,4. 細菌尿がみられる。,1,急性糸球体腎炎はA群溶血性連鎖球菌感染後（1〜3週間後）に生じる疾患で2：小児に多い。Ⅲ型アレルギー機序を介して生じる疾患であるため、3：血清補体価は低下し、4：細菌尿はみられない。一般的に1：予後は良好で、3か月以内に完全寛解となる。
574,臨床医学各論,132,第31回,問題60,6 腎泌尿生殖器疾患,A. 糸球体疾患,ネフローゼ症候群の診断基準に含まれるのはどれか。,1. 排尿痛,2. 高LDLコレステロール血症,3. 尿糖,4. 高蛋白血症,2,【解説】ネフローゼ症候群の診断基準は①高度蛋白尿（3.5g/日以上）、②低アルブミン血症（血清総蛋白＜6.0g/dLまたは血清アルブミン＜3.0g/dL）、③浮腫、④脂質異常症（2：高LDLコレステロール血症）である。
575,臨床医学各論,133,第32回,問題58,6 腎泌尿生殖器疾患,A. 糸球体疾患,ネフローゼ症候群について正しいのはどれか。,1. 血清コレステロールが低値となる。,2. 低蛋白血症を認める。,3. 尿蛋白は陰性である。,4. 小児では予後不良である。,2,【解説】ネフローゼ症候群は3：高度な蛋白尿による2：低蛋白血症、浮腫、1：脂質異常症（高コレステロール血症）を呈した臨床病態である。小児ではステロイド治療によく反応して予後は良好である。
576,臨床医学各論,134,第34回,問題58,6 腎泌尿生殖器疾患,A. 糸球体疾患,二次性ネフローゼ症候群の原因となる疾患で最も適切なのはどれか。,1. 膜性腎症,2. 糖尿病性腎症,3. 巣状節性糸球体硬化症,4. 膜性増殖性糸球体腎炎,2,【解説】ネフローゼ症候群は原発性糸球体疾患による一次性ネフローゼ症候群と、全身性疾患に伴う二次性ネフローゼ症候群に分類される。2：糖尿病性腎症は代表的な二次性ネフローゼ症候群の原因である（他にループス腎炎など）。
577,臨床医学各論,135,第25回,問題72,6 腎泌尿生殖器疾患,B. 腎不全,慢性腎不全の検査所見で誤っているのはどれか。,1. 糸球体ろ過量（GFR）の上昇,2. 血清クレアチニン値の上昇,3. 高カリウム血症,4. 正球性正色素性貧血,1,【解説】慢性腎不全の原因には、慢性糸球体腎炎や糖尿病性腎症、間質性腎炎、高血圧などが挙げられる。1：糸球体ろ過量（GFR）は低下し、2：血清クレアチニン値は上昇する。腎機能の低下に伴い、血清カリウム値の上昇（3：高カリウム血症）を発現する。腎性貧血の特徴は、4：正球性正色素性貧血、または大球性正色素性である。
578,臨床医学各論,136,第27回,問題60,6 腎泌尿生殖器疾患,B. 腎不全,腎前性急性腎不全の病因はどれか。,1. 広範囲熱傷,2. 前立腺癌,3. 急性糸球体腎炎,4. ミオグロビン尿症,1,【解説】腎不全は、その原因により腎前性、腎性、腎後性に分類され、腎前性急性腎不全とは、腎血流量の減少が原因となる。1：広範囲熱傷は脱水を引き起こし、腎血流量が低下することから、腎前性急性腎不全となる可能性が考えられる。3：急性糸球体腎炎、4：ミオグロビン尿症は腎性急性腎不全になる可能性があり、2：前立腺癌は腎後性急性腎不全になる可能性がある。
579,臨床医学各論,137,第29回,問題57,6 腎泌尿生殖器疾患,B. 腎不全,腎疾患と所見の組合せで正しいのはどれか。,1. 急性糸球体腎炎 ―― 低血圧,2. 慢性腎不全 ―― 高リン血症,3. 急性腎不全 ―― 代謝性アルカローシス,4. ネフローゼ症候群 ―― 低コレステロール血症,2,【解説】1：急性糸球体腎炎では糸球体濾過量の低下、水やナトリウムの貯留による循環血液量の増加により高血圧となる。2：慢性腎不全では尿細管障害によるリン排泄が低下し、高リン血症となる。3：急性腎不全では腎機能低下によるH+排泄低下により代謝性アシドーシスをきたす。4：ネフローゼ症候群では低アルブミン血症となり、肝臓での蛋白質合成亢進により高コレステロール血症となる。
580,臨床医学各論,138,第30回,問題60,6 腎泌尿生殖器疾患,B. 腎不全,腎前性腎不全の病因はどれか。,1. 出血性ショック,2. 前立腺癌,3. 後腹膜腫瘍,4. 急性腎炎症候群,1,【解説】腎前性腎不全は循環血液量・細胞外液量の減少（1：出血、嘔吐、熱傷、下痢など）、心拍出量の減少などにより、腎血流量が減少することで生じる。腎性腎不全は尿細管間質の障害や糸球体の障害（4：急性腎炎症候群など）、などにより、腎実質が障害されることで生じる。腎後性腎不全は尿管の閉塞（3：後腹膜腫瘍など）、膀胱・尿道の閉塞などを原因とする尿路の通過障害により、尿がうっ滞することで生じる。
581,臨床医学各論,139,第29回,問題56,6 腎泌尿生殖器疾患,C. 感染症,急性膀胱炎について正しいのはどれか。,1. 男性に多い。,2. 排尿後の痛みが多い。,3. 原因菌は黄色ブドウ球菌が多い。,4. 水分はあまり摂らない方がよい。,2,【解説】急性膀胱炎は尿道の短さなどの理由から、1：女性に多く、3：原因菌は大腸菌が多く、通常は上行感染により生じる。2：排尿終末時の強い痛み、頻尿、尿濁質が主ってみられる。4：治療として抗菌薬の投与や水分摂取により利尿を促進する。
582,臨床医学各論,140,第28回,問題60,6 腎泌尿生殖器疾患,E. 結石症・尿路閉塞疾患,尿路結石の再発予防に有用なのはどれか。,1. 水分摂取,2. 尿酸排泄促進薬内服,3. 柑橘類摂取,4. ホウレンソウ摂取,1,【解説】尿路結石の再発予防には1：水分摂取と組み合わせて、食事指導として動物性たんぱく質、シュウ酸、塩分、糖分、脂肪の過剰摂取の制限、カルシウム、炭水化物、クエン酸の適量摂取が有用である。4：ホウレンソウはシュウ酸を多く含むため、過剰摂取は再発の原因となる。
583,臨床医学各論,141,第31回,問題89,6 腎泌尿生殖器疾患,F. 排尿機能障害,「72歳の女性。頻尿と尿意切迫感を主訴に来院した。尿一般検査と尿細菌検査に異常はなかった。腹部超音波検査で残尿はみられなかった。」考えられる疾患はどれか。,1. 急性膀胱炎,2. 腎盂腎炎,3. 過活動膀胱,4. 腎結石,3,【解説】症例が示すのは3：過活動膀胱である。1：急性膀胱炎、2：腎盂腎炎では尿検査で細菌尿と膿尿がみられる。4：腎結石は疼痛や血尿がみられるものの、頻尿と尿意切迫感は主訴になりにくい。
584,臨床医学各論,142,第31回,問題90,6 腎泌尿生殖器疾患,F. 排尿機能障害,生活指導について適切なのはどれか。,1. 坐位時間を長くする。,2. 骨盤底筋訓練を行う。,3. 水分摂取を控える。,4. 尿意を感じたらすぐに排尿する。,2,【解説】過活動膀胱に対する治療は大きく分けて行動療法と薬物療法に分けられる。行動療法はさらに膀胱訓練、生活管理（生活指導）、理学療法に分けられる。2：骨盤底筋訓練は理学療法として行われ、生活指導として自宅でも行わせる。1：坐位時間は長くせず、体重減少や運動療法を生活指導として行う。3：水分摂取や塩分摂取が過剰である場合には控えるように指導する。4：尿意を感じたら排尿を我慢して膀胱容量を増やす（膀胱訓練）。
585,臨床医学各論,143,第27回,問題62,6 腎泌尿生殖器疾患,G. 男性生殖器疾患,前立腺肥大症について正しいのはどれか。,1. 蛋白尿がみられる。,2. 夜間頻尿がみられる。,3. 直腸指診では石のように硬く触れる。,4. 骨転移がみられる。,2,【解説】前立腺肥大症の症状として、排尿困難、頻尿、2：夜間頻尿、尿意切迫感、残尿感、尿失禁などが挙げられる。
586,臨床医学各論,144,第33回,問題65,6 腎泌尿生殖器疾患,G. 男性生殖器疾患,前立腺肥大症の初期症状はどれか。,1. 血尿,2. 尿失禁,3. 夜間頻尿,4. 排尿時痛,3,【解説】1：前立腺疾患で血尿が重要な所見となるのは前立腺癌である。前立腺肥大症ではみられない。2：前立腺肥大症の第3期（慢性尿閉期）では溢流性尿失禁がみられる。3：初期症状がみられる第1期（刺激症状期）では尿道や会陰部の不快感や頻尿、特に夜間頻尿などがみられる。4：前立腺疾患で排尿時痛が重要な所見となるのは前立腺炎である。
587,臨床医学各論,145,第34回,問題65,6 腎泌尿生殖器疾患,G. 男性生殖器疾患,前立腺肥大症について最も適切なのはどれか。,1. PSA値が極めて高値となる。,2. 直腸指診で石のように硬い前立腺を触知する。,3. 夜間頻尿がみられる。,4. ホルモン補充療法が有効である。,3,【解説】前立腺肥大症は移行領域の腺上皮と間質細胞の過形成によって生じる。1：PSAは基準値内で軽度上昇にとどまる。2：石様硬は前立腺癌であり、前立腺肥大症では弾性硬である。3：初期に夜間頻尿がみられ、次第に残尿や尿閉がみられるようになる。4：治療はα1受容体拮抗薬やPDE5阻害薬、5α還元酵素阻害薬などであり、ホルモン補充ではない。
588,臨床医学各論,146,第30回,問題58,6 腎泌尿生殖器疾患,H. 女性生殖器疾患,子宮筋腫について正しいのはどれか。,1. CA125が上昇する。,2. ヒトパピローマウイルス（HPV）感染が関係する。,3. 不正性器出血をきたしにくい。,4. エストロゲン依存性疾患である。,4,【解説】子宮筋腫は子宮筋層内の平滑筋から発生する4：エストロゲン依存性の良性腫瘍である。2：ヒトパピローマウイルス（HPV）感染が関与するのは子宮頸癌である。3：不正性器出血、過多月経、月経困難、鉄欠乏性貧血、不妊などの原因となる。1：CA125は卵巣癌、子宮内膜症、子宮腺筋症、肺癌などで上昇する。子宮筋腫では稀に上昇するが、正常値であることが多く、確定診断には至らない。選択肢4が正解として最も適切となる。
589,臨床医学各論,147,第28回,問題63,7 血液・造血器疾患,A. 赤血球疾患,自己免疫機序が関与しないのはどれか。,1. 悪性貧血,2. 溶血性貧血,3. 鉄欠乏性貧血,4. 再生不良性貧血,3,【解説】1：悪性貧血、ビタミンB12や葉酸の欠乏に起因する自己免疫性萎縮性胃炎による。2：溶血性貧血は、自己免疫性溶血性貧血、発作性夜間ヘモグロビン尿症、遺伝性球状赤血球症などが原因とされており、自己免疫性溶血性貧血が最も多い。4：再生不良性貧血は先天性と後天性に分けられ、多くは後天性が占め、大多数は自己免疫機序によるものと考えられている。3：鉄欠乏性貧血は鉄の摂取不足、胃切除後の吸収障害、消化器癌による出血などが原因として挙げられる。
590,臨床医学各論,148,第25回,問題63,7 血液・造血器疾患,A. 赤血球疾患,汎血球減少症をきたすのはどれか。,1. 腎性貧血,2. 溶血性貧血,3. 鉄欠乏性貧血,4. 再生不良性貧血,4,【解説】汎血球減少症とは、血液中の白血球数、赤血球数、血小板数のいずれもが減少した状態をいい、4：再生不良性貧血や急性白血病、骨髄異形成症候群、肝硬変、脾臓機能亢進のほか、全身性エリテマトーデスなどで発症する。1：腎性貧血、2：溶血性貧血、3：鉄欠乏性貧血では、赤血球数が減少する。
591,臨床医学各論,149,第25回,問題68,7 血液・造血器疾患,A. 赤血球疾患,ビタミンB12欠乏による疾患はどれか。,1. 骨軟化症,2. ウェルニッケ脳症,3. 巨赤芽球性貧血,4. 脂漏性皮膚炎,3,【解説】3：巨赤芽球性貧血は、ビタミンB12や葉酸の欠乏によって起こる。1：骨軟化症の病因には、ビタミンDの欠乏が挙げられる。2：ウェルニッケ脳症は、ビタミンB1の欠乏による。4：脂漏性皮膚炎の原因は、真菌の異常増殖である。
592,臨床医学各論,150,第29回,問題55,7 血液・造血器疾患,A. 赤血球疾患,小球性低色素性貧血をきたすのはどれか。,1. 溶血性貧血,2. 鉄欠乏性貧血,3. 再生不良性貧血,4. 巨赤芽球性貧血,2,【解説】小球性低色素性貧血をきたすのは、2：鉄欠乏性貧血である。1：溶血性貧血、3：再生不良性貧血は正球性貧血をきたす。4：巨赤芽球性貧血は大球性貧血をきたす。
593,臨床医学各論,151,第29回,問題89,7 血液・造血器疾患,A. 赤血球疾患,「45歳の女性。2か月前から易疲労感、動悸、息切れ、体重減少が出現した。血液検査では、血中ヘモグロビンと平均赤血球容積は低値であった。」症状発現の基礎疾患となるのはどれか。,1. 心臓弁膜症,2. 子宮筋腫,3. 甲状腺機能亢進症,4. 気管支喘息,2,【解説】症状とは通常、自覚症状の意味で用いる用語であり、第三者が客観的に観察できる所見を他覚的所見という。症例中の全ての「症状」を満たす疾患は3：甲状腺機能亢進症である。血液検査所見は「症状」ではないため、この設問において本来無視されるはずの情報であるが、公式発表の正解より、血液検査所見から小球性貧血を導き出し、鉄欠乏性貧血を考慮し、鉄欠乏性貧血の原因となる過多月経を生じるであろう、2：子宮筋腫を導き出すことが要求される。子宮筋腫で体重減少が生じる機序については全く不明であり、理解し難い。
594,臨床医学各論,152,第29回,問題90,7 血液・造血器疾患,A. 赤血球疾患,「45歳の女性。2か月前から易疲労感、動悸、息切れ、体重減少が出現した。血液検査では、血中ヘモグロビンと平均赤血球容積は低値であった。」薬物治療にて症状は改善した。今後食事で特に摂取すべきものはどれか。,1. 赤身の肉類,2. 豆腐,3. 緑黄色野菜,4. 海藻,1,【解説】症状は改善したが血液検査所見に触れていないため、小球性貧血は改善されていないと捉える。小球性低色素性貧血＝鉄欠乏性貧血ではなく、血清鉄や血清フェリチンなどの情報に乏しいが、鉄欠乏性貧血に対して鉄を食物から摂取させたい設問である。1：赤身の肉類や赤身魚に多いヘム鉄は、2、3、4、野菜に多い非ヘム鉄より吸収が良い。
595,臨床医学各論,153,第30回,問題56,7 血液・造血器疾患,A. 赤血球疾患,汎血球減少症をきたすのはどれか。,1. 鉄欠乏性貧血,2. 腎性貧血,3. 溶血性貧血,4. 再生不良性貧血,4,【解説】再生不良性貧血は造血幹細胞が減少することにより汎血球減少（赤血球減少、白血球減少、血小板減少）がみられる。
596,臨床医学各論,154,第31回,問題61,7 血液・造血器疾患,A. 赤血球疾患,鉄欠乏性貧血について正しいのはどれか。,1. 葉酸の欠乏が原因となる。,2. 血清フェリチンは増加する。,3. 小球性貧血がみられる。,4. 骨髄は低形成である。,3,【解説】1：鉄の欠乏が原因となる。葉酸・ビタミンB12の欠乏が原因となるのは巨赤芽球性貧血である。2：血清フェリチンは減少する。3：小球性低色素性貧血がみられる。4：骨髄は正常である。骨髄低形成をきたすのは再生不良性貧血である。
597,臨床医学各論,155,第32回,問題56,7 血液・造血器疾患,A. 赤血球疾患,鉄欠乏性貧血について正しいのはどれか。,1. 大球性貧血である。,2. 正色素性貧血である。,3. 総鉄結合能は低下する。,4. 鉄剤投与によって網状赤血球は増加する。,4,【解説】鉄欠乏性貧血は1、2：末梢血液所見で小球性低色素性貧血を呈する。総鉄結合能は血液中で鉄と結合して運搬されるトランスフェリンが結合可能な鉄の総量を表す。鉄欠乏により鉄と結合しているトランスフェリンが減少するため、鉄と結合可能なトランスフェリンが増加する。よって、3：トランスフェリンが結合可能な鉄の総量は増加する。4：鉄剤の経口投与により網赤血球（網状赤血球）が増加する。
598,臨床医学各論,156,第33回,問題66,7 血液・造血器疾患,A. 赤血球疾患,鉄欠乏性貧血の患者によくみられるのはどれか。,1. 爪の変形,2. 白髪,3. 知覚鈍麻,4. 味覚低下,1,【解説】1：スプーン状爪がみられる。巨赤芽球性貧血では2：年齢不相応な白髪、亜急性連合性脊髄変性症の末梢神経障害（多発ニューロパチー）の一つとして3：知覚鈍麻がみられ、ハンター舌炎で4：味覚低下（味覚障害）や灼熱感がみられる。
599,臨床医学各論,157,第28回,問題57,7 血液・造血器疾患,B. 白血球疾患,白血病についてウイルスが原因で日本の西南地方に多いのはどれか。,1. 成人T細胞白血病,2. 慢性骨髄性白血病,3. 急性骨髄性白血病,4. 急性リンパ性白血病,1,【解説】1：成人T細胞白血病は、ヒトT細胞白血病ウイルス1型（HTLV-1ウイルス）の感染により引き起こされる。母乳による母子感染の他、性交渉、輸血が感染経路とされており、世界中で見ても日本の西南部に多い。若年層の発症は稀で、60歳代を発症のピークとする。
600,臨床医学各論,158,第28回,問題61,7 血液・造血器疾患,B. 白血球疾患,血液疾患と症状の組合せで正しいのはどれか。,1. 鉄欠乏性貧血 ―― 末梢神経障害,2. 悪性リンパ腫 ―― 舌炎,3. 急性白血病 ―― 出血傾向,4. 再生不良性貧血 ―― リンパ節腫脹,3,【解説】1：鉄欠乏性貧血―舌炎、異食症、2：悪性リンパ腫―リンパ節腫脹、3：急性白血病―出血傾向、貧血、4：再生不良性貧血―出血傾向、が組み合わせとして正しい。
601,臨床医学各論,159,第30回,問題57,7 血液・造血器疾患,B. 白血球疾患,急性骨髄性白血病について正しいのはどれか。,1. 末梢血で白血球裂孔がみられる。,2. 中枢神経障害がみられる。,3. 小児に多い。,4. 血液凝固系は保たれる。,1,【解説】本問題は選択肢に不備があるため全選択肢が正解とされた問題である。1：急性白血病では末梢血で白血球裂孔を認める。白血球裂孔という用語は通常は用いられることはなく、おそらく白血病裂孔の誤植であると思われる。2：中枢神経への浸潤で中枢神経障害がみられる。3：高齢者に多い。4：正常造血が障害され、汎血球減少に起因する貧血、感染、出血が主な症状となる。
602,臨床医学各論,160,第31回,問題87,7 血液・造血器疾患,B. 白血球疾患,「52歳の男性。3週間前から倦怠感と微熱がある。舌炎は認めないが、鼻血や歯茎の出血、皮下出血斑がみられる。」最も考えられる疾患はどれか。,1. 急性白血病,2. 悪性貧血,3. 溶血性貧血,4. 血友病,1,【解説】症例の特徴から1：急性白血病が最も考えられる。2：悪性貧血では舌炎（ハンター舌炎）がみられ、発熱や顕著な出血傾向は示さない。3：溶血性貧血では倦怠感以外に症例に記載されているような症状はみられない。4：血友病では皮下出血以外に症例に記載されているような症状はみられない。
603,臨床医学各論,161,第31回,問題88,7 血液・造血器疾患,B. 白血球疾患,診断に必要な血液検査項目で最も適切なのはどれか。,1. 葉酸,2. 血液像,3. 第Ⅷ凝固因子,4. ビリラビン,2,【解説】急性白血病の2：血液像で白血病裂孔がみられる。1：葉酸が関係するのは葉酸欠乏による巨赤芽球性貧血である。悪性貧血では葉酸値は正常である。3：第Ⅷ凝固因子が関係するのは血友病である。4：ビリラビン（間接ビリラビン）が関係するのは溶血性貧血である。
604,臨床医学各論,162,第32回,問題53,7 血液・造血器疾患,B. 白血球疾患,急性骨髄性白血病について正しいのはどれか。,1. 幼若芽球が増殖する。,2. 小児に多くみられる。,3. 細菌感染が関係する。,4. ミエロペルオキシダーゼ染色性は陰性である。,1,【解説】急性骨髄性白血病の1：増殖の主体は芽球（幼若芽球）である。2：成人に多くみられる。3：多くの症例で何らかの染色体異常や遺伝子変異がみられることから、細菌感染は関係しない。4：多くの症例ではミエロペルオキシダーゼ染色は陽性である。
605,臨床医学各論,163,第27回,問題61,7 血液・造血器疾患,C. リンパ網内系疾患,悪性リンパ腫について誤っているのはどれか。,1. 有痛性のリンパ節腫脹がみられる。,2. 化学療法が有効である。,3. 発熱がみられる。,4. CRPが陽性となる。,1,【解説】悪性リンパ腫は、腋窩、頸部、鼠径部などリンパ節の多い所に1：痛みのないリンパ節腫脹がみられる。全身的な症状として、3：発熱、盗汗、体重減少を伴う場合がある。血液検査では、血清LDHや4：CRPが病勢の指標となる。治療としては、手術療法が行われることはなく、一般的な2：化学療法と放射線療法が行われる。
606,臨床医学各論,164,第32回,問題57,7 血液・造血器疾患,D. 出血性素因,出血性素因について正しいのはどれか。,1. 一次血栓はフィブリンで構成される。,2. 血液凝固反応にはビタミンCが重要である。,3. 血友病は男性には認められない。,4. 特発性血小板減少性紫斑病は自己免疫疾患である。,4,【解説】1：一次血栓はフィブリノゲンと血小板で構成される。2：血液凝固反応にはビタミンKが重要である。ビタミンKは第Ⅱ、Ⅶ、Ⅸ、Ⅹ因子の産生に必要である。3：血友病はX連鎖潜性遺伝（伴性劣性遺伝）であり、男性に圧倒的に頻度が高い疾患である。4：特発性血小板減少性紫斑病は血小板抗体が関与する自己免疫疾患である。
607,臨床医学各論,165,第33回,問題67,7 血液・造血器疾患,D. 出血性素因,特発性血小板減少性紫斑病について最も適切なのはどれか。,1. 筋肉内に血腫を生じるのが特徴である。,2. 血管に対する自己抗体によって発症する。,3. 女性よりも男性に多い。,4. ヘリコバクター・ピロリ除菌療法が有効である。,4,【解説】1：身体深部で出血が生じるのは血友病である。2：血小板に対する自己抗体によって発症する。3：男女比1：3で女性に多い。4：特発性血小板減少性紫斑病の標準治療は副腎皮質ステロイド療法や脾摘術であるが、ヘリコバクター・ピロリ感染のある成人の慢性型の患者に対しては除菌療法を行う。
608,臨床医学各論,166,第34回,問題67,7 血液・造血器疾患,D. 出血性素因,血友病について正しいのはどれか。,1. 男児よりも女児に多い。,2. X連鎖潜性遺伝する。,3. 血液凝固第Ⅶ因子の欠乏に起因する。,4. 皮膚表面の紫斑が主症状である。,2,【解説】血友病は2：X連鎖潜性遺伝であり、1：男児に圧倒的に多く、女児は保因者となることが多い。3：血液凝固第Ⅷ因子（血友病A）と第Ⅸ因子（血友病B）の欠乏に起因する。4：皮膚表面の紫斑や鼻出血を主症状とするのは血小板減少によるものであり、血友病では関節内出血や筋肉内出血が主症状となる。
609,臨床医学各論,167,第25回,問題67,8 代謝・栄養疾患,A. 糖代謝異常,2型糖尿病について正しいのはどれか。,1. 若年者に多い。,2. 肥満者に多い。,3. インスリン療法が必須である。,4. 1型糖尿病より罹患者数が少ない。,2,"糖尿病は、自己免疫疾患である**1型糖尿病**と生活習慣や遺伝が原因となる**2型糖尿病**に分類され、**2型が9割以上**を占める。1型は**1:若年者**、**痩せ型**に多い一方、2型は**中高年の2:肥満者**に多い。1型は**3:インスリン療法**が必須である。"
610,臨床医学各論,168,第27回,問題75,8 代謝・栄養疾患,A. 糖代謝異常,「50歳の男性。主訴は体重減少。口渇、下肢の感覚鈍麻を認める。BMI30。空腹時血糖180mg/dL、HbA1c8.9%。」本症例の神経学的所見で正しいのはどれか。,1. 感覚障害は左右非対称である。,2. 振動覚は正常である。,3. アキレス腱反射は亢進する。,4. 発汗異常を認める。,4,"症例の状況から、糖尿病が疑われる。糖尿病性末梢神経障害は**1:左右対称性**に出現することが多く、末梢神経の障害のため、**2:振動覚**や**3:アキレス腱反射**は低下する。末梢神経には自律神経も含まれており、**4:発汗異常**も認める。"
611,臨床医学各論,169,第27回,問題76,8 代謝・栄養疾患,A. 糖代謝異常,本疾患について正しいのはどれか。,1. 免疫機能は亢進する。,2. HbA1cは過去2週間の平均血糖値を反映する。,3. 急性合併症には昏睡がある。,4. 大血管障害には腎症がある。,3,"糖尿病では、糖尿病ケトアシドーシス、高浸透圧高血糖症候群といった急性合併症を引き起こす可能性があり、意識障害、**3:昏睡状態**に陥ることがある。"
612,臨床医学各論,170,第29回,問題59,8 代謝・栄養疾患,A. 糖代謝異常,失明の原因となるのはどれか。,1. 痛風,2. 骨形成不全症,3. 糖尿病,4. 脂質異常症,3,**3:糖尿病の慢性合併症として糖尿病網膜症が進行すると、失明に至る。**
613,臨床医学各論,171,第29回,問題83,8 代謝・栄養疾患,A. 糖代謝異常,「70歳の男性。約20年前に2型糖尿病と診断され薬物治療を受けている。最近急に複視が出現した。正中視で右眼は外転位をとっている。対光反射は異常なく眼瞼下垂もない。」障害されている脳神経はどれか。,1. 視神経,2. 動眼神経,3. 滑車神経,4. 外転神経,2,複視および正中視で外転位をとるのは2:動眼神経障害（外方または外下方に偏位）と3:滑車神経障害（外上方に偏位）である。動眼神経は外眼筋を支配する体性運動神経と瞳孔括約筋と毛様体筋を支配する副交感神経に分かれる。動眼神経の完全麻痺では眼瞼下垂、眼球の外転及び内下方以外の全方向への眼球運動麻痺、散瞳、対光反射消失、輻輳反射消失となる。本症例において、対光反射は異常なく、眼瞼下垂もないことから、滑車神経麻痺を疑うが、糖尿病性神経障害では動眼神経と外転神経が障害されやすいため、本症例においては動眼神経の不全麻痺として外眼筋のみの麻痺を呈したと考えなければならない。
614,臨床医学各論,172,第29回,問題84,8 代謝・栄養疾患,A. 糖代謝異常,神経症状発現の病態生理として正しいのはどれか。,1. 浮腫,2. 虚血,3. 炎症,4. 圧迫,2,糖尿病性外眼筋麻痺は神経繊維の代謝障害と微小栄養血管の閉塞による虚血が関与していると考えられている。
615,臨床医学各論,173,第31回,問題63,8 代謝・栄養疾患,A. 糖代謝異常,HbA1cが反映する血糖値の期間はどれか。,1. 1〜2日間,2. 1〜2週間,3. 1〜2か月間,4. 1〜2年間,3,"HbA1cが反映するのは**3:1〜2か月間**である。糖化アルブミンは**約2週間**、1,5-AGは**約1週間の血糖値を反映する**。"
616,臨床医学各論,174,第34回,問題60,8 代謝・栄養疾患,A. 糖代謝異常,糖尿病による細小血管障害はどれか。,1. 脳梗塞,2. 心筋梗塞,3. 慢性腎臓病,4. 下肢閉塞性動脈疾患,3,1:脳梗塞は大血管障害である。2:心筋梗塞も大血管障害である。3:糖尿病では**腎症**（慢性腎臓病）・**網膜症**・**神経障害**などの細小血管障害がみられる。4:下肢閉塞性動脈疾患は大血管障害である。
617,臨床医学各論,175,第28回,問題65,8 代謝・栄養疾患,B. 脂質代謝異常,続発性脂質異常症の診断に有用でないのはどれか。,1. 肥満度,2. 血尿の有無,3. HbA1c,4. 甲状腺ホルモン値,2,"**続発性脂質異常症**は高コレステロール血症と高中性脂肪血症に分けられ、基礎疾患として、甲状腺機能低下症（**4:甲状腺ホルモン値**）、糖尿病（**3:HbA1c**）、クッシング症候群、先端巨大症、褐色細胞腫、内臓脂肪型肥満（**1:肥満度**）などの内分泌疾患や肝疾患が挙げられる他、薬剤や飲酒などによって発症することもある。1:血尿の有無は診断に有用ではない。"
618,臨床医学各論,176,第27回,問題64,8 代謝・栄養疾患,C. 尿酸代謝異常,続発性高尿酸血症の原因とならないのはどれか。,1. 白血病,2. 腎不全,3. 狭心症,4. 多発性骨髄腫,3,"続発性高尿酸血症をきたす疾患は、尿酸過生産型、尿酸排泄低下型、原因不明に大別できる。尿酸過生産型では多血症、**1:白血病**、**4:多発性骨髄腫**、糖尿病I型が挙げられ、尿酸排泄低下型として、**2:腎不全**、慢性腎炎、薬剤性、糖尿病性ケトアシドーシス、脱水などが挙げられる。そのほか、原因不明のものとして、肥満、脂質異常症、高血圧、糖尿病、サルコイドーシス、甲状腺機能低下症などを挙げることができる。"
619,臨床医学各論,177,第34回,問題68,8 代謝・栄養疾患,C. 尿酸代謝異常,痛風について正しいのはどれか。,1. 胆石を合併しやすい。,2. 手関節の腫脹が特徴的所見である。,3. 非飲酒者でも発症する。,4. 尿酸結晶が末梢神経に沈着して痛みを生じる。,3,1:尿酸結晶により**腎結石**を合併しやすい。2:**第一中足趾節関節**の急性炎症が典型的である。3:**プリン体**を多く含む食品の過食やストレス、遺伝的因子なども関係するため、非飲酒者でも発症する。4:**関節内**に尿酸結晶が沈着して炎症を起こす。
620,臨床医学各論,178,第32回,問題59,8 代謝・栄養疾患,E. その他,ビタミンB1欠乏でみられるのはどれか。,1. ペラグラー,2. 萎縮性胃炎,3. 巨赤芽球性貧血,4. 多発性末梢神経障害,4,1:ペラグラーは**ナイアシン欠乏症**でみられる。2:萎縮性胃炎の多くは**ヘリコバクター・ピロリ感染**による慢性胃炎でみられる。ビタミン欠乏症ではみられない。3:巨赤芽球性貧血は**ビタミンB12**や**葉酸**の欠乏症でみられる。4:多発性末梢神経障害は**ビタミンB1**欠乏症でみられる。
621,臨床医学各論,179,第27回,問題63,9 内分泌疾患,A. 下垂体疾患,先端巨大症の原因とならないのはどれか。,1. 膵頭部腫瘍,2. 胃ポリープ,3. 下垂体腺腫,4. 気管支カルチノイド,2,"先端巨大症は、成長ホルモンが過剰に分泌されることを原因として発症する。**3:下垂体腺腫**以外にも**1:膵頭部腫瘍**、**4:気管支カルチノイド**といった腫瘍が、異性に成長ホルモン放出ホルモンを分泌することにより先端巨大症をきたすことがある。"
622,臨床医学各論,180,第26回,問題71,9 内分泌疾患,B. 甲状腺・副甲状腺疾患,甲状腺機能低下症でみられるのはどれか。,1. 頻脈,2. 眼球突出,3. 粘液水腫,4. 発汗過多,3,"甲状腺機能低下症では、**3:粘液水腫**による眼瞼や下肢の浮腫、脱力感、**疲労感**、**発汗減少**、**体重増加**、**食欲低下**などがみられる。1:頻脈、2:眼球突出、4:発汗過多は、バセドウ病などの**甲状腺機能亢進症**でみられる。"
623,臨床医学各論,181,第29回,問題60,9 内分泌疾患,B. 甲状腺・副甲状腺疾患,女性に多く発症するのはどれか。,1. 橋本病,2. 尿崩症,3. 先端巨大症,4. 原発性アルドステロン症,1,1:橋本病は**中年女性**に多い疾患である（男女比1:10〜20）。2:尿崩症の家族性では女性に多いが、全体的に男女比はほぼ等しい。3:先端巨大症、4:原発性アルドステロン症の男女比はほぼ等しい。
624,臨床医学各論,182,第31回,問題64,9 内分泌疾患,B. 甲状腺・副甲状腺疾患,甲状腺機能低下症の症状で正しいのはどれか。,1. 頻脈,2. 手指振戦,3. 体重増加,4. 発汗過多,3,甲状腺機能低下症では代謝の低下と**粘液水腫**により**3:体重増加**がみられる。1:頻脈、2:手指振戦、4:発汗過多は**甲状腺機能亢進症**でみられる。
625,臨床医学各論,183,第28回,問題62,9 内分泌疾患,C. 副腎疾患,高血圧と耐糖能異常のいずれも認めないのはどれか。,1. 褐色細胞腫,2. アジソン病,3. クッシング症候群,4. 原発性アルドステロン症,2,"1:褐色細胞腫ではカテコールアミンが過剰生産され、高血圧を呈する。3:クッシング症候群ではコルチゾール、4:原発性アルドステロン症ではアルドステロン、それぞれの過剰分泌により高血圧、糖尿病、高脂血症を呈する。**2:アジソン病**ではコルチゾール、アルドステロン、アンドロゲンなどが欠乏し、**低血圧**を呈する。"
626,臨床医学各論,184,第25回,問題71,9 内分泌疾患,C. 副腎疾患,内分泌疾患と検査値の組合せで正しいのはどれか。,1. 褐色細胞腫 ── 血中カテコールアミン低値,2. アジソン病 ── 血中ACTH低値,3. 原発性アルドステロン症 ── 血漿レニン活性低値,4. 原発性甲状腺機能低下症 ── 血中TSH低値,3,"1:**褐色細胞腫**は副腎髄質や神経節の腫瘍で、**血中カテコールアミン**は**高値**となる。2:**アジソン病**は慢性副腎皮質機能低下症であり、**血中ACTH（副腎皮質刺激ホルモン）**は**高値**となる。3:**原発性アルドステロン症**はアルドステロンの過剰分泌をきたす疾患で、**血漿レニン活性**は**低値**となる。4:原発性甲状腺機能低下症の原因としては橋本病が最も多く、**血中TSH（甲状腺刺激ホルモン）**は**高値**となる。"
627,臨床医学各論,185,第29回,問題58,9 内分泌疾患,C. 副腎疾患,不眠がみられにくいのはどれか。,1. 褐色細胞腫,2. アジソン病,3. クッシング症候群,4. バセドウ病,2,1:褐色細胞腫では**交感神経系の刺激状態**がみられるため、不眠となりやすい。3:クッシング症候群はコルチゾール過剰により**中枢神経の興奮性が促進する**ことで不眠となる。4:バセドウ病は甲状腺機能亢進症であり、甲状腺ホルモン分泌過剰による**精神症状**として不眠となる。2:アジソン病ではコルチゾール分泌低下による中枢神経の興奮性が低下するため、不眠はみられにくい。
628,臨床医学各論,186,第33回,問題61,9 内分泌疾患,C. 副腎疾患,内分泌疾患と症状の組合せで正しいのはどれか。,1. アジソン病 ── 色素沈着,2. バセドウ病 ── テタニー,3. クッシング病 ── 眼球突出,4. 原発性アルドステロン症 ── 満月様顔貌,1,1:アジソン病では**ACTH過剰分泌**に伴う**色素沈着**がみられる。2:バセドウ病で**眼球突出**がみられる。3:クッシング病で**満月様顔貌**がみられる。4:原発性アルドステロン症で**テタニー**がみられる。
629,臨床医学各論,187,第34回,問題62,9 内分泌疾患,C. 副腎疾患,褐色細胞腫で減少・低下するのはどれか。,1. 血圧,2. 体重,3. 発汗,4. 脈拍,2,"褐色細胞腫は**カテコールアミン過剰**により、1:**高血圧**、代謝亢進（2:**体重減少**、4:**頻脈**、**便秘**）、3:**発汗亢進**、**頭痛**がみられる疾患である。"
630,臨床医学各論,188,第30回,問題63,10 アレルギー・自己免疫疾患,A. アレルギー性疾患,IV型アレルギーはどれか。,1. アナフィラキシーショック,2. アレルギー性結膜炎,3. アレルギー性接触皮膚炎,4. アレルギー性鼻炎,3,1:アナフィラキシーショック、2:アレルギー性結膜炎、4:アレルギー性鼻炎は**I型アレルギー**である。
631,臨床医学各論,189,第33回,問題56,10 アレルギー・自己免疫疾患,A. アレルギー性疾患,アナフィラキシーを最も起こしやすい疾患はどれか。,1. 血清病,2. 食物アレルギー,3. アレルギー性鼻炎,4. アレルギー性接触皮膚炎,2,特定の物質によって惹起されるIgE抗体を介した**I型アレルギー**反応で生じる全身性の重篤な病態をいう。1:血清病は**III型アレルギー**反応である。2:食物アレルギーの主な原因はI型アレルギーで全身性である。3:アレルギー性鼻炎はI型アレルギー反応で生じるが、全身性ではない。4:アレルギー性接触皮膚炎は**IV型アレルギー**反応で生じる。
632,臨床医学各論,190,第25回,問題70,10 アレルギー・自己免疫疾患,B. 膠原病と類縁疾患,全身性エリテマトーデスについて誤っているのはどれか。,1. 女性に多い。,2. 白血球が増加する。,3. 抗核抗体が陽性である。,4. 蝶形紅斑を認める。,2,"全身性エリテマトーデスは自己免疫疾患であり、**1:女性**に多く、**4:蝶形紅斑**、円板状皮疹、日光過敏、口腔内潰瘍、関節炎、漿膜炎、腎障害、神経障害などの多彩な症状を呈する。2:**白血球数は減少**し、3:**抗核抗体が陽性**となる。"
633,臨床医学各論,191,第26回,問題77,10 アレルギー・自己免疫疾患,B. 膠原病と類縁疾患,本症例の手指の所見はどれか。,1. ゴットロン徴候,2. ばち指,3. レイノー現象,4. スプーン状爪,3,"寒冷刺激などによって誘発される血管攣縮による手指、足、耳、鼻、舌、口唇などの皮膚の色調変化を**3:レイノー現象**という。本症例は、**レイノー現象**と併せて、手指のこわばり、関節痛、腫脹を認め、抗トポイソメラーゼI抗体（抗Scl-70）が陽性であることから、**全身性強皮症**が疑われる。"
634,臨床医学各論,192,第26回,問題78,10 アレルギー・自己免疫疾患,B. 膠原病と類縁疾患,本疾患の合併症として最も多いのはどれか。,1. ぶどう膜炎,2. ネフローゼ症候群,3. 逆流性食道炎,4. シェーグレン症候群,3,**全身性強皮症**では、レイノー現象に加え、爪上皮出血点を認め、**3:逆流性食道炎**などの合併が多くみられる。爪上皮出血点は、4:シェーグレン症候群や皮膚筋炎などでもみられる。
635,臨床医学各論,193,第26回,問題72,10 アレルギー・自己免疫疾患,B. 膠原病と類縁疾患,関節リウマチについて正しいのはどれか。,1. 男性に多い。,2. 関節のこわばりは夕方に多い。,3. 対称性の関節腫脹を認めることが多い。,4. 遠位指節間関節の腫脹を認めることが多い。,3,"関節リウマチは**1:女性に多く**、**自己免疫疾患**に分類され、滑膜が存在する関節包、腱鞘、滑液包における炎症による関節痛、腫れ、熱感、**2:朝のこわばり**などの症状のほか、発熱、倦怠感、体重減少、うつ症状などの全身症状もみられる。3:関節腫脹は**対称性**で、**4:近位指節間関節**や**中手指節関節**に認めることが多い。"
636,臨床医学各論,194,第26回,問題56,11 運動器疾患,A. 関節疾患,変形性股関節症の原因とならないのはどれか。,1. ペルテス病,2. 単純性股関節炎,3. 外傷性股関節脱臼,4. 大腿骨頭すべり症,2,"変形性股関節症は原因の有無によって一次性と二次性に分類され、何らかの原因があって起こる**二次性**が大半を占める。二次性の原因としては、**先天性股関節脱臼**と**臼蓋形成不全**（**発育性股関節形成不全**）が圧倒的に多く、そのほか、**1:ペルテス病**、**3:外傷性股関節脱臼**、**4:大腿骨頭すべり症**、特発性大腿骨頭壊死症などが挙げられる。**2:単純性股関節炎**は、小児においてみられる一過性に股関節痛を生じる代表的な疾患である。"
637,臨床医学各論,195,第28回,問題58,11 運動器疾患,A. 関節疾患,大腿骨頭すべり症で陽性になるのはどれか。,1. アイヒホッフテスト,2. ピボットシフトテスト,3. ドレーマン徴候,4. ピアノキー徴候,3,1:アイヒホッフテスト─ドケルバン病、2:ピボットシフトテスト─ACL損傷、3:**ドレーマン徴候─大腿骨頭すべり症**、4:ピアノキー徴候─肩鎖関節損傷、それぞれ陽性となる。
638,臨床医学各論,196,第25回,問題56,11 運動器疾患,A. 関節疾患,ピロリン酸カルシウムが原因であるのはどれか。,1. 偽痛風,2. 関節リウマチ,3. 肩関節周囲炎,4. 変形性股関節症,1,"1:**偽痛風**は**ピロリン酸カルシウム**結晶の沈着によって起こる関節炎で、**膝関節**や**手関節**に好発する。2:関節リウマチは自己免疫疾患であり、原因はいまだ不明であるが、遺伝的要因やウイルス感染などの関与が示唆されている。3:**肩関節周囲炎**は、関節構成体（骨、軟骨、靭帯、腱など）の退行変性を基盤とする、肩関節周囲組織の炎症が原因と考えられている。4:**変形性股関節症**の多くは、発育性股関節形成不全を主な原因とした二次性股関節症が占める。"
639,臨床医学各論,197,第28回,問題77,11 運動器疾患,A. 関節疾患,最も可能性の高い疾患はどれか。,1. 化膿性関節炎,2. 関節リウマチ,3. 偽痛風,4. 変形性膝関節症,3,症例は突発性の発熱、関節の炎症所見（熱感、水腫）、関節液の異常から3:偽痛風が疑われる。
640,臨床医学各論,198,第28回,問題78,11 運動器疾患,A. 関節疾患,本症例に特徴的な単純エックス線所見はどれか。,1. 骨棘形成,2. 関節裂隙狭小化,3. 骨びらん,4. 半月板石灰化,4,本症は、ピロリン酸カルシウム結晶が関節内に沈着して炎症反応を起こす。単純エックス線所見において4:半月板や関節軟骨の石灰化を認めることがあり、血液検査では炎症反応を示すCRP、WBC、血沈などの上昇が見られる。
641,臨床医学各論,199,第30回,問題49,11 運動器疾患,A. 関節疾患,変形性関節症の単純エックス線所見で正しいのはどれか。,1. 骨嚢胞像,2. 骨棘の形成,3. 関節裂隙の拡大,4. 軟骨下骨の萎縮像,2,変形性関節症の単純エックス線所見では、**2:骨棘の形成**、**3:関節裂隙の狭小化**、4:軟骨下骨の硬化、嚢胞、などが特徴的にみられる。変形性関節症では骨増殖を伴わないため、1:骨嚢胞像はみられない。
642,臨床医学各論,200,第33回,問題64,11 運動器疾患,A. 関節疾患,変形性関節症の単純エックス線所見で誤っているのはどれか。,1. 荷重部軟骨下骨の硬化,2. 関節裂隙の拡大,3. 骨棘形成,4. 骨嚢胞形成,2,変形性関節症の単純エックス線所見では1:荷重部軟骨下骨の硬化（骨硬化）、3:骨棘形成、4:骨嚢胞の形成がみられる。2:関節軟骨の減少により関節裂隙は狭小化する。
643,臨床医学各論,201,第33回,問題87,11 運動器疾患,A. 関節疾患,診断に有用性が最も低いのはどれか。,1. 間欠跛行の聴取,2. 膝蓋跳動,3. スパーリングテスト,4. 下肢伸展挙上テスト,3,年齢、体型、症状より腰痛の既往がある内膝型の変形性膝関節症と考える。1:腰痛及び下肢（膝）の痛みを訴えるため、腰部脊柱管狭窄症を鑑別する目的で有用である。2:膝関節の水腫を疑うため有用である。3:頸部の検査となるため、有用性は最も低い。4:腰痛があるため有用である。
644,臨床医学各論,202,第33回,問題88,11 運動器疾患,A. 関節疾患,運動療法で適切でないのはどれか。,1. 水中ウォーキング,2. 体幹筋訓練,3. 大腿四頭筋訓練,4. 長距離歩行,4,関節に過剰な負荷がかからない運動療法として1:水中ウォーキングや2:体幹筋訓練、3:大腿四頭筋訓練（下肢伸展挙上訓練）は有用である。歩行時痛が増悪してきたとあるため、負荷が過大となるような4:長距離歩行は適切でない。
645,臨床医学各論,203,第34回,問題66,11 運動器疾患,A. 関節疾患,変形性股関節症の一般的な治療法として適切でないのはどれか。,1. ギプス固定,2. 人工股関節全置換術,3. 生活指導,4. 薬物治療,1,1:ギプス固定は拘縮を招くため行わない。2:重症例では人工股関節置換術を行う。3:減量や負担のかかる動作の回避、杖の使用などの生活指導は基本である。4:鎮痛薬などの薬物療法も行う。
646,臨床医学各論,204,第25回,問題59,11 運動器疾患,B. 骨代謝性疾患,骨粗鬆症患者に好発する骨折はどれか。,1. 鎖骨骨幹部骨折,2. 橈骨近位部骨折,3. 大腿骨近位部骨折,4. 脛骨遠位部骨折,3,"**骨粗鬆症**とは、骨量の減少による骨の微細構造の異常を特徴とし、骨の脆弱性が亢進する結果、骨折のリスクが高まる。原因となる基礎疾患の有無により、原発性骨粗鬆症と続発性骨粗鬆症の2つに分類される。骨折は**椎体**（特に胸腰椎移行部）、**3:大腿骨近位部**、橈骨遠位位部、上腕骨近位部に好発する。"
647,臨床医学各論,205,第27回,問題57,11 運動器疾患,B. 骨代謝性疾患,骨粗鬆症における骨折危険因子でないのはどれか。,1. 運動,2. 喫煙,3. 糖尿病,4. 副腎皮質ステロイド薬,1,4:副腎皮質ステロイド薬は、骨を脆弱化させる。3:糖尿病は、骨密度を低下させるため骨折のリスクが高くなる。2:喫煙はエストロゲンの分泌を抑制し、腸管からの栄養吸収を妨げることから、骨粗鬆症を助長する。一方、適度な1:運動は骨に刺激を与え、骨密度に好影響を与えるとともに、運動習慣は姿勢維持に関連した筋・神経を活性化させることにより、急な姿勢変化を余儀なくされた場合の対応などにも影響を与える。
648,臨床医学各論,206,第30回,問題50,11 運動器疾患,B. 骨代謝性疾患,くる病の治療で適切でないのはどれか。,1. ビタミンDの投与,2. 運動,3. 日光浴,4. 副腎皮質ホルモンの投与,4,くる病はビタミンD作用不足、リン欠乏、アシドーシスなどによる骨の石灰化不全で、類骨組織の増加が原因で生じる疾患である。4:副腎皮質ホルモンには破骨細胞増加による骨吸収促進作用、骨芽細胞減少による骨形成低下作用があるため、治療としては適切ではない。
649,臨床医学各論,207,第31回,問題65,11 運動器疾患,B. 骨代謝性疾患,骨粗鬆症患者で最も骨折が起こりにくい部位はどれか。,1. 橈骨遠位部,2. 腰椎椎体,3. 大腿骨近位部,4. 踵骨体部,4,問題11の解説を参照。
650,臨床医学各論,208,第26回,問題55,11 運動器疾患,C. 骨腫瘍,骨腫瘍で予後が悪いのはどれか。,1. 軟骨肉腫,2. 内軟骨腫,3. 外骨腫,4. 骨軟骨腫,1,骨腫瘍には悪性骨腫瘍と良性骨腫瘍があり、**悪性骨腫瘍**は予後不良とされている。1:軟骨肉腫は悪性骨腫瘍に分類され、40歳代以上に多く、好発部位は大腿骨、骨盤、上腕骨である。2:内軟骨腫、3:外骨腫、4:骨軟骨腫は、転移の可能性が低く、予後が良好とされる良性骨腫瘍に分類される。
651,臨床医学各論,209,第32回,問題64,11 運動器疾患,C. 骨腫瘍,原発性悪性骨腫瘍で最も頻度が高いのはどれか。,1. 骨肉腫,2. 軟骨肉腫,3. ユーイング肉腫,4. 脊索腫,1,原発性悪性骨腫瘍で最も頻度が高いのは1:骨肉腫で、次いで2:軟骨肉腫、3:ユーイング肉腫、4:脊索腫である。
652,臨床医学各論,210,第30回,問題51,11 運動器疾患,D. 筋・腱疾患,骨化性筋炎の原因はどれか。,1. 脊髄損傷,2. エストロゲン製剤の服用,3. 意識障害を伴う脳障害,4. 筋挫傷後の無理な可動域訓練,4,骨化性筋炎は筋や腱などの軟部組織に生じる異所性骨化を伴う炎症性疾患である。外傷による筋や靭帯組織の損傷にともなう出血が脂質化することにより異所性骨化が生じると考えられている。4:筋挫傷後の無理な可動域訓練は骨化性筋炎の原因となりうる。
653,臨床医学各論,211,第30回,問題85,11 運動器疾患,D. 筋・腱疾患,診察所見で適切なのはどれか。,1. ドロップアームテスト陽性,2. ペインフルアークサイン陽性,3. 肩関節内旋筋力低下,4. 肩関節内転筋力低下,1,ハンドルが左右のどちらにあるかで状況が変わるため症例文前半を無視したとしても、自力で肩関節外転位を保持できないことから腱板断裂を疑う。肩関節を他動的に外転させ患肢を保持できるかどうかを調べる試験は1:ドロップアームテストであり、症例文より外転位が保持できないため陽性となる。
654,臨床医学各論,212,第30回,問題86,11 運動器疾患,D. 筋・腱疾患,診断確定のための検査で最も適切なのはどれか。,1. エックス線検査,2. CT検査,3. MRI検査,4. 筋電図検査,3,1:X線検査は軟部組織を描出することはできない。2:CT検査は骨の立体構造や形態変化、石灰化の描出に優れるが、軟部組織の描出は十分に行えない。3:MRI検査は軟部組織の描出に最も優れた画像検査である。4:筋電図検査は画像検査ではなく、断裂に用いる検査としては不向きである。
655,臨床医学各論,213,第25回,問題58,11 運動器疾患,E. 形態異常,生後3か月の発育性股関節形成不全の患児でみられるのはどれか。,1. アリス徴候,2. トレンデレンブルグ徴候,3. ドレーマン徴候,4. フローマン徴候,1,股関節形成不全は不適切な育児習慣によって股関節脱臼を発症するケースが多いことから、それらが**発育性股関節形成不全**と呼ばれるようになった。女児に多く、乳幼児には開排制限が見られるほか、脚長差が生じるため、**1:アリス徴候**が陽性となる。2:トレンデレンブルグ徴候は、立位が可能となる幼児期にみられる。3:**ドレーマン徴候**は背臥位で股関節屈曲していくと患肢が開排していく現象で、大腿骨頭すべり症で陽性となる。4:**フローマン徴候**は、尺骨神経麻痺時に母指内転筋の筋力低下が生じることによって陽性となる。
656,臨床医学各論,214,第25回,問題75,11 運動器疾患,E. 形態異常,罹患関節の種類はどれか。,1. 鞍関節,2. 螺旋関節,3. 臼状関節,4. 楕円関節,3,本症例は発育性股関節形成不全を示唆していることから、罹患関節は3:臼状関節である。1:鞍関節には母指CM関節、胸鎖関節などがあり、2:螺旋関節には腕尺関節、距腿関節、脛骨大腿関節、4:楕円関節には橈骨手根関節がある。
657,臨床医学各論,215,第25回,問題76,11 運動器疾患,E. 形態異常,本症例で筋力低下をきたした筋の主な運動はどれか。,1. 罹患関節の伸展,2. 罹患関節を屈曲しながらの外転,3. 罹患関節の内転,4. 罹患関節の外転,4,発育性股関節形成不全では、股関節の4:外転筋力が低下することから、トレンデレンブルグ徴候が陽性となる。
658,臨床医学各論,216,第29回,問題49,11 運動器疾患,E. 形態異常,生後3か月の女児が乳児健康診査で股関節開排制限を指摘された。診察で誤っているのはどれか。,1. 大腿部の皮膚のしわを観察する。,2. 開排位での大転子と坐骨結節間の距離を診る。,3. ラックマン徴候を診る。,4. 超音波断層像を診る。,3,発育性股関節形成不全を疑う。発育性股関節形成不全の所見として開排制限、1:大腿皮膚溝の非対称、クリック徴候、脚長差（アリス徴候）、2:脱臼に伴う大転子の位置異常がみられる。4:画像検査では軟骨を描出できる超音波検査が有用である。3:ラックマン徴候は前十字靭帯機能不全でみられる。
659,臨床医学各論,217,第29回,問題50,11 運動器疾患,E. 形態異常,特発性側弯症について正しいのはどれか。,1. 男性に多い。,2. 前屈姿勢で左右の鎖骨の張り出しの差を診る。,3. コブ角は脊椎側面エックス線写真で測定する。,4. 早期発見には学校健康診断が重要である。,4,特発性側弯症は、1:女性に多く、4:学校保健法で前屈テストが定められており、早期発見として重要である。2:前屈姿勢（前屈テスト）で左右の肋骨隆起・腰部隆起の差を診る。3:コブ角は正面像で測定する。
660,臨床医学各論,218,第31回,問題66,11 運動器疾患,E. 形態異常,中殿筋機能が低下して起こるのはどれか。,1. アリス徴候,2. クリック徴候,3. ドレーマン徴候,4. トレンデレンブルグ徴候,4,1:アリス徴候と2:クリック徴候は発育性股関節形成不全でみられる。3:ドレーマン徴候は大腿骨頭すべり症でみられる。4:トレンデレンブルグ徴候は中殿筋機能が低下しているときにみられる。
661,臨床医学各論,219,第33回,問題62,11 運動器疾患,E. 形態異常,小児で体前屈時に肋骨隆起を認めた場合、疑う疾患はどれか。,1. 側弯症,2. 漏斗胸,3. 鳩胸,4. 肋骨骨折,1,1:側弯症では肩の高さの左右差、肩甲骨の突出、ウェストラインの非対称のほか、前屈テストで肋骨隆起を認める。3:鳩胸はマルファン症候群でみられる。
662,臨床医学各論,220,第33回,問題63,11 運動器疾患,E. 形態異常,発育性股関節形成不全について誤っているのはどれか。,1. 男児に多い。,2. 分娩時の胎位異常で発生率が高い。,3. 家族内発生がみられる。,4. 治療は装具療法が主体となる。,1,発育性股関節形成不全は第1子、冬季出産で1:女児に多い。2:骨盤位分娩で発生率が高く、3:家族歴陽性例が多い。4:リーメンビューゲル装具による装具療法が主体となる。
663,臨床医学各論,221,第28回,問題59,11 運動器疾患,F. 脊椎疾患,頸椎椎間板ヘルニアについて正しいのはどれか。,1. 神経根症では上肢に腱反射の亢進を認める。,2. 神経根症では腹壁反射の消失を認める。,3. 脊髄症では下肢に腱反射の減弱を認める。,4. 脊髄症では下肢に病的反射を認める。,4,頸椎椎間板ヘルニアは、圧迫形態により神経根症と脊髄症に分かれる。神経根症では、障害高位を中枢とする腱反射は減弱または消失する。胸椎ヘルニアによる神経根症では、腹壁反射の減弱または消失を認める。脊髄症では障害高位以下を中枢とする上肢および下肢の腱反射の亢進を認め、上肢および4:下肢の病的反射を認める。
664,臨床医学各論,222,第25回,問題57,11 運動器疾患,F. 脊椎疾患,脊柱管狭窄を生じるのはどれか。,1. 黄色靭帯肥厚,2. 前縦靭帯骨化,3. 横突起拡大,4. 棘上靭帯骨化,1,脊柱管狭窄の原因としては、脊椎の退行変性に伴う骨増殖性変化や配列異常（すべり）、あるいは椎間板、椎間関節の変性のほか、脊柱管内に存在する後縦靭帯や1:黄色靭帯の肥厚、骨化などが挙げられる。後縦靭帯骨化症は頸椎に多く、黄色靭帯骨化症は胸椎に好発する。
665,臨床医学各論,223,第27回,問題59,11 運動器疾患,F. 脊椎疾患,脊椎疾患と所見の組合せで正しいのはどれか。,1. 頸椎椎間板ヘルニア ── 間欠跛行,2. 頸椎後縦靭帯骨化症 ── 膝蓋腱反射の減弱,3. 腰椎椎間板ヘルニア ── アキレス腱反射の亢進,4. 腰部脊柱管狭窄症 ── 会陰部のしびれ,4,馬尾性間欠跛行は、4:腰部脊柱管狭窄症の特徴的な所見である。2:頸椎後縦靭帯骨化症で、脊柱管が狭窄した場合には膝蓋腱反射は亢進する可能性が高い。3:腰椎椎間板ヘルニア（L4/L5）において、一般的な後外側への脱出ではS1神経根が刺激され、アキレス腱反射は低下する。4:腰部脊柱管狭窄症では、会陰部のしびれが出現する場合がある。
666,臨床医学各論,224,第26回,問題58,11 運動器疾患,F. 脊椎疾患,頸椎症性神経根症でみられるのはどれか。,1. 握力低下,2. 腱反射亢進,3. 尿閉,4. 病的反射,1,頸椎症は脊柱管の狭窄によって生じる脊髄症と、椎間孔の狭小化によって生じる神経根症があり、神経根症では、1:握力低下のほか、障害神経根に応じて、上肢の筋力低下、知覚異常、腱反射低下がみられる。2:腱反射亢進、3:尿閉、4:病的反射がみられる場合は脊髄症が疑われる。
667,臨床医学各論,225,第26回,問題79,11 運動器疾患,F. 脊椎疾患,本症例の徒手検査所見で陽性を示すのはどれか。,1. SLRテスト,2. ケンプ徴候,3. 大腿神経伸展テスト,4. K・ボンネットテスト,2,本症例は腰下肢症状を認めており、足関節・上腕血圧比は正常であることから、間欠跛行は神経性であると考えられ、腰部脊柱管狭窄症が疑われる。腰椎（体幹）の後屈によって脊柱管の狭小化を強めることから、症状を誘発する可能性がある。したがって選択肢のうち、陽性を示すのは2:ケンプ徴候と考えられる。
668,臨床医学各論,226,第26回,問題80,11 運動器疾患,F. 脊椎疾患,歩行中に右下肢痛が起こったときの対応として、体幹の姿位で最も適切なのはどれか。,1. 前屈,2. 後屈,3. 右側屈,4. 左側屈,1,腰椎（体幹）の1:前屈によって脊柱管前後径の拡大が期待でき、症状の軽減が得られると考えられる。
669,臨床医学各論,227,第29回,問題87,11 運動器疾患,F. 脊椎疾患,予想される診察所見はどれか。,1. 体前屈で腰痛が増強する。,2. 体幹回旋で腰痛が増強する。,3. SLRテストは陽性となる。,4. FNSテストは陽性となる。,2,10代のスポーツ活動の多い男性で後屈により症状が増悪し、神経根症状がみられないため、脊椎分離症を疑う。腰部をそらすと腰に痛みが出るため、1:体前屈で腰痛が増強するとは考えにくい。神経根症状がみられないため、3:SLRテストと4:FNSテストは陰性となる。2:回旋動作は分離部への負荷となるため腰痛が増加する。
670,臨床医学各論,228,第29回,問題88,11 運動器疾患,F. 脊椎疾患,本症例に特徴的な単純エックス線所見はどれか。,1. 椎間板腔の狭小化,2. 腰椎前弯の消失,3. テリアの首輪,4. 椎体の変形,3,本症例は脊椎分離症であり、X線検査の45°斜位像でテリアの首輪徴候（テリアネックサイン）がみられる。
671,臨床医学各論,229,第31回,問題85,11 運動器疾患,F. 脊椎疾患,最も陽性になりやすいのはどれか。,1. ペインフルアークサイン,2. スパーリングテスト,3. トムゼンテスト,4. ファレンテスト,2,症例は頸椎症性神経根症（C5、C6神経根障害）である。2:スパーリングテストやジャクソンテストが陽性となる。1:ペインフルアークサインは腱板損傷で陽性となる。3:トムゼンテストは上腕骨外側上顆炎で陽性となる。4:ファレンテストは手根管症候群で陽性となる。
672,臨床医学各論,230,第31回,問題86,11 運動器疾患,F. 脊椎疾患,装具療法を行う場合に最も適切なのはどれか。,1. 頸椎装具,2. 肩関節外転装具,3. テニス肘バンド,4. 手関節背屈装具,1,1:頸椎装具は頸椎症や頸椎椎間板ヘルニアなどで用いる。2:肩関節外転装具は腱板損傷などで用いる。3:テニス肘バンドは上腕骨外側上顆炎で用いる。4:手関節背屈装具は主に撓骨神経麻痺で用いる。
673,臨床医学各論,231,第32回,問題63,11 運動器疾患,F. 脊椎疾患,L5神経根障害の所見として誤っているのはどれか。,1. 足背の知覚障害,2. アキレス腱反射消失,3. 足関節背屈筋力低下,4. SLRテスト陽性,2,2:アキレス腱反射が消失するのはS1神経根障害である。1:第5趾を除く足背の知覚障害、3:足関節背屈筋力低下はL5神経根障害の特徴的所見である。4:SLRテストは下股伸展挙上で坐骨神経が伸張されるテストであるため、L4〜S3神経根障害で陽性となる。
674,臨床医学各論,232,第32回,問題87,11 運動器疾患,F. 脊椎疾患,感覚鈍麻が疑われる部位はどれか。,1. 足底,2. 足背中央,3. 下腿内側,4. 大腿前面,1,症例より、右足の片脚立ちで踵の引き上がりが出来なかったことから、下腿三頭筋の筋力低下をきたしており、S1神経根障害を疑う。S1神経根の障害により生じる感覚鈍麻は1:足底である。2:足背中央はL5神経根障害、3:下腿内側はL4神経根障害、4:大腿前面はL2・3神経根障害である。
675,臨床医学各論,233,第32回,問題88,11 運動器疾患,F. 脊椎疾患,早期に手術治療を要する病態はどれか。,1. 尿閉,2. 下腰面のしびれ,3. 夜間のこむら返り,4. アキレス腱反射消失,1,早期に手術療法を要する病態は、下脱麻痺や重篤な膀胱直腸障害（1:尿閉）を呈した場合である。
676,臨床医学各論,234,第27回,問題58,11 運動器疾患,G. 脊髄損傷,脊髄損傷の機能障害評価法で正しいのはどれか。,1. ブルンストロームステージ,2. バーセルインデックス,3. フランケル分類,4. ハミルトン評価尺度,3,1:ブルンストロームステージは、片麻痺の回復過程をステージ化した評価法である。2:バーセルインデックスは、日常生活動作における障害者や高齢者の機能的評価である。3:フランケル分類は、脊髄損傷患者の神経学的重症度の診断評価として一般的に使用されている。4:ハミルトン評価尺度とは、医療者が面接によりうつ病患者の症状の程度を評価するために用いられる。
677,臨床医学各論,235,第29回,問題85,11 運動器疾患,G. 脊髄損傷,本患者の脊髄残存高位はどれか。,1. C5,2. C6,3. C7,4. C8,1,脊髄損傷の損傷レベルと代表的な残存筋は、1:C5で上腕二頭筋、三角筋、2:C6で長・短橈側手根伸筋、3:C7で上腕三頭筋、4:C8で中指・深指屈筋である。本症例では肘関節の屈曲が可能（上腕二頭筋残存）で手関節の伸展と屈曲および肘関節の伸展が不能であるため、脊髄残存高位はC5となる。
678,臨床医学各論,236,第29回,問題86,11 運動器疾患,G. 脊髄損傷,退院時には屋内歩行が可能となったが、箸がうまく使えなかった。退院の準備として正しいのはどれか。,1. 長下肢装具の作製,2. 意思伝達装置の導入,3. 歩行ロボットの導入,4. 食事に対する自助具の作製,4,屋内歩行が可能であるため、1:長下肢装具と3:歩行ロボットの導入は準備として必要とはならない。2:C5脊髄損傷では発声に関わる障害はないため、意思伝達装置は必要とはならない。4:箸がうまく使えないため、食事に対する自助具の作成が必要となる。
679,臨床医学各論,237,第26回,問題59,11 運動器疾患,H. 外傷,骨密度が保たれていても骨折を起こしやすいのはどれか。,1. 糖尿病,2. 高血圧症,3. 脂質異常症,4. 高尿酸血症,1,近年、骨粗鬆症と代表的な生活習慣病である1:糖尿病、2:高血圧、3:脂質異常症は密接な関係にあることが示唆されている。ただし、糖尿病に関しては、Ⅰ型は骨量減少を認めるとされているが、Ⅱ型に関しては、骨密度の減少はないものの、骨折危険性は高いとされている。4:高尿酸血症と骨折リスクに関しては不確かながら、血清尿酸値が高いことにより、パーキンソン病と骨折のリスクが低下するとの報告もある。
680,臨床医学各論,238,第26回,問題60,11 運動器疾患,H. 外傷,スポーツ中に肉ばなれを起こしやすいのはどれか。,1. 大殿筋,2. 大腰筋,3. 前脛骨筋,4. 腓腹筋,4,肉ばなれとは、筋に急激かつ過剰な伸張力がかかることにより、筋・筋膜が損傷した状態をいう。短距離走やジャンプなどを伴うスポーツ活動中に生じることが多く、ハムストリングスや4:腓腹筋、大腿四頭筋などに好発する。
681,臨床医学各論,239,第26回,問題57,11 運動器疾患,H. 外傷,下腿の区画と筋の組合せで正しいのはどれか。,1. 前区画 ── 長指屈筋,2. 外側区画 ── 後脛骨筋,3. 深後区画 ── 長腓骨筋,4. 浅後区画 ── ヒラメ筋,4,下腿の区画（コンパートメント）は、前、外側、深後、浅後の4区画に分けられる。1:前区画には前脛骨筋、長母趾伸筋、長趾伸筋、2:外側区画には長腓骨筋、短腓骨筋、3:深後区画には後脛骨筋、長母趾屈筋、長趾屈筋、4:浅後区画には腓腹筋、ヒラメ筋、足底筋が存在する。
682,臨床医学各論,240,第29回,問題51,11 運動器疾患,H. 外傷,受傷直後の足関節捻挫に対するRICE処置について最も適切なのはどれか。,1. ギプス包帯を行う。,2. 湿布を患部に貼付する。,3. 損傷靭帯部を圧迫する。,4. 患肢は頭より高く上げる。,3,1:(R)安静は捻挫であるため、ギプス包帯による固定は必要としない（骨折時を除く）。2:(I)冷却はアイスパックなどを用いる。3:(C)患部の圧迫には弾性包帯などを用いる。4:(E)挙上は患部を心臓の位置よりも高くする。
683,臨床医学各論,241,第30回,問題52,11 運動器疾患,H. 外傷,外傷とその原因の組合せで正しいのはどれか。,1. 手舟状骨骨折 ── 手関節掌屈,2. 股関節脱臼 ── 車内のダッシュボードへの膝の衝突,3. 上腕骨顆上骨折 ── 上肢の急激な牽引,4. 第5中足骨基部裂離骨折 ── 足部外がえし,2,1:手舟状骨骨折の多くは手関節背屈位（伸展位）での外傷で生じる。2:股関節脱臼は交通事故（ダッシュボード損傷）や転落などの強い外力により生じる。3:上腕骨顆上骨折は肘関節の過伸展で手をついて転倒したときに生じやすい。4:第5中足骨基部裂離骨折は足部内がえしで生じやすい。
684,臨床医学各論,242,第31回,問題52,11 運動器疾患,H. 外傷,肘内障について正しいのはどれか。,1. 肘に腫脹はない。,2. 腕尺関節の脱臼である。,3. 徒手整復は困難である。,4. 反復性に移行しやすい。,1,肘内障は急激な牽引により2:橈骨頭が橈骨輪状靭帯の遠位に亜脱臼した状態である。前腕回内位・肘は軽度屈曲位で上肢を下垂して動かそうとしない。疼痛はあるが、1:腫脹はない。3:徒手整復は困難ではなく、徒手整復で治療が可能である。4:反復性となることもあるが、成長とともに発生しなくなる。
685,臨床医学各論,243,第32回,問題83,11 運動器疾患,H. 外傷,最も考えられる診断はどれか。,1. 上腕骨外科頸骨折,2. 上腕骨骨幹部骨折,3. 上腕骨顆上骨折,4. 上腕骨外顆骨折,3,1:上腕骨外科頸骨折（上腕骨近位部骨折）は高齢者の転倒によって生じやすい骨折である。2:上腕骨骨幹部骨折は直達外力が原因として多いが、自家筋力の作用が原因となることもある。3:上腕骨顆上骨折は小児に多い骨折で、肘関節の過伸展が強制されて生じることが多い。4:上腕骨外顆骨折は小児に多い骨折で、肘関節に強い内反もしくは外反が加わった際に生じることが多い。
686,臨床医学各論,244,第32回,問題84,11 運動器疾患,H. 外傷,最も考えられる障害神経はどれか。,1. 腋窩神経,2. 正中神経,3. 筋皮神経,4. 尺骨神経,2,示指と中指のしびれがみられることから、2:正中神経の障害が考えられる。1:腋窩神経は上腕骨外科頸骨折で生じやすい。3:筋皮神経が障害されると前腕の掌側外半と外側等の知覚障害をきたす。4:尺骨神経が障害されると第5指と第4指尺側に知覚障害をきたす。
687,臨床医学各論,245,第33回,問題83,11 運動器疾患,H. 外傷,診断に有用性が最も低いのはどれか。,1. CT検査,2. MRI検査,3. 筋電図検査,4. 超音波検査,4,右上肢の自動運動不能だが、独歩可能で下肢症状および脳神経に異常がないことから、腕神経叢損傷を疑う。末梢神経障害、特に腕神経叢損傷では1:CT検査や2:MRI検査などの画像診断は有用である。電気生理学的診断では神経刺激検査や3:針筋電図検査が有用である。4:神経損傷に対して超音波検査の有用性は低い。
688,臨床医学各論,246,第33回,問題84,11 運動器疾患,H. 外傷,身体所見では肘の屈曲・手関節の背屈が不能で、手指の屈曲もできない。上肢の骨折や関節の脱臼はない。損傷部位はどれか。,1. 側頭部,2. 腋窩部,3. 上腕部,4. 肘部,1,腕神経叢損傷を疑うため、1:側頸部での損傷と考える。
689,臨床医学各論,247,第34回,問題63,11 運動器疾患,H. 外傷,スポーツ外傷・障害と罹患部位の組合せで正しいのはどれか。,1. オスグッド病 ── 大腿骨外側顆,2. ジャンパー膝 ── 脛骨遠位端,3. マレット指 ── 中節骨近位端,4. 野球肘（外側型） ── 上腕骨小頭,4,1:オスグッド病は脛骨粗面の剥離である。2:ジャンパー膝は膝蓋腱炎である。3:マレット指は末節骨基部の損傷である。4:野球肘外側型は上腕骨小頭の離断性骨軟骨炎である。
690,臨床医学各論,248,第34回,問題83,11 運動器疾患,H. 外傷,疾患として最も考えられるのはどれか。,1. 類骨骨腫,2. 疲労骨折,3. 化膿性骨髄炎,4. シンスプリント,2,1:類骨骨腫は良性骨腫瘍で運動との関連は乏しく、夜間痛が特徴である。2:反復負荷により骨皮質肥厚を伴う疲労骨折が考えられる。3:骨髄内に細菌が定着・増殖して発症し、悪寒、戦慄、発熱、嘔吐などの敗血症症状や局所の腫脹、疼痛、圧痛、発赤がみられる。4:シンスプリントは骨膜炎であり、画像検査では一般的に明らかな異常所見を認めない。
691,臨床医学各論,249,第34回,問題84,11 運動器疾患,H. 外傷,最も適切な対応はどれか。,1. 抗菌薬の投与,2. 骨腫瘍部の切除,3. 下腿筋群のストレッチング,4. スパイク動作の中止,4,1:感染所見がないため不要である。2:腫瘍ではない。3:ストレッチは補助的である。4:原因となるスパイク動作を中止し安静を保つことが重要である。
692,臨床医学各論,250,第25回,問題55,11 運動器疾患,I. その他,脛骨跳躍型疲労骨折の好発部位で正しいのはどれか。,1. 脛骨骨端部,2. 脛骨上1/3,3. 脛骨中1/3,4. 脛骨下1/3,3,脛骨疲労骨折は、発生原因により疾走型と跳躍型に分類される。疾走型はランニングによって起こり、サッカーや陸上競技などで多く発生し、脛骨上1/3部で好発する。跳躍型はジャンプ動作の繰り返しによって起こるため、バスケットボールやバレーボールなどで多く、3:脛骨中1/3部（前縁部）に好発する。
693,臨床医学各論,251,第27回,問題68,12 皮膚・頭頸部・乳房疾患,A. 皮膚疾患,直径10mm以下の限局性隆起性の発疹はどれか。,1. 丘疹,2. 紅斑,3. 痂皮,4. 鱗屑,1,直径10mm以下の限局性隆起性発疹を1:丘疹といい、直径10〜20mmのものは結節という。2:紅斑は、真皮乳頭および乳頭下層での血管拡張・充血により生じる。3:痂皮とは血漿、炎症細胞、壊死塊などが、表皮で乾固したものをいう。4:鱗屑とは、角質が肥厚蓄積し脱落あるいは脱落しようとしている状態をいう。
694,臨床医学各論,252,第31回,問題49,12 皮膚・頭頸部・乳房疾患,A. 皮膚疾患,アトピー性皮膚炎について正しいのはどれか。,1. 主にⅡ型アレルギーが関与する。,2. 四肢の伸側に好発する。,3. 皮膚のバリア機能が亢進している。,4. スキンケアが重要である。,4,1:主にⅠ型アレルギーが関与する。2:四肢の屈側（肘窩や膝窩）に好発する。3:皮膚のバリア機能が低下している。皮膚のバリア機能の低下は皮膚の易刺激性や瘙痒につながるため、保湿剤による乾燥皮膚への4:スキンケアが重要である。
695,臨床医学各論,253,第27回,問題67,12 皮膚・頭頸部・乳房疾患,B. 眼疾患,アデノウイルス感染症はどれか。,1. 伝染性単核球症,2. 流行性角結膜炎,3. 手足口病,4. 突発性発疹,2,1:伝染性単核球症は、エプスタインーバーウイルスにより引き起こされる。2:流行性角結膜炎は、アデノウイルスが原因で発症する。3:手足口病の代表的な原因ウイルスは、コクサッキーウイルスやエンテロウイルスである。4:突発性発疹の原因ウイルスとして最も多いのは、ヒトヘルペスウイルスである。
696,臨床医学各論,254,第29回,問題62,12 皮膚・頭頸部・乳房疾患,B. 眼疾患,中心部の視野欠損や物がゆがんで見える症状が早期から出現する疾患はどれか。,1. 白内障,2. 緑内障,3. ぶどう膜炎,4. 加齢黄斑変性症,4,1:白内障の症状は霧視、羞明、複視、視力低下などである。2:緑内障では中心視野は最後まで残ることが多い。3:ぶどう膜炎の症状は霧視、羞明、眼痛、毛様充血、流涙、視力低下、飛蚊症などである。4:加齢黄斑変性症は変視（物が歪んで見える）、中心視野障害に始まり、失覚に至る疾患である。
697,臨床医学各論,255,第30回,問題62,12 皮膚・頭頸部・乳房疾患,B. 眼疾患,我が国における後天性失明の原因で最も多いのはどれか。,1. 加齢黄斑変性症,2. 白内障,3. 網膜剥離,4. 緑内障,4,我が国における後天性失明の原因で最も多いのは4:緑内障である。
698,臨床医学各論,256,第30回,問題89,12 皮膚・頭頸部・乳房疾患,B. 眼疾患,該当する症状はどれか。,1. 霧視,2. 複視,3. 飛蚊症,4. 光視症,3,症例が示すのは3:飛蚊症（何らかの原因で硝子体に混濁が生じたもの）である。1:霧視は霧の中で物を見ているように感じること。2:複視は固視している1つの物体が2つに見える病態。4:光視症は視野内に光るもの（閃輝）が見える状態のこと。
699,臨床医学各論,257,第30回,問題90,12 皮膚・頭頸部・乳房疾患,B. 眼疾患,次第に症状は悪化し、右眼で下から上へ視野欠損も生じてきた。考えられる疾患はどれか。,1. 緑内障,2. 白内障,3. 網膜剥離,4. 網膜色素変性症,3,3:網膜剥離では剥離部位により異なるが、多くは視野欠損が下方から始まり、放置すると失明に至る。1:緑内障の視野欠損は中心から始まり鼻側から全体へと広がる。2:白内障では視野欠損はみられない。4:網膜色素変性症の視野欠損は環状に始まり全体に広がる。
700,臨床医学各論,258,第32回,問題69,12 皮膚・頭頸部・乳房疾患,B. 眼疾患,緑内障について最も適切なのはどれか。,1. 水晶体が混濁する。,2. 細菌感染症である。,3. 失明の原因となる。,4. 中心視野から障害される。,3,緑内障は2:眼圧の上昇により1:視神経乳頭が陥凹し、視神経が障害される疾患で、糖尿病性網膜症と並び、主な3:失明原因の一つである。視野障害は4:傍中心暗点（中心視野の近く）から始まり、次第に拡大するが、中心視野は末期まで保たれることが多い。
701,臨床医学各論,259,第33回,問題50,12 皮膚・頭頸部・乳房疾患,B. 眼疾患,緑内障について正しいのはどれか。,1. 初期の変化は硝子体に起こる。,2. 初期から中心視野が障害される。,3. 視神経は障害されない。,4. 中高年の失明の原因として最も多い。,4,1:初期の変化は視神経乳頭部で起こる。2:視野障害は中心近傍から始まり、末期でも中心視野は保たれやすい。3:視神経乳頭部で視神経が障害される。4:日本における失明原因として最も多い。
702,臨床医学各論,260,第29回,問題63,12 皮膚・頭頸部・乳房疾患,C. 耳鼻咽喉疾患,伝音性難聴をきたすのはどれか。,1. 急性中耳炎,2. 聴神経腫瘍,3. 突発性難聴,4. メニエール病,1,外耳および中耳の疾患で伝音性難聴、内耳から中枢の疾患で感音性難聴となる。1:中耳炎は中耳に生じる疾患のため、伝音性難聴をきたす。2:聴神経腫瘍、3:突発性難聴、4:メニエール病では感音性難聴をきたす。
703,臨床医学各論,261,第25回,問題60,12 皮膚・頭頸部・乳房疾患,D. 乳腺・乳房疾患,乳がんについて正しいのはどれか。,1. 腫瘤は痛みを伴う。,2. 多くの場合はホルモン依存性ではない。,3. 自己検診は推奨されていない。,4. 乳房の外上部の発生が多い。,4,乳がんの初期症状として、1:痛みを伴わない腫瘤がみられる。約7割は2:ホルモン依存性であり、エストロゲンの刺激によって増殖する。早期発見につながることから、3:自己検診が推奨されている。乳腺が豊富に存在する4:乳房の外上部に最も多く発生する。
704,臨床医学各論,262,第32回,問題70,12 皮膚・頭頸部・乳房疾患,D. 乳腺・乳房疾患,乳がんについて正しいのはどれか。,1. 腫瘤は痛みを伴う。,2. 乳房の外下部の発生が多い。,3. 多くはホルモン依存性である。,4. 乳房全摘術が第一選択である。,3,乳がんの多くは3:ホルモン依存性（エストロゲン）であり、2:乳房の外上部の発生が多い。1:疼痛を伴うことはあるが、必発症状ではない。4:乳房温存術と放射線療法を組合せた乳房温存療法が第一選択である。
705,臨床医学各論,263,第34回,問題55,12 皮膚・頭頸部・乳房疾患,D. 乳腺・乳房疾患,乳がんについて正しいのはどれか。,1. 男性には発症しない。,2. 主な症状は乳房のしこりである。,3. 頸部リンパ節に転移しやすい。,4. エストロゲン補充療法を行う。,2,1:男性にも発症するが頻度は低い。2:主症状は乳房のしこりである。3:腋窩リンパ節に転移しやすい。4:治療では手術療法や放射線療法のほか、薬物療法の一つとして抗エストロゲン療法が行われる。多くの乳癌は女性ホルモン依存性であるため、エストロゲン補充療法は禁忌である。
706,臨床医学各論,264,第34回,問題89,12 皮膚・頭頸部・乳房疾患,D. 乳腺・乳房疾患,最初に行うべき検査で最も適切なのはどれか。,1. マンモグラフィ,2. 超音波検査,3. 性ホルモン量測定,4. 腫瘍マーカー測定,2,1:マンモグラフィは非触知乳がんの発見や乳房腫瘍の良悪性の鑑別、乳がんの拡がり診断に有効である。2:しこりの評価には存在を確かめる簡易な方法としての超音波検査が第一選択である。3:ホルモン測定は不要である。4:腫瘍マーカーは補助的である。
707,臨床医学各論,265,第34回,問題90,12 皮膚・頭頸部・乳房疾患,D. 乳腺・乳房疾患,診断確定のために行う検査はどれか。,1. 病理組織検査,2. CT検査,3. PET検査,4. MRI検査,1,1:確定診断には病理組織検査（生検）が必要である。2:CTや4:MRIは腫瘍の大きさや正確な位置、転移の有無を調べるのに有効である。3:PET検査は遠隔転移の有無などを調べるものである。
708,臨床医学各論,266,第26回,問題70,13 精神・心身医学的疾患,A. 統合失調・気分障害,させられ体験がみられるのはどれか。,1. 統合失調症,2. 単極性障害,3. 双極性障害,4. 広汎性発達障害,1,「させられ体験」とは、自我意識の障害で、自分と外の世界との境界が不明瞭となり、周囲の影響を受けやすくなって、自分の行動や考えを誰かに支配されているように感じる、1:統合失調症を特徴づける代表的な症状である。
709,臨床医学各論,267,第32回,問題68,13 精神・心身医学的疾患,B. 不安障害,パニック障害の症状はどれか。,1. 予期不安,2. 妄想,3. 幻聴,4. させられ体験,1,パニック障害は明らかな誘因なく、息切れ、動悸、めまい感、発汗、胸痛などが突然起こり、病気や死への恐怖など強い不安が生じる。症状の再発を恐れる1:予期不安を伴うことが多い。2:妄想、3:幻聴、4:させられ体験がみられるのは統合失調症である。
710,臨床医学各論,268,第33回,問題51,13 精神・心身医学的疾患,B. 不安障害,パニック発作について正しいのはどれか。,1. 特別の社会状況で発作が起きる。,2. 発作は数時間続く。,3. 発作時の呼吸困難には酸素投与を行う。,4. 治療には認知行動療法が有効である。,4,1:予期しないパニック発作もあるため、特定の状況で発作が必ず起こるわけではない。2:発作の多くは10〜20分で終息し、数時間となることは稀である。3:パニック発作の呼吸困難で低酸素血症は生じないため、酸素投与は必要ない。4:治療には選択的セロトニン再取り込み阻害薬（SSRI）や抗不安薬や認知行動療法が有用である。
711,臨床医学各論,269,第34回,問題50,13 精神・心身医学的疾患,B. 不安障害,パニック障害について正しいのはどれか。,1. 発作は場所や時間に関係なく突然起こる。,2. 発作時の呼吸困難には酸素投与を行う。,3. 発作の胸痛は数時間続く。,4. 薬物療法は無効である。,1,1:問題3の解説を参照。
712,臨床医学各論,270,第31回,問題51,13 精神・心身医学的疾患,C. 摂食障害,神経性やせ症（神経性食欲不振症）について正しいのはどれか。,1. 中年に多い。,2. 栄養吸収障害が原因である。,3. 電解質異常は起こしにくい。,4. 心理療法が有効である。,4,神経性やせ症（神経性食欲不振症）は1:若年女性に多い。2:身体像の障害ややせ願望、肥満恐怖などの心理社会要因が原因となる。嘔吐や下痢を伴う例では3:電解質異常を起こしやすい。4:心理療法が有効である。
713,臨床医学各論,271,第29回,問題64,13 精神・心身医学的疾患,E. その他,病気でもないのに病気と考えたり、些細な身体の不調を重大な疾患と考え、執拗に訴えるのはどれか。,1. 強迫神経症,2. 心気症,3. 不安神経症,4. 抑うつ神経症,2,1:強迫神経症は自己の意志に反して繰り返し起こる強迫観念と、それを打ち消すために行われる強迫行為を特徴とする。3:不安神経症は心因によって不安発作や浮動性不安が引き起こされた状態で、自律神経症状や不眠、注意力集中困難がみられる。4:抑うつ神経症はヒステリー症状、不安、恐怖、強迫などのいわゆる神経症症状を示し、抑うつ気分が中心となることが多い。
714,臨床医学各論,272,第28回,問題64,13 精神・心身医学的疾患,E. その他,次の文で示す症例の病態で正しいのはどれか。「85歳の女性。左大腿骨頸部骨折の手術を受けた翌日の夜に、ちぐはぐな言動が出現した。」,1. せん妄,2. 認知症,3. うつ病,4. 不安神経症,1,1:せん妄とは認知機能、注意力、知覚、感情、精神運動、睡眠などの障害などに支障を来す精神障害で、高齢者の入院や術後に多く見られる。
715,臨床医学各論,273,第27回,問題66,13 精神・心身医学的疾患,E. その他,アスペルガー症候群に伴わないのはどれか。,1. 知的障害,2. 反復行動,3. 特定分野への強いこだわり,4. 社会的コミュニケーション障害,1,アスペルガー症候群は、自閉症に見られる特徴（4:社会的コミュニケーション障害、3:特定分野への強いこだわり）を共通の類似点として持っている。しかし、自閉症では1:知的障害や言語発達に遅れを伴うことがあるが、アスペルガー症候群ではそれらはない。
716,臨床医学各論,274,第30回,問題64,13 精神・心身医学的疾患,E. その他,発達障害で不注意、多動性、衝動性の3つの特徴がみられるのはどれか。,1. ADHD,2. PTSD,3. 発達性協調運動障害,4. 自閉スペクトラム症,1,1:ADHDは不注意と多動性、衝動性の一方あるいは両方が7歳以前から学校および家庭で同年齢の小児と比較して多くみられ、年齢相当の学業成績や対人関係を保てないものである。
717,臨床医学各論,275,第33回,問題52,14 小児疾患,A. 小児疾患,小児のアトピー性皮膚炎について正しいのはどれか。,1. 皮膚のバリア機能が亢進している。,2. 湿疹は四肢大関節の屈側に認めることが多い。,3. Ⅲ型アレルギーが関与している。,4. 抗ヒスタミン薬の内服が第一選択である。,2,1:角層の水分含有量が低下しており、皮膚のバリア機能は低下している。2:湿疹は四肢大関節の屈側（肘窩や膝窩）に認めることが多い。3:Ⅰ型アレルギーが関与している。4:副腎皮質ステロイド外用薬とタクロリムス外用薬が第一選択となる。
718,臨床医学各論,276,第34回,問題52,14 小児疾患,A. 小児疾患,小児の気管支喘息について正しいのはどれか。,1. 非アトピー型喘息が多い。,2. 発作時には呼気の延長がみられる。,3. 発作時には水分摂取を制限する。,4. 思春期までに寛解するのはまれである。,2,1:小児ではⅠ型アレルギー機序を介して生じるアトピー型が多い。2:発作時には気道狭窄により呼気の延長がみられる。3:呼吸停止や意識障害などの重篤な発作の場合を除き、脱水防止のため水分摂取は必要である。4:小児喘息は思春期までに寛解する例も多い。
