全体通し番号,教科,教科での番号,試験の回数,試験の番号,大項目,中項目,問題,選択肢1,選択肢2,選択肢3,選択肢4,答え,解説																									
974,東洋医学概論,144,第31回,問題100,8 治療法,E. 湯液（和漢薬）の特徴,湯液療法（和漢薬）について正しいのはどれか。,1. 鉱物を用いる。,2. 副作用がない。,3. 証をたてる必要はない。,4. 詳細は単味で用いる。,1,湯液療法に関する設問である。湯液療法（和漢薬）は1：**植物**、**動物**、**鉱物**などの自然素材から作られる様々な薬効を持った生薬を病態に応じて組み合わせた方剤（漢方薬）として服用、あるいは塗布することによって治療する方法である。したがって1が正しい。2：副作用があり、3：証に合わせて処方を決定する。4：薬物を組み合わせて処方する。																									
975,経絡経穴概論,1,第33回,問題107,1 経絡の意義,A. 正経十二経脈,経絡系統について正しいのはどれか。,1. 経絡は正経十二経脈と奇経八脈で構成される。,2. 経脈には十二経別が含まれる。,3. 十二経筋は中焦から始まる。,4. 十二皮部は臓腑と属絡関係にある。,2,"【解説】1：経絡は経脈（**正経十二経脈**、**十二経別**、**奇経八脈**）と絡脈（**十五絡脈**、**孫絡**）で構成される。2：経脈には十二経別が含まれる。3：十二経筋は**四肢末端に始まり頭部や体幹**に終わる。4：十二皮部は正経十二経脈が流注している体表面における**皮膚**の支配領域である（図1参照）。"																									
976,経絡経穴概論,2,第27回,問題103,1 経絡の意義,A. 正経十二経脈,正経十二経脈の説明で正しいのはどれか。,1. 陽経は臓に属して脇に絡する。,2. 手の三陽経は顔面部から手部に流れる。,3. 経脈は上焦に起こり足の厥陰経で一巡する。,4. 経脈は各々が独立しながらも連絡している。,4,"【解説】正経十二経の走行には、一定の法則がある。①手の三陰経（肺経、心経、心包経）は、胸部から手部。手の三陽経（大腸経、小腸経、三焦経）は、手部から顔面部、頭部。足の三陽経（胃経、膀胱経、胆経）は、顔面部、頭部から足部。足の三陰経（脾経、腎経、肝経）は、足部から胸部に流れている。②胸部から手部→手部から顔面、頭部→顔面部、頭部から足部→足部から胸部に循環している。③経脈は、中焦に起こる肺経から始まり、正経十二経を順に連絡し、足の厥陰肝経で一巡し、循環する環を形成して再び中焦に戻る。④陰経は臓に属して腑を絡し、陽経は腑に属して臓を絡う。ゆえに4：「経脈は各々が独立しながらも連絡している」が正しい。"																									
977,経絡経穴概論,3,第31回,問題107,1 経絡の意義,A. 正経十二経脈,胸中で接続する経脈の井穴の組合せで正しいのはどれか。,1. 商陽 ── 厲兌,2. 隠白 ── 少衝,3. 少沢 ── 至陰,4. 湧泉 ── 中衝,4,"【解説】それぞれの井穴の経脈と接続部は、1：商陽（手の陽明**大腸経**）と厲兌（足の陽明**胃経**）の接続部は**鼻翼外方**、2：隠白（足の太陰**脾経**）と少衝（手の少陰**心経**）の接続部は**心中**、3：少沢（手の太陽**小腸経**）と至陰（足の太陽**膀胱経**）の接続部は**内眼角**、4：湧泉（足の少陰**腎経**）と中衝（手の厥陰**心包経**）の接続部は**胸中**となる（図2参照）。"																									
978,経絡経穴概論,4,第29回,問題107,1 経絡の意義,A. 正経十二経脈,外眼角で接続する経脈の井穴の組合せで正しいのはどれか。,1. 少商 ── 商陽,2. 少沢 ── 至陰,3. 湧泉 ── 中衝,4. 関衝 ── 足竅陰,4,"【解説】井穴の経穴より経絡名を理解していることが前提。1：少商は手の太陰肺経、商陽は手の陽明大腸経で接続部は「**手示指端**」。2：少沢は手の太陽小腸経、至陰は足の太陽膀胱経で接続は「**内眼角**」。3：湧泉は足の少陰腎経、中衝は手の厥陰心包経で接続は「**胸中**」、4：関衝は手の少陽三焦経、足竅陰は、足の少陽胆経で「**外眼角**」で接続している（図2参照）。"																									
979,経絡経穴概論,5,第27回,問題104,1 経絡の意義,A. 正経十二経脈,経脈間の接続とその部位の組合せで正しいのはどれか。,1. 手の陽明経から足の陽明経 ── 内眼角,2. 足の太陰経から手の少陰経 ── 側胸部,3. 足の少陰経から手の厥陰経 ── 胸中,4. 手の太陽経から足の太陽経 ── 外眼角,3,"【解説】経脈間の接続とその部位との組み合わせで、正しいのは、3：「足の少陰経から手の厥陰経 ── **胸中**」である（図2参照）。その他の選択肢の接続とその部位については、手の陽明経から足の陽明経は、**鼻翼外方**。足の太陰経から手の少陰経は、**心中**。手の太陽経から足の太陽経は、**内眼角**。選択肢2、3は「**心中**」と「**胸中**」で間違えやすいので注意したい（図2参照）。"																									
980,経絡経穴概論,6,第25回,問題102,1 経絡の意義,A. 正経十二経脈,内眼角で接続する経脈の井穴の組合せで正しいのはどれか。,1. 隠白 ── 少衝,2. 商陽 ── 厲兌,3. 関衝 ── 足竅陰,4. 少沢 ── 至陰,4,"【解説】内眼角で接続する経脈の井穴の組合せで正しいのは、4：「**少沢 ── 至陰**」である。内眼角で接続する経脈は、小腸経と膀胱経である。小腸経の井穴は少沢、膀胱経の井穴は至陰である（図2参照）。"																									
981,経絡経穴概論,7,第30回,問題119,1 経絡の意義,A. 正経十二経脈,所属経脈が表裏関係にあるのはどれか。,1. 頭竅陰と足竅陰,2. 手五里と足五里,3. 腰陽関と膝陽関,4. 腹通谷と足通谷,4,"【解説】1：頭竅陰と足竅陰はともに**足の少陽胆経**。2：手五里は**手の陽明大腸経**、足五里は**足の厥陰肝経**で表裏関係にない。3：腰陽関は**督脈**、膝陽関は**足の少陽胆経**で表裏関係にない。4：腹通谷は**足の少陰腎経**で足通谷は**足の太陽膀胱経**となり表裏関係にある。"																									
982,経絡経穴概論,8,第34回,問題107,1 経絡の意義,A. 正経十二経脈,足から腹部に至り任脈、胆経、肝経と交わるに至る経脈はどれか。,1. 陰蹺脈,2. 陰維脈,3. 足太陰脾経,4. 足少陰腎経,3,"【解説】1：陰蹺脈は**照海**から起こり腎経の別脈といわれている。2：陰維脈は腎経の**築賓**から起こる。3：足太陰脾経は足から腹部に至り**任脈**、**胆経**と交わり舌に至る。4：足少陰腎経は**足の第5指の下**に起こり、脊柱を貫いて腸、膀胱、肝、肺に入り舌根をはさむ。"																									
983,経絡経穴概論,9,第26回,問題102,1 経絡の意義,A. 正経十二経脈,経脈の走行について正しいのはどれか。,1. 頸部では胃経と小腸経の間を大腸経が上行する。,2. 腹部では腎経と胃経の間を脾経が上行する。,3. 前胸界面では大腸経と三焦経の間を小腸経が上行する。,4. 下腿内側では肝経と脾経の間を腎経が上行する。,1,"【解説】経脈の走行に関する問題。1：「頸部では**胃経**と**小腸経**の間を**大腸経**が上行する」が正しい。その他の選択肢における正しい走行は次の通りである。2：腹部では腎経と**脾経**の間を**胃経**が下行する。3：前胸界面では大腸経と**小腸経**の間を**三焦経**が上行する。4：下腿内側では、脾経と**腎経**の間を**肝経**が上行する。"																									
984,経絡経穴概論,10,第30回,問題107,1 経絡の意義,A. 正経十二経脈,経脈の流注で生殖器をめぐるのはどれか。,1. 足の陽明経,2. 足の太陰経,3. 足の少陰経,4. 足の厥陰経,4,"【解説】それぞれに対応する臓腑は、1は足の陽明胃経、2は足の太陰脾経、3は足の少陰腎経、4は足の厥陰肝経となる。この中で生殖器をめぐるのは、**足の厥陰肝経**である。"																									
985,経絡経穴概論,11,第32回,問題107,1 経絡の意義,A. 正経十二経脈,経脈の流注で横隔膜を貫かないのはどれか。,1. 手の太陰肺経,2. 足の陽明胃経,3. 足の少陰腎経,4. 足の厥陰肝経,2,"【解説】1：手の太陰肺経は、中焦に起こり、下って**大腸**を絡い、還って**胃口**を貫き、**横隔膜**を貫く。2：足の陽明胃経は、**咽喉**を挟み、**横隔膜**を貫いて**胃**に属する。3：足の少陰腎経は**腎**より肝、**横隔膜**を貫いて**肺**に入る。4：手の少陽三焦経は、胸中より**心包**を絡い、**横隔膜**を貫いて**三焦**に属する。"																									
986,経絡経穴概論,12,第28回,問題102,1 経絡の意義,A. 正経十二経脈,経脈の流注で横隔膜を貫かないのはどれか。,1. 手の太陰経,2. 手の陽明経,3. 足の少陰経,4. 足の太陰経,4,"【解説】手足の陰陽経の名称から臓腑を理解していることが前提。1：手の太陰経は肺経、流注は大腸から横隔膜を貫いて胸に向かう。3：足の少陰経は腎経で、脾から横隔膜を貫いて肺へつながる。4：手の少陽三焦経は、胸中より心包を絡い、横隔膜を貫いて三焦に属する。"																									
987,経絡経穴概論,13,第34回,問題108,1 経絡の意義,B. 奇経八脈,奇経八脈について最も適切なのはどれか。,1. 循行には共通する規則性がある。,2. 督脈と任脈は属絡関係にある。,3. 陽維脈と陰維脈は表裏関係にある。,4. 正経十二経脈と交差し合っている。,4,"【解説】奇経八脈は、正経十二経脈の気血が満ち溢れると流れると話し、臓腑を絡うことなく、奇経同士が表裏関係になることはない。正経十二経脈の2つ以上の経脈にまたがって経穴を連ねて存在する。**督脈**と**任脈**が固有の経穴を持っている。"																									
988,経絡経穴概論,14,第32回,問題108,1 経絡の意義,B. 奇経八脈,小腸経の脈気を受けて内眼角に起こる経脈の別絡はどれか。,1. 衝脈,2. 督脈,3. 陽絡脈,4. 陽維脈,3,"【解説】小腸経の脈気を受けて内眼角に起こる経脈は**膀胱経**である。奇経八脈のうち**陽蹺脈**が膀胱脈の別脈と呼ばれている。陰蹺脈は**腎経**の別脈である。"																									
989,経絡経穴概論,15,第31回,問題109,1 経絡の意義,B. 奇経八脈,奇経で子宮から起こるのはどれか。,1. 陽蹺脈,2. 陽維脈,3. 任脈,4. 帯脈,3,"【解説】1：陽蹺脈は**踵**から起こる。2：陰維脈は**築賓**から起こる。3：任脈および**衝脈**は**子宮**から起こる。4：帯脈は**季脇**の章門のあたりから起こる。"																									
990,経絡経穴概論,16,第29回,問題108,1 経絡の意義,B. 奇経八脈,すべての陽経脈と連絡している奇経の脈穴はどれか。,1. 附陽,2. 交信,3. 陽隔,4. 築賓,3,"【解説】1：附陽は**陽蹺脈**の郄穴。2：交信は**陰蹺脈**の郄穴。3：陽維脈は**陽維脈の部穴**ですべての陽経脈と連絡している。4：築賓は**陰維脈**の郄穴である。"																									
991,経絡経穴概論,17,第27回,問題105,1 経絡の意義,B. 奇経八脈,陰維脈の郄穴の部位はどれか。,1. 下腿前内側、脛骨内側面の中央、内踝尖の上方5寸,2. 下腿後内側、アキレス腱の前縁、内踝尖の上方5寸,3. 下腿後内側、ヒラメ筋とアキレス腱の間、内踝尖の上方2寸,4. 下腿内側、脛骨内縁の後方、膝窩横紋の下方5寸,3,"【解説】陰維脈の郄穴は**築賓**である。選択肢のうち、築賓的なのは、3：「下腿後内側、ヒラメ筋とアキレス腱の間、内踝尖の上方5寸」である。その他の選択肢は、1：蠡溝、2：復溜、4：交信、陰維脈の部位である。"																									
992,経絡経穴概論,18,第26回,問題103,1 経絡の意義,B. 奇経八脈,奇経と関係する経穴の組合せで正しいのはどれか。,1. 陽蹺脈 ── 金門,2. 陰蹺脈 ── 築賓,3. 陽維脈 ── 居髎,4. 陰維脈 ── 府舎,4,"【解説】奇経と経穴の組合せの問題。奇経と関係する経穴の組合せで正しいのは、4：「陰維脈 ── **府舎**」である。陰維脈は**築賓**から起こり、大腿内側をとって下腹部に入り、脾経の**府舎**、**腹哀**を経て期門に交わり、胸部を経て天突、廉泉に終わる。その他の選択肢におけるおける奇経と経穴の組み合わせは、1：陽蹺脈 ── **僕参**、**申脈**、**居髎**、**臑兪**、**肩髃**、**巨骨**、**地倉**、**巨髎**、**承泣**、**晴明**、**風池**。2：陰蹺脈 ── **照海**、**交信**、**晴明**。3：陽維脈 ── **金門**、**陽交**、**臑兪**、**肩井**、**天髎**、**本神**、**陽白**、**臨泣**、**目窓**、**正営**、**承霊**、**脳空**、**風池**、**啞門**、**大椎**である。"																									
993,経絡経穴概論,19,第25回,問題105,1 経絡の意義,B. 奇経八脈,陽蹺脈の八脈交会穴の部位で正しいのはどれか。,1. 第4・第5中足骨底結合部の遠位、第5長指伸筋腱外側の凹陷部,2. 内踝尖の下方1寸、内踝下隆起の凹陷部,3. 舟状骨粗面の下方、長掌筋腱外側の凹陷部,4. 外踝尖の直下、外踝下縁と踵骨の間の凹陷部,4,"【解説】陽蹺脈の八脈交会穴は、**申脈**である（表1参照）。申脈の部位は：「**外踝尖の直下、外踝下縁と踵骨の間の凹陷部**」である。その他の選択肢の八脈交会穴は、1：足臨泣（**帯脈**）、2：照海（**陰蹺脈**）、3：公孫（**衝脈**）である。"																									
994,経絡経穴概論,20,第27回,問題106,1 経絡の意義,B. 奇経八脈,八脈交会穴の部位はどれか。,1. 足内側、太渓の下方1寸、踵骨隆起前方の凹陷部,2. 足内側、太渓の下方1寸、踵骨隆起前方の陥凹部,3. 肘後内側、アキレス腱の前縁、内踝尖の上方2寸,4. 下腿外側、太渓の下方1寸、アキレス腱の前縁の凹陷部,2,"【解説】八脈交会穴は、公孫、申脈、内関、外関、足臨泣、後渓、列欠、照海（照海）である。選択肢のうち、2：「足内側、太渓の下方1寸、踵骨隆起前方の陥凹部」の**照海**である。その他の選択肢の部位は、1：水泉、2：復溜、4：照海（照海）である。"																									
995,経絡経穴概論,21,第31回,問題108,1 経絡の意義,C. 絡脈・経筋・皮部,経筋の概要について正しいのはどれか。,1. 十二経筋は四肢末端から始まる。,2. 奇経八脈は奇経同士が表裏関係にある。,3. 十二経別は正経とは合流しない経脈である。,4. 正経十二経脈は上焦から始まる。,1,"【解説】1：十二経筋は**四肢末端から始まり**頭部や体幹に終わる。2：奇経八脈は**表裏関係はない**。3：十二経別は**別行の正経**といい、正経十二経脈から分かれて出て、またその正経十二経脈に合する。4：正経十二経脈は**中焦**に起こる肺経から始まり、循環する環を形成して再び中焦に戻る。"																									
996,経絡経穴概論,22,第34回,問題110,2 経穴の意義と概要,A. 経穴の概要,脈穴の概要について正しいのはどれか。,1. WHO/WPROで経穴が365穴となる。,2. 奇穴は奇経に所属する。,3. 新穴は奇穴に含まれる。,4. 阿是穴は部位が決まっている。,3,"【解説】1：WHO/WPRO標準経穴部位として経穴は**361穴**と定められた。2：奇穴は十四経脈や奇経に属さない。3：奇穴は名称、部位、主治症が定められていて、1901年以降に定められた新穴を含む。4：阿是穴は名称や部位は定められておらず、病態と深く関わって出現したり、治療点となる部位という。"																									
997,経絡経穴概論,23,第34回,問題110,2 経穴の意義と概要,A. 経穴の概要,天応穴の特徴はどれか。,1. 十四経脈上にある。,2. 主治が決まっている。,3. 1901年以降に定められた。,4. 病態と関連して出現する。,4,"【解説】天応穴は「**阿是穴**」の別名で、**圧痛点**も含まれる。名称や部位は定められておらず、病態と深く関わって出現したり、治療点となる部位（阿是穴）である。主治が定まっているのは**奇穴**、1901年以降に定められたのは**新穴**である（図3参照）。"																									
998,経絡経穴概論,24,第34回,問題113,2 経穴の意義と概要,B. 取穴法,神庭穴と眉間の中点との長さはどれか。,1. 5分,2. 1寸5分,3. 2寸5分,4. 3寸5分,4,"【解説】神庭穴は前正中線上で、前髪際の後方5分である。神庭穴と眉間の中点との長さは**3寸5分**である。"																									
999,経絡経穴概論,25,第34回,問題114,2 経穴の意義と概要,B. 取穴法,経穴と体表面指標の組合せで誤っているのはどれか。,1. 身柱 ── 肩甲骨上角,2. 至陽 ── 肩甲骨下角,3. 命門 ── 第12肋骨先頭,4. 腰陽関 ── 腸骨脊最高点,1,"【解説】1：身柱は、第3胸椎棘突起下方で、体表指標は**肩甲棘内端**である。2：至陽は第7胸椎棘突起下方で体表指標は**肩甲骨下角**、3：命門は第2腰椎棘突起下方で体表指標は**第12肋骨先頭**、4：腰陽関は第4腰椎棘突起下方で体表指標は**腸骨脊最高点**である。"																									
1000,経絡経穴概論,26,第32回,問題115,2 経穴の意義と概要,B. 取穴法,左右の第12肋骨先端を結ぶ線と後正中線の交点で、棘突起下方陥凹部にあるのはどれか。,1. 懸枢,2. 命門,3. 腰陽関,4. 下極兪,2,"【解説】左右の第12肋骨先端を結ぶ線と後正中線の交点は、**第2腰椎棘突起下方陥凹部**である。1：懸枢は、**第1腰椎棘突起下方**陥凹部。2：命門は、**第2腰椎棘突起下方**陥凹部。3：腰陽関は、**第4腰椎棘突起下方**陥凹部。4：下極兪は、**第3腰椎棘突起下方**陥凹部である。"																									
1001,経絡経穴概論,27,第31回,問題112,2 経穴の意義と概要,B. 取穴法,骨度で左右の乳頭突起の間の長さと同じなのはどれか。,1. 外踝尖の高さから承山,2. 膝蓋骨高さから漏谷,3. 肘頭横紋から内関,4. 手関節背側横紋から四瀆,2,"【解説】骨度で左右の乳頭突起の間は**8寸**である。1：膝蓋骨高さから外踝尖までは1尺6寸で、外踝尖の高さから承山までは**8寸**となる。2：膝蓋骨高さから内踝尖までは1尺5寸で、膝蓋骨高さから漏谷までは**9寸**となる。3：肘角から手関節前横紋までは1尺2寸で、肘頭横紋から内関は1尺2寸である。4：手関節背側横紋から肘頭までは1尺2寸で、手関節背側横紋から四瀆は**7寸**となる。"																									
1002,経絡経穴概論,28,第30回,問題109,2 経穴の意義と概要,B. 取穴法,骨度で胸骨体下端から臍中央と同じ寸法はどれか。,1. 内踝尖から肝経の絡穴,2. 外踝尖から胃経の絡穴,3. 手関節掌側横紋から肺経の都穴,4. 手関節背側横紋から大腸経の郄穴,2,"【解説】胸骨体下端から臍中央までの骨度は**8寸**である。1の肝経の絡穴は**蠡溝**、内果尖からは5寸。2の胃経の絡穴は**豊隆**、外果尖からは8寸、3の肺経の郄穴は**孔最**、手関節掌側横紋からは7寸、4の大腸経の郄穴は**温溜**、手関節背側横紋からは5寸である。"																									
1003,経絡経穴概論,29,第29回,問題109,2 経穴の意義と概要,B. 取穴法,骨度で胸骨体下端から臍中央と同じなのはどれか。,1. 臍中央から小腸の募穴,2. 前正中線から肝の募穴,3. 胸骨体下端から心の募穴,4. 恥骨結合上縁から三焦の募穴,3,"【解説】問題の胸骨体下端から臍中央までの骨度は、8寸。選択肢の脈穴の部位の理解が必要。1：小腸の募穴は関元で臍中央から3寸。2：肝の募穴は期門で前正中線から4寸。3：心の募穴は巨闕で胸骨体下端から2寸。4：三焦の募穴は石門で恥骨結合上縁から3寸。"																									
1004,経絡経穴概論,30,第25回,問題103,2 経穴の意義と概要,B. 取穴法,骨度で陰骨内側下縁から膝蓋骨までの長さと同じなのはどれか。,1. 臍中央から下巨虚,2. 前髪際中心から後髪際中心,3. 胸骨体下端から臍中央,4. 中指尖から手関節前横紋,3,"【解説】骨度で最も短いのは、2：「**胸骨体下端から脾中央**」である。選択肢1〜4の骨度寸法は、1：前髪際中心から後髪際中心までは、**1尺2寸**。2：胸骨体下端から脾中央までは、**8寸**。3：陰骨下端から脾中央までは**8寸5分**。ゆえに2：「胸骨体下端から脾中央」が最も短い。"																									
1005,経絡経穴概論,31,第27回,問題102,2 経穴の意義と概要,B. 取穴法,骨度法で最も長いのはどれか。,1. 殿溝から膝膝,2. 膝蓋骨尖から内果尖,3. 陰谷から復溜,4. 陰陵泉から三陰交,3,"【解説】陰溝から膝膝は、1尺4寸。2：膝蓋骨尖から内果尖は、1尺5寸。3：陰谷から復溜は15寸。内果から復溜まで2寸、内果から陰谷は15寸。陰谷から陰陵泉は13寸。陰陵泉から三陰交は10寸となる。"																									
1006,経絡経穴概論,32,第33回,問題109,2 経穴の意義と概要,B. 取穴法,骨度で最も長いのはどれか。,1. 委中から承山,2. 曲泉から中都,3. 陰谷から復溜,4. 陰陵泉から三陰交,3,"【解説】陰山は委中の下**8寸**。中都は内果の上**7寸**。内果から曲泉までは15寸で曲泉から中都は**8寸**。復溜は内果の上2寸、内果から陰谷までは15寸。陰谷から復溜は**13寸**。三陰交は内果の上3寸。陰陵泉から三陰交は**10寸**となる。"																									
1007,経絡経穴概論,33,第28回,問題103,2 経穴の意義と概要,B. 取穴法,骨度で最も長いのはどれか。,1. 委中から陰谷,2. 曲泉から復溜,3. 陰谷から復溜,4. 陰陵泉から三陰交,3,"【解説】委中は陰谷の**8寸**。曲泉から復溜は15寸で曲泉から復溜は8寸。復溜は温溜の上2寸、温溜から陰谷までは15寸。陰谷から復溜は**13寸**。陰陵泉から三陰交は10寸となる。"																									
1008,経絡経穴概論,34,第25回,問題104,2 経穴の意義と概要,B. 取穴法,骨度で大腸経の部穴から肘関節までと同じなのはどれか。,1. 陽維脈の部穴から中瀆,2. 外踝尖から胃経の合穴,3. 陰維脈の部穴から陰陵泉,4. 陽蹺脈の部穴から外踝尖,1,"【解説】骨度で大腸経の部穴から肘関節までの長さと同じなのは、2：「**陽維脈の部穴から中瀆**」である。合計1尺4寸である。"																									
1009,経絡経穴概論,35,第26回,問題104,2 経穴の意義と概要,B. 取穴法,心包経の金穴と合水穴の間と同じ骨度はどれか。,1. 両乳頭間,2. 両乳突起間,3. 眉間から前髪際中点,4. 脾中央から恥骨結合上縁,2,"【解説】骨度法の問題。心包経の金穴は**間使**、合水穴は**曲沢**で、両穴の間と同じ骨度は、うち5寸なのは、2：**両乳頭突起間**である。その他の選択肢だが、1：両乳頭間は**8寸**。3：眉間から前髪際中点は**3寸**。4：脾中央から恥骨結合上縁までは**5寸**である。"																									
1010,経絡経穴概論,36,第30回,問題111,2 経穴の意義と概要,B. 取穴法,胸骨角を基準に取るのはどれか。,1. 幽門,2. 鳩尾,3. 玉堂,4. 氣舎,3,"【解説】1：幽門は上腹部の巨闕（胸骨体下端の下2寸）の外方5分に取る。2：鳩尾は上腹部で**胸骨体下端**の下1寸に取る。3：玉堂は前胸部の正中線上で**第3肋間**の高さに取る。第3肋間を取るのに**第2肋骨**の高さにある胸骨角を基準とする。4：氣舎は、前頸部で**小鎖骨上窩**に取る。"																									
1011,経絡経穴概論,37,第32回,問題113,3 所属経穴を持つ奇経,A. 任脈,陰都と同じ高さに位置する任脈の経穴について正しいのはどれか。,1. 脾中央の上方3寸にある。,2. 八脈交会穴である。,3. 任脈の絡穴である。,4. 上方3寸には中庭がある。,2,"【解説】陰都は**腎経**で、臍中央の上方4寸、前正中線の外方5分にある。これと同じ高さに位置する任脈の経穴は**中脘**である。1：臍中央の上方3寸にあるのは**建里**。2：八脈交会穴は**中脘**である。3：任脈の絡穴は**鳩尾**である。4：中脘の上方3寸には**鳥尾**がある。中庭は上方4寸。"																									
1012,経絡経穴概論,38,第32回,問題114,3 所属経穴を持つ奇経,A. 任脈,腹中について正しいのはどれか。,1. 心の募穴である。,2. 八脈交会穴の一つである。,3. 胸骨上端を基準に取穴する。,4. 外方6寸は天渓である。,4,"【解説】膻中は**任脈**で、1：**心包**の募穴である。心の募穴は**巨闕**。2：八脈交会穴（八総穴）は、脈（**公孫**）、陰維脈（**内関**）、帯脈（**足臨泣**）、陽維脈（**外関**）、督脈（**後渓**）、陽蹺脈（**申脈**）、任脈（**列欠**）、陰蹺脈（**照海**）で膻中は含まれない。3：膻中は**胸骨角**（第2肋骨の高さ）を基準に取穴する。4：膻中の外方6寸は天渓である。"																									
1013,経絡経穴概論,39,第31回,問題114,3 所属経穴を持つ奇経,B. 督脈,督脈の経穴がある部位はどれか。,1. 第2胸椎棘突起下方の陥凹部,2. 第4胸椎棘突起下方の陥凹部,3. 第6胸椎棘突起下方の陥凹部,4. 第8胸椎棘突起下方の陥凹部,3,"【解説】胸椎棘突起下方の陥凹部にある督脈の経穴は第1（**陶道**）、第3（**身柱**）、第5（**神道**）、第6（**霊台**）、第7（**至陽**）、第9（**筋縮**）、第10（**中枢**）、第11（**脊中**）である。したがって督脈の経穴があるのは第6胸椎棘突起下方の陥凹部（**霊台**）である。なお、第8胸椎棘突起下方の陥凹部には接脊がある。"																									
1014,経絡経穴概論,40,第31回,問題115,3 所属経穴を持つ奇経,B. 督脈,顔会について正しいのはどれか。,1. 所属する経脈の21番目の経穴である。,2. 小児では小泉門部にあたる。,3. 眼神経の支配領域にある。,4. 目窓と横に並ぶ。,3,"【解説】顔会は**督脈**で頭部、前正中線上、前髪際の後方2寸にある。1：経脈では22番目の経穴である。2：小児では**大泉門**にあたる。小泉門部にあたるのは**強間**。3：眼神経（三叉神経第1枝）の支配領域にある。4：日窓（足の少陽胆経）は、前髪際の後方1寸5分にあるため横に並ばない。"																									
1015,経絡経穴概論,41,第30回,問題112,3 所属経穴を持つ奇経,B. 督脈,督脈の経穴で、外方3寸に膀胱経の経穴がないのはどれか。,1. 陶道,2. 霊台,3. 懸枢,4. 腰膝,1,"【解説】1：陶道は第1胸椎棘突起下方の陥凹部で外方3寸は**附分**、2：霊台は第6胸椎棘突起下方の陥凹部で外方3寸は**督倉**である。なお、第8胸椎棘突起下方の陥凹部には巨闕、第12胸椎棘突起下方の陥凹部には胃倉がある。仙骨裂孔で外方3寸は**秩辺**となる。肩外兪は手の太陽小腸経に属するので、正解は1となる。"																									
1016,経絡経穴概論,42,第33回,問題111,4 正経十二経脈,B. 手の陽明大腸経,経穴の部位で正しいのはどれか。,1. 髑髎は、頬骨弓の下縁中点と下顎切痕の間の陥凹部にある。,2. 巨髎は、鼻唇溝中、鼻翼外縁中点と同じ高さにある。,3. 和髎は、耳珠上の切痕と下顎骨の関節突起の間、陥凹部にある。,4. 禾髎は、人中溝中点と同じ高さ、鼻孔外縁の下方にある。,4,"【解説】1：髑髎（**小腸経**）は、外眼角の直下、頬骨下方の陥凹部にある。2：巨髎（**胃経**）は、瞳孔線上、鼻翼下縁と同じ高さにある。3：和髎（**三焦経**）は、耳介の付け根の前方、浅頭頂動脈の後方にある。4：禾髎（**大腸経**）は、人中溝中点と同じ高さ、鼻孔外縁の下方にある。"																									
1017,経絡経穴概論,43,第34回,問題111,4 正経十二経脈,C. 足の陽明胃経,中指末節骨の指幅を1横指として取穴するのはどれか。,1. 陽白,2. 照海,3. 水泉,4. 頬車,4,"【解説】1：陽白（**胆経**）は、眉の上方1寸瞳孔線上。2：照海（**腎経**）は、内踝尖の下方1寸。3：水泉（**腎経**）は、太渓の下方1寸。4：頬車（**胃経**）は、下顎角の前上方1横指（中指）である。"																									
1018,経絡経穴概論,44,第34回,問題115,4 正経十二経脈,C. 足の陽明胃経,鎖骨下縁と乳頭線との交点にあるのはどれか。,1. 庫房,2. 気戸,3. 兪府,4. 気舎,2,"【解説】1：庫房は第1肋間で、前正中線の外方4寸の乳頭線上にある。2：気戸は鎖骨下縁と乳頭線との交点に取る。3：兪府は鎖骨下縁で前正中線の外方2寸に取る。4：気舎は鎖骨内端の上部で、胸鎖乳突筋の二頭間に取る。"																									
1019,経絡経穴概論,45,第26回,問題107,4 正経十二経脈,C. 足の陽明胃経,経穴と体表面指標の組合せで同じ高さにあるのはどれか。,1. 天鼎 ── 甲状軟骨上縁,2. 天柱 ── 外後頭隆起,3. 胞盲 ── 仙骨裂孔,4. 髀関 ── 大転子頂点,4,"【解説】経穴と体表指標の組合せの問題。体表指標は、取穴するときに指標となる部位のこと。経穴と体表指標の組合せで同じ高さにあるのは、4：「**髀関 ── 大転子頂点**」である。髀関は上前腸骨棘と膝蓋骨外上端を結んだ線上で、大転子の頂点と同じ高さにある。その他の選択肢では、1：天鼎は**扶突**、2：天柱は第2頸椎棘突起上縁と同じ高さで、3：胞盲は**第2後仙骨孔**と同じ高さに当たる。"																									
1020,経絡経穴概論,46,第33回,問題115,4 正経十二経脈,D. 足の太陰脾経,脛骨内側縁下端と脛骨内側面が接する陥凹部の下方3寸にあるのはどれか。,1. 足の太陽経の絡穴,2. 足の太陰経の郄穴,3. 足の陰脈の絡穴,4. 足の厥陰経の絡穴,1,"【解説】脛骨内側縁下端と脛骨内側面が接する陥凹部の下方3寸にある経穴は**地機**である。1：足の陰脈の絡穴、**地機**。2：足の太陰経の絡穴は、**公孫**。3：足の脈陰経の絡穴は、**中都**。4：足の脈陰経の絡穴は、**肝経の蠡溝**である。"																									
1021,経絡経穴概論,47,第29回,問題113,4 正経十二経脈,D. 足の太陰脾経,腹骨の高さで正しいのはどれか。,1. 脾中央の上方2寸,2. 脾中央の上方3寸,3. 脾中央の上方4寸,4. 脾中央の上方5寸,2,"【解説】腹哀は**足の太陰脾経**で、胸の痛みのほか、**3寸**、前正中線の外方4寸。"																									
1022,経絡経穴概論,48,第26回,問題108,4 正経十二経脈,D. 足の太陰脾経,部位と経穴の組合せで正しいのはどれか。,1. 大腿二頭筋と半腱様筋の間 ── 陰谷,2. 外側広筋と大腿直筋腱の間 ── 陰市,3. 薄筋と縫工筋の間 ── 足五里,4. 縫工筋と長収筋の間 ── 箕門,4,"【解説】部位と経穴の組合せの問題。部位と経穴の組合せで正しいのは、「4：縫工筋と長収筋の間 ── **箕門**」である。その他の選択肢で正しい組み合わせは、1：膝陽関は大腿二頭筋（腱）と**腸脛束**の間。2：血海は**内側広筋**の隆起部。2：外側広筋と大腿直筋腱の間は**梁丘**。3：薄筋と縫工筋の間は**陰包**、足五里は気衝の下方3寸に取る。"																									
1023,経絡経穴概論,49,第34回,問題117,4 正経十二経脈,E. 手の少陰心経,少海穴について最も適切なのはどれか。,1. 尺骨神経溝上にある。,2. 同経の兪穴までは12寸である。,3. 五行穴では金穴に属する。,4. 皮膚面に対しての直刺で、尺側手根屈筋に刺入できる。,2,"【解説】少海は**手の少陰心経**で、上腕骨内上顆の前下様、肘横紋と同じ高さにある。同経の兪穴は**神門**で、手関節横紋上にある。少海からの距離は**12寸**である。五行穴では**水穴**に属する。少海の部位は、皮膚面に対して直刺で、尺側手根屈筋には刺入できない。"																									
1024,経絡経穴概論,50,第29回,問題118,4 正経十二経脈,E. 手の少陰心経,尺側手根屈筋腱の橈側縁、手関節掌側横紋の上方1寸にある経穴はどれか。,1. 陰隙,2. 養老,3. 経渠,4. 通里,4,"【解説】1：間使は長掌筋腱と橈側手根屈筋腱の間、手関節掌側横紋の上方3寸。2：養老は手関節背側横紋の上方1寸。3：経渠は橈骨下端の橈側、手関節掌側横紋の上方1寸。"																									
1025,経絡経穴概論,51,第30回,問題117,4 正経十二経脈,E. 手の少陰心経,第4・第5中手骨の間にあるのはどれか。,1. 労宮,2. 少府,3. 腕骨,4. 落枕,2,"【解説】1：労宮は、手掌、第2・第3中手骨の間。2：少府は、手掌、第4・第5中手骨の間。3：腕骨は、手関節後内側、第5中手骨底と三角骨の間。4：落枕は、手背、第2・第3中手骨骨間の間となる。"																									
1026,経絡経穴概論,52,第30回,問題118,4 正経十二経脈,F. 手の太陽小腸経,経穴と取り方の指標の組合せで正しいのはどれか。,1. 顴髎 ── 外眼角を通る垂直線,2. 地倉 ── 瞳孔を通る垂直線,3. 四白 ── 耳垂下端を通る水平線,4. 下関 ── 頬骨弓中央の下際,1,"【解説】1：顴髎は、**外眼角**を通る垂直線上。2：地倉は、**口角の外方4分**で鼻唇溝あるいは鼻唇溝の延長線上。3：四白は、**瞳孔**を通る垂直線上。4：下関は、**頬骨弓**中央の下際となる。"																									
1027,経絡経穴概論,53,第29回,問題115,4 正経十二経脈,F. 手の太陽小腸経,経穴と解剖学的部位の組合せで正しいのはどれか。,1. 曲垣 ── 棘上窩,2. 天府 ── 鎖骨下窩,3. 欠盆 ── 小鎖骨上窩,4. 気舎 ── 大鎖骨上窩,1,"【解説】1：曲垣は肩甲骨内角の上方陥凹部で**棘上窩**に取る。2：天府は上腕前外側、上腕二頭筋外側縁。3：欠盆は大鎖骨上窩、4：気舎は小鎖骨上窩に取る。"																									
1028,経絡経穴概論,54,第34回,問題119,4 正経十二経脈,F. 手の太陽小腸経,顔面部、耳珠中央の前縁と下顎骨関節突起の間の陥凹部にあるのはどれか。,1. 耳門,2. 和髎,3. 聴会,4. 聴宮,4,"【解説】取穴法で正しいのは**2：聴宮**は耳珠と下顎骨関節突起の間の陥凹部で、下顎骨関節突起の後方の陥凹部に取る。1：聴会は耳珠前上方で手の少陽三焦経に属する。2：聴会は耳珠前下方で足の少陽胆経に属する。3：耳門は耳珠の前上方で前庭窩に取る。4：聴宮は、耳珠中央の前縁と下顎骨関節突起の間の陥凹部にある。"																									
1029,経絡経穴概論,55,第28回,問題109,4 正経十二経脈,F. 手の太陽小腸経,取穴法で正しいのはどれか。,1. 聴会は耳珠の前方で浅頭頂動脈の後方に取る。,2. 聴宮は耳珠と下顎骨関節突起の間の陥凹部に取る。,3. 耳門は耳珠の直前下方で、口を開くと深くくぼむところに取る。,4. 翳風は後頭骨の下方で、胸鎖乳突筋と僧帽筋の間の陥凹部に取る。,2,"【解説】取穴法で正しいのは**2：「聴宮は耳珠と下顎骨関節突起の間の陥凹部に取る」**である。1：聴会は**耳珠前下方**で、下顎骨関節突起の後方の陥凹部に取る。3：耳門は**耳珠の前上方**で、前庭窩に取る。4：翳風は**耳垂の後方**で、乳突起下端の前方の陥凹部に取る。"																									
1030,経絡経穴概論,56,第31回,問題118,4 正経十二経脈,G. 足の太陽膀胱経,同じ高さに並ぶ経穴はどれか。,1. 膏肓と心兪,2. 盲門と胃兪,3. 胞盲と脾兪,4. 秩辺と中膂兪,4,"【解説】1：膏肓は、第4胸椎棘突起下縁の高さで、心兪は第5胸椎棘突起下縁の高さ。2：盲門は第1腰椎棘突起下縁の高さで、胃兪は第12胸椎棘突起下縁の高さ。3：胞盲と脾兪は、第2後仙骨孔と同じ高さ。4：秩辺は、第4後仙骨孔の高さで、中膂兪は、第3後仙骨孔の高さ。"																									
1031,経絡経穴概論,57,第32回,問題117,4 正経十二経脈,H. 足の少陰腎経,膝関節横紋上で半腱様筋腱の外縁にあるのはどれか。,1. 膝関,2. 委陽,3. 陰谷,4. 曲泉,3,"【解説】1：膝関は**肝経**で、脛骨内側髁の下方、陰陵泉の後方1寸にある。2：委陽は**膀胱経**で、大腿二頭筋腱の内縁にある。3：陰谷は**腎経**で、半腱様筋腱の**外縁**にある。4：曲泉は**肝経**で、半腱・半膜様筋腱内側の前縁凹陷部にある。"																									
1032,経絡経穴概論,58,第31回,問題113,4 正経十二経脈,H. 足の少陰腎経,腹部において、腎経、胃経ともに同じ高さに経穴がないのはどれか。,1. 脾中央の上方7寸,2. 脾中央の上方3寸,3. 脾中央の上方1寸,4. 脾中央の下方4寸,1,"【解説】取穴法の問題。取穴法で正しいのは、3：「**水泉は、太渓の下1寸、踵骨隆起前方の陥凹部**」である。その他の選択肢の正しい取穴法は、1：大衝は第1・第2中足骨底間、外側前方の陥凹部、足背動脈拍動部。2：太衝は第1・第2中足骨骨間、中足骨底接合部前方。4：申脈は外踝尖の直下、外踝下縁と踵骨の間の陥凹部である。"																									
1033,経絡経穴概論,59,第26回,問題109,4 正経十二経脈,H. 足の少陰腎経,取穴法で正しいのはどれか。,1. 丘墟は、長指伸筋腱内側の陥凹部、外踝尖の前下方にある。,2. 太衝は、第1・第2中足骨底接合部前方の陥凹部にある。,3. 水泉は、太渓の下1寸、踵骨隆起前方の陥凹部にある。,4. 申脈は、外踝尖の直下、外踝下縁と踵骨の間の陥凹部にある。,3,"【解説】取穴法の問題。取穴法で正しいのは、3：「**水泉は、太渓の下1寸、踵骨隆起前方の陥凹部**」である。その他の選択肢の正しい取穴法は、1：丘墟は長指伸筋腱**外側**の陥凹部。2：太衝は第1・第2中足骨**底**接合部前方。4：申脈は外踝尖の直下、外踝下縁と踵骨の間の陥凹部である。"																									
1034,経絡経穴概論,60,第34回,問題118,4 正経十二経脈,I. 手の厥陰心包経,上腕二頭筋の長頭と短頭の間、股溝横紋前溝の下方2寸にあるのはどれか。,1. 天泉,2. 天府,3. 青霊,4. 臂臑,1,"【解説】1：天泉は**心包経**で、上腕二頭筋長頭と短頭の間、腋窩横紋前溝の下方2寸にある。2：天府（**肺経**）は上腕二頭筋外側縁、腋窩横紋前端の下方3寸にある。3：青霊（**心経**）は上腕二頭筋内側縁、肘両横紋の上の下方3寸にある。4：臂臑（**大腸経**）は三角筋前縁、曲池の上の上方7寸にある。"																									
1035,経絡経穴概論,61,第32回,問題118,4 正経十二経脈,I. 手の厥陰心包経,上腕二頭筋長頭と短頭の間、腋窩横紋前端の下方2寸にあるのはどれか。,1. 天府,2. 臂臑,3. 天泉,4. 消濼,3,"【解説】1：天府（**肺経**）は、上腕前外側、上腕二頭筋外側縁、腋窩横紋前端の下方3寸にある。2：臂臑（**大腸経**）は、上腕外側、三角筋前縁、曲池の上方7寸にある。3：天泉（**心包経**）は、上腕前部、上腕二頭筋長頭と短頭の間、腋窩横紋前端の下方2寸にある。4：消濼（**三焦経**）は、上腕後外側、清冷淵と臑会を結ぶ線上、肘頭の上方5寸にある。"																									
1036,経絡経穴概論,62,第32回,問題112,4 正経十二経脈,J. 手の少陽三焦経,経穴の部位で正しいのはどれか。,1. 天衝は、耳介の付け根の後縁の直上、髪際の上方1寸5分にある。,2. 天牖は、下顎角と同じ高さ、胸鎖乳突筋の後方ににある。,3. 天容は、胸鎖乳突筋の後縁、甲状軟骨上縁と同じ高さにある。,4. 天黒は、輪状軟骨と同じ高さ、胸鎖乳突筋の前縁にある。,2,"【解説】1：天衝（**胆経**）は、耳介の付け根の後縁の直上、髪際の上方**2寸**にある。2：天牖（**三焦経**）は、下顎角と同じ高さ、胸鎖乳突筋の後方にある。3：天容（**小腸経**）は、下顎角の後方、胸鎖乳突筋の前縁にある。4：天黒は**水突（胃経）**である。"																									
1037,経絡経穴概論,63,第31回,問題116,4 正経十二経脈,J. 手の少陽三焦経,経穴の部位で正しいのはどれか。,1. 青霊は、上腕二頭筋長頭と短頭の間、肘窩横紋の上方2寸にある。,2. 消濼は、肘頭と肩峰角を結ぶ線上、肘頭の上方5寸にある。,3. 俠白は、上腕二頭筋外側縁、股溝横紋前端の下方5寸にある。,4. 手五里は、肘和横紋外端の上方7寸にある。,2,"【解説】1：青霊は**上腕二頭筋内側縁**、肘窩横紋の上方3寸にある。2：消濼は肘頭と肩峰角を結ぶ線上、肘頭の上方5寸にある。3：俠白は上腕二頭筋外側縁、腋窩横紋前端の下方4寸にある。4：手五里は、曲池と肩髃を結ぶ線上、肘窩横紋の上方3寸にある。"																									
1038,経絡経穴概論,64,第33回,問題119,4 正経十二経脈,K. 足の少陽胆経,頭部、耳介の付け根の後縁の直上、髪際の上方2寸にあるのはどれか。,1. 角孫,2. 浮白,3. 天衝,4. 曲鬢,3,"【解説】頭部、耳介の付け根の後縁の直上、髪際の上方2寸にあるのは**天衝**である。角孫は、耳尖のあたる上方の髪際。浮白は、耳乳突起の後上方、天衝と完骨を結ぶ曲線上。曲鬢は、もみあげ後縁の垂直線と耳尖の水平線の交点にある。"																									
1039,経絡経穴概論,65,第32回,問題111,4 正経十二経脈,L. 足の厥陰肝経,膝蓋骨尖と内踝尖を結ぶ線を3等分し、内踝尖から3分の1にあるのはどれか。,1. 肝経の絡穴,2. 腎経の絡穴,3. 脾経の郄穴,4. 陰蹺脈の部穴,1,"【解説】膝蓋骨尖と内踝尖を結ぶ線を3等分し、内踝尖から3分の1（5寸）にあるのは**蠡溝**である。1：肝経の絡穴は、**蠡溝**。2：腎経の絡穴は、大鍾。3：脾経の部穴は、**地機**。4：陰蹺脈の部穴は、交信（腎経）である。"																									
1040,経絡経穴概論,66,第30回,問題114,4 正経十二経脈,L. 足の厥陰肝経,経穴の部位で正しいのはどれか。,1. 伏兎は、大腿前外側、大腿直筋腱の外側で膝蓋骨底の上方3寸にある。,2. 承扶は、大腿後面、大腿二頭筋と半腱様筋の間、股溝の下方6寸にある。,3. 風市は、大腿部外側、腸脛腱の後方で、膝蓋骨底の上方7寸にある。,4. 陰包は、大腿部内側、薄筋と縫工筋の間、膝蓋骨底の上方4寸にある。,4,"【解説】1：伏兎は、膝蓋骨底の上方**6寸**にある。2：承扶は、股溝の中点にある。3：風市は、直立して上肢を垂下したとき、大腿外側に**中指尖があたるところ**にある。4：陰包は、膝蓋骨底の上方**4寸**にある。"																									
1041,経絡経穴概論,67,第29回,問題122,4 正経十二経脈,L. 足の厥陰肝経,経穴の部位で正しいのはどれか。,1. 秩辺は、第2後仙骨孔と同じ高さ、正中仙骨稜の外方3寸にある。,2. 三陽絡は、橈骨と尺骨の骨間の中点、肘頭の下方5寸にある。,3. 蠡溝は、脛骨内側面の中央、内踝尖の上方5寸にある。,4. 本神は、前髪際から入ること5分、瞳孔線上にある。,3,"【解説】1：秩辺は第**4**後仙骨孔と同じ高さ、2：三陽絡は手関節背側横紋の上方**4**寸、4：本神は前髪際から入ること5分で前正中線の外方**3**寸で瞳孔線上は「神庭」となる。"																									
1042,経絡経穴概論,68,第33回,問題118,5 経穴の応用,A. 要穴,足の少陰経の金穴と同じ高さに並ぶのはどれか。,1. 交信,2. 陽輔,3. 豊隆,4. 中都,1,"【解説】足の少陰経（腎経）の金穴は**復溜**である。復溜は、アキレス腱の前縁、内踝尖の上方2寸。同じ高さに並ぶのは、**交信**（腎経）となる。陽輔は、外踝尖の上方4寸。豊隆は、外踝尖の上方8寸。中部は内踝尖の上方7寸である。"																									
1043,経絡経穴概論,69,第32回,問題120,5 経穴の応用,A. 要穴,足陽明経の経火穴と足太陰経の経金穴の間にあるのはどれか。,1. 衝陽,2. 太衝,3. 中封,4. 丘墟,3,"【解説】足陽明経（胃経）の経火穴は**解渓**で、足関節前面中央の陥凹部。足太陰経（脾経）の経金穴は**商丘**で、内踝の前下方、舟状骨粗面と内踝尖の中央陥凹部にある。その間にあるのは、前脛骨筋腱内側の陥凹部にある**中封**（肝経）である。1：衝陽は、第2中足骨底と中間楔状骨の間。2：太衝は、第1・第2中足骨底結合部前方。4：丘墟は、長指伸筋腱外側の陥凹部、外踝尖の前下方にある。"																									
1044,経絡経穴概論,70,第32回,問題121,5 経穴の応用,A. 要穴,足少陰経の経火穴の部位はどれか。,1. 下腿外側、腓骨の前方、外踝尖の上方4寸,2. 下腿前面、膝蓋腱外方の陥凹部の下方9寸,3. 下腿内側、脛骨内縁の後方の陥凹部、内踝尖の上方2寸,4. 下腿後外側、外踝尖とアキレス腱の間の陥凹部から上方3寸,1,"【解説】足少陰経（腎経）の経火穴は**然谷**である。1：下腿外側、腓骨の前方、外踝尖の上方4寸は陽輔（胆経の経火穴）。2：下腿前面、膝蓋腱外方の陥凹部の下方9寸は条口。3：下腿内側、脛骨内縁の後方の陥凹部、内踝尖の上方2寸は**復溜**（腎経の経金穴）。4：下腿後外側、外踝尖とアキレス腱の間の陥凹部から上方3寸は、**附陽**（陽蹺脈の郄穴）である。"																									
1045,経絡経穴概論,71,第31回,問題122,5 経穴の応用,A. 要穴,足の太陰経にある経金穴の部位はどれか。,1. 足関節後内側、内踝尖とアキレス腱の間の陥凹部,2. 足内側、内踝の前下方、舟状骨粗面と内踝尖の中央陥凹部,3. 足関節前外側、長指伸筋腱外側の陥凹部、外踝尖の前下方,4. 足関節前面中央の陥凹部、長母指伸筋腱と長指伸筋腱の間,2,"【解説】足の太陰経（脾経）の経金穴は**商丘**である。1：足関節後内側、内踝尖とアキレス腱の間の陥凹部は太渓。2：足内側、内踝の前下方、舟状骨粗面と内踝尖の中央陥凹部は**商丘**。3：足関節前外側、長指伸筋腱外側の陥凹部、外踝尖の前下方丘墟。4：足関節前面中央の陥凹部、長母指伸筋腱と長指伸筋腱の間は解渓である。"																									
1046,経絡経穴概論,72,第34回,問題120,5 経穴の応用,A. 要穴,五兪穴で、のぼせと失熱に用いる経穴の部位はどれか。,1. 内踝尖とアキレス腱の間の陥凹部,2. 膝後内側、半腱様筋腱の外縁、膝関節横紋上,3. アキレス腱の前縁、内踝尖の上方2寸,4. 足内側、舟状骨粗面の下方、赤白肉際,2,"【解説】五兪穴で、「のぼせと失熱」に用いるのは**合水穴**である。1の太渓は兪土穴で原穴。2の**陰谷**は合水穴。3の復溜は経金穴。4の然谷は滎火穴である。「逆気して泄する」をつかさどる合水穴となる。"																									
1047,経絡経穴概論,73,第34回,問題121,5 経穴の応用,A. 要穴,原気が集まるとされ、体が重だるく関節が痛むときに用いる経穴の部位はどれか。,1. 手背、第2中手指節関節脳側の近位陥凹部,2. 足背、第2中足骨底と中間楔状骨の間、足背動脈脈動部,3. 手関節前内側、尺側手根屈筋腱の橈側縁、手関節掌側横紋上,4. 足背、第4・第5中足骨底接合部の遠位、第5指の長伸筋腱外側の陥凹部,3,"【解説】原気が集まるとされる五兪穴（体重節痛に用いる）は**兪土穴**（原穴）である。1の三間は兪木穴。2の衝陽は原穴。3の**神門**は兪土穴で原穴。4の足臨泣は兪木穴。よって正解は両方を満たす**神門**である。"																									
1048,経絡経穴概論,74,第33回,問題120,5 経穴の応用,A. 要穴,足の太陽経の五兪穴で、身体が重く関節が痛む際に用いる経穴の部位はどれか。,1. 足の第1指、第1中足指節関節内側の遠位陥凹部、赤白肉際,2. 足内側、第1中足骨粗面下方の陥凹部、赤白肉際,3. 足内側、内踝の前下方、舟状骨粗面と内踝尖の中央陥凹部,4. 足関節前内側、前脛骨筋腱内側の陥凹部、内踝の前下方,2,"【解説】足の太陽経（脾経）で、身体が重く関節が痛む時に用いるのは**兪土穴**である（**太白**）。1は太白でなく大都。2は**太白**で兪土穴。3は商丘で経金穴。4は中封で経金穴である。"																									
1049,経絡経穴概論,75,第25回,問題110,5 経穴の応用,A. 要穴,体重節痛の際に用いる経穴部位で正しいのはどれか。,1. 第4・第5中足骨底接合部の遠位、第5指の長指伸筋腱外側の陥凹部,2. 内踝下方、踵骨上方、アキレス腱附着部前方の陥凹部,3. 足外側、第5中足骨粗面の遠位、赤白肉際,4. 足関節前内側、前脛骨筋腱内側の陥凹部、内踝の前下方,1,"【解説】体重節痛の際に用いる経穴は、**兪穴**である。選択肢のうち兪穴に当たるのは、1：「第4・第5中足骨底接合部の遠位、第5指の長指伸筋腱外側の陥凹部」の**足臨泣**である。2は大鐘で絡穴、3は京骨で原穴、4は中封で経穴である。"																									
1050,経絡経穴概論,76,第32回,問題109,5 経穴の応用,A. 要穴,五兪穴について正しいのはどれか。,1. 足の少陰経の井水穴は爪甲の際ににある。,2. 足の陽明経の滎水穴は経脈の末端から2番目にある。,3. 手の太陽経の兪木穴は原穴と一致する。,4. 手の陰経の経金穴は手関節横紋上にある。,2,"【解説】1：足の少陰経（腎経）の井木穴（涌泉）は**足底**にある。2：足の陽明経（胃経）の滎水穴（内庭）は経脈の末端（厲兌）から2番目にある。3：手の太陽経（小腸経）の兪木穴は**後渓**。原穴は**腕骨**である。4：手の陰経の経金穴（太淵、経渠、霊道）は手関節横紋の上方にある。"																									
1051,経絡経穴概論,77,第30回,問題121,5 経穴の応用,A. 要穴,五兪穴で咳嗽と発熱に用いるのはどれか。,1. 陰谷,2. 復溜,3. 太渓,4. 然谷,2,"【解説】五兪穴で喘咳寒熱に用いるのは**経穴**となる。1：陰谷は合穴で逆気而泄に用いる。2：**復溜**は経穴で咳嗽寒熱に用いる。3：太渓は兪穴で体重節痛に用いる。4：然谷は滎穴で身熱に用いる。"																									
1052,経絡経穴概論,78,第29回,問題123,5 経穴の応用,A. 要穴,経金穴の部位はどれか。,1. 長掌筋腱と橈側手根屈筋腱の間、手関節掌側横紋の上方3寸,2. 長母指外転筋腱と短母指伸筋腱の間、手関節掌側横紋の上方1寸5分,3. 橈骨と尺骨の骨間の両点、手関節背側横紋の上方3寸,4. 尺骨内側と尺側手根屈筋腱の間、手関節掌側横紋の上方5分,1,"【解説】経金穴は**間使**、**間使**、**商丘**、**経渠**、**復溜**、3は「支溝」、4は「通里」、正解は1の**間使**（心包経の経金穴）である。"																									
1053,経絡経穴概論,79,第31回,問題123,5 経穴の応用,A. 要穴,五要穴について正しいのはどれか。,1. 同じ高さで並ぶ原穴がある。,2. 手関節横紋上には6つの原穴がある。,3. 前腕の外側と内側で対応する絡穴がある。,4. 募穴のうち4穴は自経上にある。,1,"【解説】五要穴（原穴、部穴、絡穴、募穴、兪穴）1：同じ高さで並ぶ原穴は**太淵**と**神門**（手関節横紋の上方1寸にある）。2：手関節横紋上には4つの原穴（太淵、神門、大陵、陽池）がある。3：前腕には外側と内側で対応する絡穴（外関、内関）がある。4：募穴のうち3穴（関門、中脘、日月）は自経上にある。"																									
1054,経絡経穴概論,80,第34回,問題109,5 経穴の応用,A. 要穴,募穴について最も適切なのはどれか。,1. 背部募穴と表裏関係にある。,2. 腹部の気が注ぐところである。,3. 臓と脾では主に臓の治療に有効である。,4. 腸穴と同名の経脈上にある。,1,"【解説】募穴は**気**が多く集まるところで、**胸腹部**に存在する。背部兪穴と陰陽表裏関係にあり、臓腑の診断・治療を行う経穴である。募穴の診断・治療を行う経穴である。"																									
1055,経絡経穴概論,81,第33回,問題121,5 経穴の応用,A. 要穴,原穴が足関節部位にある経脈はどれか。,1. 少陽経,2. 厥陰経,3. 太陰経,4. 太陽経,1,"【解説】足にある少陽経（胆経）の原穴は**丘墟**。厥陰経（肝経）は太衝。太陰経（脾経）は太白。太陽経（膀胱経）は京骨である。足関節部位にあるのは、足関節前外側にある**丘墟**である。"																									
1056,経絡経穴概論,82,第27回,問題110,5 経穴の応用,A. 要穴,五要穴で急性症状に用いるのに適した経穴の部位はどれか。,1. 大腿前外側、外側広筋と大腿直筋腱外縁の間、膝蓋骨底の上方2寸,2. 下腿外側、腓骨の前方、外踝尖の上方5寸,3. 下腿前外側、膝蓋骨底と外踝尖を結ぶ線の中点、条口の外方1寸,4. 足背、第2中足骨底部と中間楔状骨の間、足背動脈脈動部,1,"【解説】五要穴で急性症状に用いるのは**郄穴**である。選択肢のうち郄穴に当たるのは、1：「大腿前外側、外側広筋と大腿直筋腱外縁の間、膝蓋骨底の上方2寸」の**梁丘**（胃経の郄穴）である。2は光明で絡穴、3は豊隆で絡穴、4は衝陽で原穴の部位。"																									
1057,経絡経穴概論,83,第28回,問題111,5 経穴の応用,A. 要穴,五要穴で急性症状に用いる経穴の部位はどれか。,1. 前脛骨筋の外縁、外踝尖の上方8寸,2. 内踝尖とアキレス腱の間の陥凹部,3. 腓骨の前方、外踝尖の上方7寸,4. 側胸部、第6肋間、中胸肋線上,1,"【解説】要穴の定義。五要穴（原穴、部穴、絡穴、募穴、兪穴）のうち、慢性病に用いるのは**絡穴**である。選択肢のうち絡穴は、1：「前脛骨筋の外縁、外踝尖の上方8寸」の**豊隆**である。2は太渓で原穴の部位、3は外丘で郄穴の部位、4は大包で脾の大絡の絡穴となる。"																									
1058,経絡経穴概論,84,第32回,問題116,5 経穴の応用,A. 要穴,絡穴が部穴より末梢にある経脈はどれか。,1. 手の太陽経,2. 手の少陰経,3. 足の太陽経,4. 足の太陰経,4,"【解説】1：手の太陽経の絡穴は**支正**（7寸）、部穴は養老（1寸）。2：手の少陰経の絡穴は**通里**（1寸）、部穴は陰隙（0.5寸）。3：足の太陽経の絡穴は**飛揚**（7寸）、部穴は金門（外踝下）。4：足の太陰経の絡穴は**公孫**、部穴は地機（膝下5寸）。絡穴が部穴より末梢にあるのは**足の太陰経**である。"																									
1059,経絡経穴概論,85,第32回,問題124,5 経穴の応用,A. 要穴,手関節横紋から最も遠いのはどれか。,1. 肺経の部穴,2. 大腸経の絡穴,3. 心包経の経金穴,4. 三焦経の経火穴,1,"【解説】1：肺経の部穴（**孔最**）は、手関節掌側横紋の上方7寸にある。2：大腸経の絡穴（**偏歴**）は、手関節背側横紋の上方3寸にある。3：心包経の経火穴（**間使**）は、手関節掌側横紋の上方3寸にある。4：三焦経の経火穴（**支溝**）は、手関節背側横紋の上方3寸にある。最も遠いのは**孔最**である。"																									
1060,経絡経穴概論,86,第34回,問題122,5 経穴の応用,A. 要穴,部穴の部位はどれか。,1. 前腕背面、尺骨の橈側縁、手関節背側横紋の上方3寸,2. 肘後内側、肘頭と上腕骨内側上顆の間の陥凹部,3. 足内側、内踝の前下方、舟状骨粗面と内踝尖の中央陥凹部,4. 足外側、第5中足骨粗面の遠位、赤白肉際,1,"【解説】1の経穴は**会宗**で部穴、2の経穴は小海で合穴、3の経穴は商丘で経金穴、4の経穴は京骨で原穴である。"																									
1061,経絡経穴概論,87,第29回,問題114,5 経穴の応用,A. 要穴,部穴にある部穴の部位はどれか。,1. 膝蓋骨底外端の上方2寸,2. 膝蓋骨外下縁と解渓を結ぶ線上、膝蓋骨外下縁の下方3寸,3. 脛骨内側縁、膝関節内側横紋の下方5寸,4. 下腿後外側、腓骨頭と外踝尖を結ぶ線上、外踝尖の上方7寸,4,"【解説】1：梁丘は**胃経の郄穴**で膝蓋骨底外端の上方2寸。2：上巨虚は**大腸の下合穴**。3：地機は**脾経の郄穴**で陰陵泉の下方3寸。4：外丘は**胆経の郄穴**で外踝尖の上方7寸である。"																									
1062,経絡経穴概論,88,第25回,問題111,5 経穴の応用,A. 要穴,下肢にある部穴の部位はどれか。,1. 膝蓋骨外下縁と解渓を結ぶ線上、膝蓋骨外下縁の下方2寸,2. 脛骨内側面の中央、内踝尖の上方5寸,3. 脛骨内側縁の後方、内踝尖の上方2寸,4. 外踝尖の直下、外踝下縁と踵骨の間の陥凹部,3,"【解説】1：陰谷は合水穴で胃の経穴で、部穴ではない。2：交信は**陰蹺脈の部穴**である。3：交信（**陰蹺脈の部穴**）。4：申脈は八脈交会穴（陽蹺脈）である。"																									
1063,経絡経穴概論,89,第33回,問題108,5 経穴の応用,A. 要穴,部穴でないのはどれか。,1. 陽谷,2. 陰陽,3. 交信,4. 築賓,1,"【解説】1：陽谷は**小腸経**の経火穴で、部穴ではない。2：陰陽（陽維脈の部穴）、3：交信（陰蹺脈の部穴）、4：築賓（陰維脈の部穴）である。"																									
1064,経絡経穴概論,90,第28回,問題112,5 経穴の応用,A. 要穴,陽維脈の部穴の部位はどれか。,1. 下腿外側、腓骨の前方、外踝尖の上方4寸,2. 下腿前外側、腓骨頭の前下方凹陥部,3. 下腿後外側、腓骨頭と外踝尖を結ぶ線上、外踝尖の上方7寸,4. 下腿後外側、腓骨頭と外踝尖を結ぶ線上、外踝尖の上方7寸,4,"【解説】陽維脈の部穴は**陽交**である。1：陽輔（胆経の経火穴）、2：陽陵泉（胆経の合土穴）、3：外丘（胆経の郄穴）、4：陽交（**陽維脈の部穴**）で外踝尖の上方7寸にある。"																									
1065,経絡経穴概論,91,第34回,問題123,5 経穴の応用,A. 要穴,絡穴の部位はどれか。,1. 膝蓋骨外下縁と解渓を結ぶ線上、膝蓋骨外下縁の下方4寸,2. 下腿前外側、前脛骨筋の外縁、外踝尖の上方8寸,3. 下腿後内側、脛骨内縁の後際、陰陵泉の下方3寸,4. 下腿後外側、腓骨頭と外踝尖を結ぶ線上、外踝尖の上方7寸,4,"【解説】1の経穴は条口で絡穴でない。2の経穴は**豊隆**で絡穴。3の経穴は地機で部穴。4の経穴は外丘で部穴である。"																									
1066,経絡経穴概論,92,第29回,問題111,5 経穴の応用,A. 要穴,下肢にある部穴の部位はどれか。,1. 脛骨内側面の中央、内踝尖の上方5寸,2. 脛骨内側縁の直後、内踝尖の上方7寸,3. 腓骨の前方、外踝尖の上方7寸,4. 大腿二頭筋腱の内縁、膝関節横紋上,1,"【解説】下肢にある部穴の問題。1：**蠡溝**は**肝経の絡穴**（内踝尖の上方5寸）。2：中部は**肝経の経金穴**（内踝尖の上方7寸）。3：外丘は**胆経の郄穴**（外踝尖の上方7寸）。4：委陽は**三焦の下合穴**である。"																									
1067,経絡経穴概論,93,第33回,問題114,5 経穴の応用,A. 要穴,八会穴の腑会と同じ高さに並ぶのはどれか。,1. 承満,2. 梁門,3. 太乙,4. 滑肉門,2,"【解説】八会穴の腑会は**中脘**で臍の上方4寸にある。中脘と同じ高さにあるのは**梁門**となる。"																									
1068,経絡経穴概論,94,第28回,問題104,5 経穴の応用,A. 要穴,八会穴の気会と同じ高さにある経穴はどれか。,1. 梁門,2. 大包,3. 食竇,4. 神封,4,"【解説】八会穴の気会は**膻中**。第4肋間の高さになる。したがって神封となる。梁門は胃経で臍の上4寸の高さ、大包は脾経で第6肋間の高さ、食竇は脾経で第5肋間の高さとなる。"																									
1069,経絡経穴概論,95,第26回,問題106,5 経穴の応用,A. 要穴,八会穴の脈会の部位はどれか。,1. 前正中線上、胸骨体下端の下方1寸,2. 前正中線上、第4肋間と同じ高さ,3. 前正中線上、臍中央の上方4寸,4. 前正中線上、臍中央の上方6寸,3,"【解説】要穴の問題。八会穴のうち脈会は、**中脘**である。選択肢の部位のうち中脘は、3：「前正中線上、臍中央の上方4寸」である。その他の選択肢は、1：「胸骨体下端の下方1寸」は**鳩尾**で、任脈の絡穴に当たる。2：「前正中線上、第4肋間と同じ高さ」は**膻中**で、八会穴の気会、心包の募穴に当たる。4：「臍中央の上方6寸」は**巨闕**で、心の募穴である。"																									
1070,経絡経穴概論,96,第27回,問題111,5 経穴の応用,A. 要穴,次の文で示す症状に対して八会穴を用いる場合に最も適切な経穴はどれか。「20歳の女性。月経時に服部にさし込む痛みがあり、血塊を伴う。」,1. 太杼,2. 腸兪,3. 陽陵泉,4. 懸鍾,2,"【解説】八会穴は、**腑、臓、筋、髄、血、骨、脈、気**の、それぞれ気の聚るところで、臓の病には臓会、筋の病には筋会を用いれば効果が期待できる。設問では、月経時などに血に関係するため、**血会**が適当である。選択肢のうち血会は、2：**膈兪**である。その他の選択肢では、1：太杼が**骨会**、3：陽陵泉が**筋会**、4：懸鍾が**髄会**である。"																									
1071,経絡経穴概論,97,第34回,問題112,5 経穴の応用,A. 要穴,陰経を総括する奇経の八脈交会穴はどれか。,1. 内関,2. 公孫,3. 列欠,4. 照海,3,"【解説】陰経を総括するのは**任脈**である。八脈交会穴の宗穴は**列欠**である。内関は陰維脈、公孫は衝脈、照海は**陰蹺脈**である（表5参照）。"																									
1072,経絡経穴概論,98,第29回,問題110,5 経穴の応用,A. 要穴,八脈交会穴が関係する奇経の組合せで正しいのはどれか。,1. 陰維脈 ―― 帯脈,2. 陽維脈 ―― 督脈,3. 陽蹺脈 ―― 衝脈,4. 陰蹺脈 ―― 任脈,4,"【解説】八脈交会穴は、**衝脈と陰維脈**、**帯脈と陽維脈**、**督脈と陽蹺脈**、**任脈と陰蹺脈**である（表5参照）。"																									
1073,経絡経穴概論,99,第34回,問題125,5 経穴の応用,A. 要穴,八総穴に属する経穴の部位はどれか。,1. 下腿前面、脛骨と解渓を結ぶ線上、膝蓋骨の下方9寸,2. 下腿外側、腓骨の前方、外踝尖の上方3寸,3. 足外側、外踝尖の直下、外踝下縁と踵骨の間の陥凹部,4. 膝後面、膝窩横紋の中点,3,"【解説】1の経穴は**下巨虚**、2の経穴は**懸鍾**、3の経穴は**申脈**（陽蹺脈）である。八総穴に属するのは**申脈**（陽蹺脈）である（表5参照）。"																									
1074,経絡経穴概論,100,第25回,問題112,5 経穴の応用,A. 要穴,八総穴で督脈の主治穴の部位はどれか。,1. 第5中手指節関節尺側の近位陥凹部、赤白肉際,2. 橈骨と尺骨の骨間の中点、手関節背側横紋の上方2寸,3. 足背、第1・第2中足骨底結合部前方、足背動脈脈動部,4. 足関節後内側、内踝尖とアキレス腱の間の陥凹部,1,"【解説】八総穴で督脈の主治穴は、**後渓**である。選択肢のうち後渓の部位を表しているのは、1：「第5中手指節関節尺側の近位陥凹部、赤白肉際」である（表1参照）。"																									
1075,経絡経穴概論,101,第32回,問題110,5 経穴の応用,A. 要穴,要穴で、所属するすべての経穴が足の三陽経のいずれかにあてはまるのはどれか。,1. 下合穴,2. 四総穴,3. 八総穴,4. 八会穴,1,"【解説】足の三陽経は、胃経、胆経、膀胱経である。1：下合穴は、胆（**陽陵泉**）・小腸（**下巨虚**）・胃（**足三里**）・大腸（**上巨虚**）・膀胱（**委中**）・三焦（**委陽**）ですべて足の三陽経にあてはまる。2：四総穴は、胃（**足三里**）・膀胱（**委中**）・肺（**列欠**）・大腸（**合谷**）。3：八総穴は、傷脈（**列欠**）・陰維脈（**内関**）・帯脈（**臨泣**）・公孫（**衝脈**）・督脈（**後渓**）・陽蹺脈（**申脈**）・陰蹺脈（**照海**）・任脈（**列欠**）。4：八会穴は、腑（**中脘**）、臓（**章門**）、筋（**陽陵泉**）、髄（**懸鍾**）、血（**膈兪**）、骨（**大杼**）、脈（**太淵**）、気（**膻中**）。"																									
1076,経絡経穴概論,102,第31回,問題111,5 経穴の応用,A. 要穴,手の三陽経、足の三陰経が交わる交会穴はどれか。,1. 百会,2. 大椎,3. 陽交,4. 三陰交,2,"【解説】1：百会は督脈と足の太陽膀胱経、手の少陽三焦経、足の少陽胆経、足の厥陰肝経が交わる。2：大椎は督脈と手の三陽経、足の三陽経が交わる。3：陽交は足の少陽胆経と陽維脈が交わる。4：三陰交は、手の陽明大腸経、手の太陽小腸経、手の少陽三焦経と手の三陽経が交わる。"																									
1077,経絡経穴概論,103,第27回,問題107,5 経穴の応用,A. 要穴,要穴で横に並ぶ組み合わせはどれか。,1. 小腸経の絡穴 ―― 大腸経の絡穴,2. 心の募穴 ―― 肝の募穴,3. 任脈の絡穴 ―― 胆の募穴,4. 心包の募穴 ―― 脾の大絡の絡穴,2,"【解説】要穴で横に並ぶ組み合わせで正しいのは、2：「**心の募穴** ―― **肝の募穴**」である。心の募穴は**巨闕**。巨闕は、臍の中央から上方6寸。期門は、第6肋間、前正中線から外方4寸。「支正 ―― 偏歴」、「鳩尾 ―― 日月」、「膻中 ―― 大包」で、同じ高さにはない。"																									
1078,経絡経穴概論,104,第30回,問題123,5 経穴の応用,A. 要穴,大腸の下合穴が所属する経脈の経火穴はどれか。,1. 陥谷,2. 陽渓,3. 解渓,4. 崑崙,3,"【解説】大腸の下合穴の経穴は**上巨虚**で所属経脈は**足の陽明胃経**で、経火穴は**解渓**である。1：陥谷は足の陽明胃経の**兪木穴**、2：陽渓は手の陽明大腸経の**経火穴**、3：解渓は足の陽明胃経の**経火穴**、4：崑崙は足の太陽膀胱経の**経火穴**となる。"																									
1079,経絡経穴概論,105,第33回,問題123,5 経穴の応用,B. 組合せ穴,中風七穴はどれか。,1. 肩井,2. 梁丘,3. 陽陵泉,4. 曲池,4,"【解説】中風七穴は、①**百会**、**曲池**、**肩井**、**風市**、**足三里**、**懸鍾**、②**百会**、**風池**、**大椎**、**肩井**、**間使**、**足三里**の2説がある。よって中風七穴は**曲池**である。"																									
1080,経絡経穴概論,106,第33回,問題124,5 経穴の応用,B. 組合せ穴,女児に行う小児神経症の灸で正しいのはどれか。,1. 左の膈兪と右の肝兪,2. 右の肝兪と左の脾兪,3. 左の胆兪と右の脾兪,4. 右の脾兪と左の胃兪,2,"【解説】小児神経症の灸は、男児は左**肝兪**、右**脾兪**、女児は右**肝兪**、左**脾兪**の2穴を取る。"																									
1081,経絡経穴概論,107,第32回,問題125,5 経穴の応用,B. 組合せ穴,脚気八処の穴に含まれないのはどれか。,1. 伏兎,2. 外膝眼,3. 下巨虚,4. 条口,4,"【解説】脚気八処の穴は、**風市**・**伏兎**・**犢鼻**・**外膝眼**・**足三里**・**上巨虚**・**下巨虚**・**懸鍾**の8穴である。含まれないのは**条口**。"																									
1082,経絡経穴概論,108,第31回,問題124,5 経穴の応用,B. 組合せ穴,組合せで用いる経穴で八会穴を含まないのはどれか。,1. 翻気八処の穴,2. 小児斜差の灸,3. 中風七穴,4. 六つ灸,2,"【解説】1：脚気八処の穴は、**風市**、**伏兎**、**犢鼻**、**外膝眼**、**足三里**、**上巨虚**、**下巨虚**、**懸鍾**の8穴。2：小児斜差の灸は、男児は左**肝兪**、右**脾兪**、女児は右**肝兪**、左**脾兪**の各2穴、3：中風七穴は、**百会**、**曲池**、**風市**、**足三里**、**懸鍾**、**大椎**、**肩井**、**間使**、**足三里**の各7穴、4：六つ灸は、**膈兪**、**肝兪**、**脾兪**の左右6穴。八会穴を含まないのは**小児斜差の灸**。"																									
1083,経絡経穴概論,109,第30回,問題122,5 経穴の応用,B. 組合せ穴,六つ灸で用いる経穴と同じ高さにあるのはどれか。,1. 至陽,2. 筋縮,3. 中枢,4. 脊中,2,"【解説】六つ灸で用いる経穴は**膈兪**（第7胸椎棘突起下縁の高さ）、**肝兪**（第9胸椎棘突起下縁の高さ）、**脾兪**（第11胸椎棘突起下縁の高さ）である。1：至陽は第7胸椎棘突起下縁の高さ、2：**筋縮**は第9胸椎棘突起下縁の高さ、3：中枢は第10胸椎棘突起下縁の高さ。"																									
1084,経絡経穴概論,110,第29回,問題126,5 経穴の応用,C. 奇穴・新穴,関元脳と同じ高さにある奇穴の主治はどれか。,1. 眩暈,2. 動悸,3. 痔疾,4. 月経痛,4,"【解説】関元脳は、足の太陽膀胱経で第5腰椎棘突起下縁と同じ高さ、後正中線の外方1寸5分である。この同じ高さにある奇穴は「十七椎（上仙）」で第5腰椎棘突起下方の陥凹部であり、この穴の主治は、月経痛、腰痛、妊娠による排尿困難、腸炎、下肢の麻痺である。"																									
1085,経絡経穴概論,111,第31回,問題125,5 経穴の応用,C. 奇穴・新穴,盲門穴の外方5分にある奇穴の主治はどれか。,1. 喘息,2. 動悸,3. 痞塊,4. 痔疾,3,"【解説】盲門穴は、第1腰椎棘突起下縁と同じ高さ、後正中線の外方3寸にある。その外方5分にある奇穴は、**痞根**である。その主治は（肝臓・脾臓・腸臓などの腫大）、胃炎、腸炎、腰痛である。"																									
1086,経絡経穴概論,112,第25回,問題109,5 経穴の応用,C. 奇穴・新穴,奇穴の子宮と同じ高さにある経穴はどれか。,1. 急脈,2. 大赫,3. 水道,4. 府舎,2,"【解説】奇穴の子宮と同じ高さにある経穴は、2：**大赫**である。子宮の部位は、**勝下4寸**、中極の外方3寸である。1：急脈は恥骨結合上縁と同じ高さで外方3寸。3：水道は臍中央の下方3寸、4：府舎は臍中央の下方4寸3分の高さにある。"																									
1087,経絡経穴概論,113,第25回,問題113,5 経穴の応用,C. 奇穴・新穴,奇穴と経穴が同じ高さにある組合せはどれか。,1. 定喘 ―― 肩外兪,2. 接着 ―― 胃倉,3. 啓根 ―― 腎兪,4. 腰眼 ―― 関元兪,2,"【解説】奇穴と経穴が同じ高さにある組合せは、2：「**接着** ―― **胃倉**」である。両経穴とも第12胸椎、第1腰椎棘突起間と同じ高さに当たる。1：定喘は第7頸椎・第1胸椎棘突起間、肩外兪は第1胸椎棘突起下縁、3：啓根は第1・第2腰椎棘突起間、腎兪は第2腰椎棘突起下縁、4：腰眼は第4・第5腰椎棘突起間、関元兪は第5腰椎棘突起下縁である。"																									
1088,経絡経穴概論,114,第26回,問題112,5 経穴の応用,C. 奇穴・新穴,奇穴とその主治の組合せで正しいのはどれか。,1. 八足 ―― 頭痛,2. 四縫 ―― 足の痛み,3. 十宣 ―― 歯の痛み,4. 八風 ―― 手の痛み,1,"【解説】奇穴の主治についての問題。奇穴とその主治の組合せで正しいのは、1：「**八邪** ―― **頭痛**」である。八邪は歯痛、頭痛、手指の関節炎など、2：四指は小児疳虫症、手指の関節炎など、3：十宣は手指の知覚異常、発熱、急性的症状（失神、昏迷、ヒステリー、痛風、卒中など）、4：八風は**足の痛み**（脚気、足背痛、足指の発赤、腫脹、関節リウマチなど）をそれぞれ主治とする奇穴である。"																									
1089,経絡経穴概論,115,第28回,問題113,5 経穴の応用,C. 奇穴・新穴,奇穴で顔面神経麻痺が主治でないのはどれか。,1. 太陽,2. 夾承漿,3. 牽正,4. 翳明,4,"【解説】1：太陽は眉毛外端と外眼角との中央から後方1寸に取り、2：夾承漿は承漿（任脈）の外方1寸。3：牽正は下耳根（胃経）の水平線と耳垂下縁を通る水平線との交点に取り、いずれも顔面神経麻痺の治療穴である。4：翳明は乳様突起の下縁。翳風（三焦経）の後方約1寸に取り、主治は近視、耳下腺炎、耳鳴、眩暈、不眠症である。"																									
1090,経絡経穴概論,116,第31回,問題126,5 経穴の応用,C. 奇穴・新穴,奇穴とその部位の組合せで正しいのはどれか。,1. 魚腰 ―― 眉間中央陥凹部,2. 接着 ―― 第11胸椎棘突起下方の陥凹部,3. 十宣 ―― 各手指節関節の間の背側,4. 胆嚢点 ―― 陽陵泉の下約1寸,4,"【解説】1：魚腰は、**眉毛の中央の陥凹中**で、眉間中央陥凹部は奇穴の印堂。2：接着は、第12胸椎棘突起下方の陥凹部で、第11胸椎棘突起下方の陥凹部は脊中の脊中穴。3：十宣は、**両手十指の各先端中央**にとる。各手指節関節の間の背側は奇穴の八邪。4：胆嚢点は、陽陵泉の下約1寸にとる。"																									
1091,経絡経穴概論,117,第26回,問題113,5 経穴の応用,C. 奇穴・新穴,奇穴とその部位の組合せで正しいのはどれか。,1. 鶴頂 ―― 膝蓋骨底上縁中央の上約1寸,2. 胆嚢点 ―― 陽陵泉の下約1寸,3. 闌尾 ―― 足三里の下約1寸,4. 失眠 ―― 足底部の中央,2,"【解説】奇穴とその部位の組合せ問題。奇穴とその部位の正しい組合せは、2：「**胆嚢点** ―― **陽陵泉の下約1寸**」である。その他の選択肢における正しい組み合わせは、1：鶴頂は膝蓋骨底上縁の中央、3：闌尾（闌尾）は足三里の下約**2寸**、4：失眠は、足底部、**踵の中央**に取る。"																									
1092,経絡経穴概論,118,第30回,問題124,5 経穴の応用,C. 奇穴・新穴,腓骨頭下端と脛骨粗面下端の中間に取る経穴が所属するのはどれか。,1. 八総穴,2. 八会穴,3. 中風七穴,4. 五要穴,3,"【解説】腓骨頭直下と脛骨粗面下端の中間に取る経穴は**足三里**となる。八総穴、八会穴、中風七穴、五要穴のうち**足三里**が所属するのは**中風七穴**。"																									
1093,経絡経穴概論,119,第32回,問題126,6 経絡・経穴の現代医学的研究,A. 経絡の研究,神経経絡伝現現象と関係しないのはどれか。,1. 丘疹,2. 索状硬結,3. 腫脹,4. 色素沈着,2,"【解説】「経絡現象」として、経脈の流注にそって出現する痛みもしびれ、麻痺、熱感といった感覚に加え、発赤、丘疹、あざ、色素沈着などの様々な反応が出現することがある。これらの現象は長浜善夫と丸山昌朗によって見いだされ、その後中国語に翻訳されて「神経経絡伝現現象」として詳細が調べられている。"																									
1094,経絡経穴概論,120,第32回,問題122,6 経絡・経穴の現代医学的研究,B. 経穴の研究,腋窩壁を構成する筋上にあるのはどれか。,1. 魂門,2. 風門,3. 幽門,4. 雲門,1,"【解説】腋窩壁は、前壁の大胸筋、小胸筋、後壁の大円筋、広背筋、肩甲下筋、外壁の上腕二頭筋、鳥口腕筋、内壁を前鋸筋で構成される。1：魂門は、第9胸椎棘突起下縁と同じ高さ、後正中線の外方3寸にあり、広背筋にある。2：風門は第2胸椎棘突起下縁と同じ高さ、後正中線の外方1寸5分にあり、僧帽筋にある。3：幽門は勝中央の上方6寸、前正中線の外方5分にあり腹直筋にある。4：雲門は鎖骨下角の陥凹部、烏口突起の内方、前正中線の外方6寸にあり筋は該当しない。"																									
1095,経絡経穴概論,121,第31回,問題117,6 経絡・経穴の現代医学的研究,B. 経穴の研究,取穴部位が後頸三角の領域にあるのはどれか。,1. 人迎,2. 天窓,3. 天容,4. 扶突,2,"【解説】後頸三角は、胸鎖乳突筋後縁、僧帽筋前縁、鎖骨上縁で囲まれた三角部分をいう。1：人迎は甲状軟骨上縁と同じ高さで胸鎖乳突筋の前縁、総頸動脈上にある。2：天窓は、胸鎖乳突筋の後縁、甲状軟骨上縁と同じ高さにあり、後頸三角の領域にある。3：天容は下顎角の後方、胸鎖乳突筋の前方陥凹部にある。4：扶突は、甲状軟骨上縁と同じ高さで胸鎖乳突筋の前縁と後縁の間にある。"																									
1096,経絡経穴概論,122,第31回,問題119,6 経絡・経穴の現代医学的研究,B. 経穴の研究,鎖骨下縁に取るのはどれか。,1. 欠盆,2. 中府,3. 天突,4. 兪府,4,"【解説】1：欠盆は、大鎖骨上窩、前正中線の外方4寸、鎖骨上方の陥凹部にある。2：中府は、鎖骨下窩の外側、前正中線の外方6寸にある。3：天突は、前正中線上、頸頚（胸骨上窩）の中央にある。4：兪府は、鎖骨下縁、前正中線の外方2寸にある。"																									
1097,経絡経穴概論,123,第33回,問題116,6 経絡・経穴の現代医学的研究,B. 経穴の研究,回旋筋腱板で肩を外転させる筋上にある経穴はどれか。,1. 肩貞,2. 臑兪,3. 曲垣,4. 天宗,3,"【解説】回旋筋腱板（棘腱板）は、棘上筋、棘下筋、肩甲下筋、小円筋からなる。棘上筋は肩関節の外転、棘下筋は外旋、肩甲下筋は内旋、小円筋は外旋が主な作用で、肩外転は棘上筋となり、棘上筋上にある経穴は曲垣である。肩貞は小円筋、臑兪、天宗は棘下筋となる。"																									
1098,経絡経穴概論,124,第29回,問題119,6 経絡・経穴の現代医学的研究,B. 経穴の研究,肩関節の外旋作用に作用する筋上の経穴はどれか。,1. 臂臑,2. 天宗,3. 臑会,4. 肩髎,2,"【解説】肩関節の外旋に作用する筋肉は棘下筋、小円筋である。1：臂臑は三角筋、2：天宗は棘下筋、3：臑会は三角筋、4：肩髎は三角筋。"																									
1099,経絡経穴概論,125,第33回,問題117,6 経絡・経穴の現代医学的研究,B. 経穴の研究,広背筋上にある経穴はどれか。,1. 神堂,2. 臑兪,3. 章門,4. 志室,4,"【解説】1：神堂は、第5胸椎棘突起下縁と同じ高さ、後正中線の外方3寸にあり、僧帽筋上。2：臑兪は、第4肋間、中胸骨線上にある。3：章門は、第11肋骨端下縁にあり、内・外腹斜筋上にある。4：志室は、第2腰椎棘突起下縁と同じ高さ、後正中線の外方3寸にあり、広背筋上である。"																									
1100,経絡経穴概論,126,第29回,問題112,6 経絡・経穴の現代医学的研究,B. 経穴の研究,甲状軟骨上縁の高さにないのはどれか。,1. 扶突,2. 人迎,3. 天窓,4. 天牖,4,"【解説】甲状軟骨の高さにある経穴は正中より、人迎、扶突、天窓である。4の天牖は下顎角と同じ高さとなる。"																									
1101,経絡経穴概論,127,第29回,問題116,6 経絡・経穴の現代医学的研究,B. 経穴の研究,鵝足構造を構成する筋上にないのはどれか。,1. 陰陵泉,2. 血海,3. 陰包,4. 陰谷,2,"【解説】鵝足を構成する筋肉は、1）薄筋、2）半腱様筋、3）縫工筋。1：陰陵泉は半腱様筋、2：血海は内側広筋、3：陰包は縫工筋、4：陰谷は半腱様筋。"																									
1102,経絡経穴概論,128,第29回,問題125,6 経絡・経穴の現代医学的研究,B. 経穴の研究,少陽経の𡃁穴が位置する筋はどれか。,1. 前脛骨筋,2. 長腓骨筋,3. ヒラメ筋,4. 長指伸筋,2,"【解説】少陽経は、手の少陽三焦経、足の少陽胆経である。選択肢が下肢の筋となっていることから、足の少陽胆経の𡃁穴の「外丘」で、長腓骨筋に該当する。"																									
1103,経絡経穴概論,129,第27回,問題108,6 経絡・経穴の現代医学的研究,B. 経穴の研究,筋と筋の間に取穴しないのはどれか。,1. 股門,2. 箕門,3. 風市,4. 陰包,3,"【解説】1：股門は、大腿二頭筋と半腱様筋の間。2：箕門は、縫工筋と大腿二頭筋の間。3：風市は、腸脛骨帯と大腿二頭筋の間。ゆえに筋と筋の間にないのは、3：風市である。"																									
1104,経絡経穴概論,130,第31回,問題120,6 経絡・経穴の現代医学的研究,B. 経穴の研究,橈骨手根屈筋腱の橈側に位置する経穴はどれか。,1. 列欠,2. 霊道,3. 内関,4. 支正,1,"【解説】1：列欠は、前腕橈側、長母指外転筋腱と短母指伸筋腱の間で橈骨手根屈筋腱の橈側にある。2：霊道は、前腕前内側、尺側手根屈筋腱の橈側（外側）にある。3：内関は、前腕前面、長掌筋腱と橈側手根屈筋腱の間で、橈骨手根屈筋腱の尺側に位置する。4：支正は、前腕後内側、尺骨の内尺縁と尺側手根屈筋との間に位置する。"																									
1105,経絡経穴概論,131,第29回,問題120,6 経絡・経穴の現代医学的研究,B. 経穴の研究,前腕後面の経穴で小指伸筋腱と尺側手根伸筋の間に取るのはどれか。,1. 三焦経の経火穴,2. 三焦経の𡃁穴,3. 小腸経の経火穴,4. 小腸経の絡穴,2,"【解説】1：三焦経の経火穴は「支溝」で総指伸筋と小指伸筋の間。2：三焦経の𡃁穴は「会宗」で小指伸筋腱と尺側手根伸筋の間。3：小腸経の経火穴は「陽谷」で尺側手根伸筋の内側。4：小腸経の絡穴は「支正」で尺骨内縁と尺側手根屈筋の間である。"																									
1106,経絡経穴概論,132,第30回,問題115,6 経絡・経穴の現代医学的研究,B. 経穴の研究,長母指外転筋腱と短母指伸筋腱の間にある経穴について正しいのはどれか。,1. 主に急性症状の治療で用いる。,2. 腎脈との交会穴である。,3. 脈気が溜まるところにあたる。,4. 頭項の病に用いる。,4,"【解説】長母指外転筋腱と短母指伸筋腱の間にある経穴は列欠（絡穴）である。1：急性症状の治療で用いるのは𡃁穴。2：督脈との交会穴は八脈交会穴では後渓。また、交会穴（手の太陰肺経）は交差していない。3：脈気が溜まるところにあたるのは象穴。4：頭項の病に用いるのは四総穴で列欠となる。"																									
1107,経絡経穴概論,133,第28回,問題106,6 経絡・経穴の現代医学的研究,B. 経穴の研究,長母指外転筋腱と短母指伸筋腱の間に取るのはどれか。,1. 温瑠,2. 外関,3. 郄門,4. 列欠,4,"【解説】長母指外転筋腱と短母指伸筋腱の間にあるのは4：列欠である。1：温瑠は長短橈側手根伸筋との間。2：外関は総指伸筋腱と小指伸筋腱との間。3：郄門は腕骨手根屈筋腱と長掌筋腱との間に取る。"																									
1108,経絡経穴概論,134,第25回,問題108,6 経絡・経穴の現代医学的研究,B. 経穴の研究,経穴と腱の位置関係で正しいのはどれか。,1. 通里は尺側手根屈筋腱の尺側にある。,2. 陽渓は長母指外転筋腱と短母指伸筋腱の間にある。,3. 中封は後脛骨筋腱の前縁にある。,4. 陰谷は半腱様筋腱の外縁にある。,4,"【解説】経穴と腱の位置関係で正しいのは、4：陰谷は半腱様筋腱の外縁にある。他の選択肢については、1：通里ならば尺側手根屈筋腱の橈側。2：陽渓ならば長母指伸筋、短母指伸筋の間。3：中封ならば前脛骨筋腱内側が正しい。"																									
1109,経絡経穴概論,135,第27回,問題109,6 経絡・経穴の現代医学的研究,B. 経穴の研究,部位と経穴の組み合わせで正しいのはどれか。,1. 総指伸筋腱の内側 ―― 陽池,2. 尺側手根屈筋腱の内側 ―― 通里,3. 大腿二頭筋腱の外側 ―― 委陽,4. 長指伸筋腱の外側 ―― 解渓,1,"【解説】部位と経穴の正しい組み合わせは1：「総指伸筋腱の内側 ―― 陽池」である。陽池は、解剖学的基本姿勢では、前腕は内側（尺側）、外側（橈側）であるので正しい。その他の選択肢では、2：通里は尺側手根屈筋腱の外側（橈側）。3：委陽は、大腿二頭筋腱の内側。4：解渓は、長指伸筋腱と長母指伸筋腱の間。両筋の位置関係は、長指伸筋腱が外側、その内側が長母指伸筋腱になる。"																									
1110,経絡経穴概論,136,第34回,問題116,6 経絡・経穴の現代医学的研究,B. 経穴の研究,伏在神経の分布領域にあるのはどれか。,1. 陽陵泉,2. 陰陵泉,3. 陰市,4. 陰包,2,"【解説】1：陽陵泉（胆経）は外側腓皮神経。2：陰陵泉（脾経）は伏在神経。3：陰市（胃経）は外側大腿皮神経。4：陰包（肝経）は閉鎖神経の分布領域である。"																									
1111,経絡経穴概論,137,第33回,問題112,6 経絡・経穴の現代医学的研究,B. 経穴の研究,正中神経が支配する皮膚領域にあるのはどれか。,1. 少商,2. 少衝,3. 関衝,4. 商陽,4,"【解説】1：少商（肺経）は、母指末節骨橈側にある。2：少衝（心経）は小指末節骨頭側にある。3：関衝（三焦経）は薬指末節骨尺側にある。4：商陽（大腸経）は示指末節骨橈側にあり、正中神経となる。"																									
1112,経絡経穴概論,138,第33回,問題113,6 経絡・経穴の現代医学的研究,B. 経穴の研究,尺骨神経の支配する筋上にあるのはどれか。,1. 合谷,2. 偏歴,3. 手三里,4. 手五里,1,"【解説】1：合谷は、第1背側骨間筋で尺骨神経領域。2：偏歴は、長母指外転筋で橈骨神経領域。3：手三里は、長・短橈側手根伸筋で橈骨神経領域。4：手五里は、上腕三頭筋で橈骨神経領域である。"																									
1113,経絡経穴概論,139,第29回,問題121,6 経絡・経穴の現代医学的研究,B. 経穴の研究,顔面神経支配の筋にある経穴の部位はどれか。,1. 頬骨弓中央の上際陥凹部,2. 外眼角の直下、頬骨下方の陥凹部,3. 珠開切痕と下顎骨関節突起の間の陥凹部,4. 耳珠上の切痕と下顎骨関節突起の間の陥凹部,2,"【解説】1：「上関」で側頭筋で下顎神経が支配する。2：「顴髎」で大・小頬骨筋で顔面神経が支配する。3：「聴会」、4：「耳門」で三叉神経支配となる。"																									
1114,経絡経穴概論,140,第29回,問題124,6 経絡・経穴の現代医学的研究,B. 経穴の研究,五穴の滎穴が深腓骨神経の分布領域にあるのはどれか。,1. 肝経,2. 脾経,3. 腎経,4. 胆経,1,"【解説】五穴の滎穴と神経は1：肝経は「行間」で深腓骨神経。2：脾経は「大都」で浅腓骨神経。3：腎経は「然谷」で脛骨神経。4：胆経は「侠渓」浅腓骨神経である。"																									
1115,経絡経穴概論,141,第27回,問題112,6 経絡・経穴の現代医学的研究,B. 経穴の研究,経穴とその部位にある筋の支配神経の組合せで正しいのはどれか。,1. 偏歴 ―― 尺骨神経,2. 会宗 ―― 正中神経,3. 合谷 ―― 脛骨神経,4. 足三里 ―― 浅腓骨神経,3,"【解説】経穴とその部位にある筋の支配神経の組み合わせで正しいのは、3：「会宗 ―― 脛骨神経」である。会宗は、腹腹筋の二下2寸、腓腹筋外側頭と内頭の間に取る。合谷は、長短橈側手根伸筋の支配を受ける。その他、1：偏歴は長母指外転筋で、橈骨神経支配。2：会宗は小指伸筋と尺側手根伸筋が該当し、それぞれ橈骨神経支配を受ける。4：足三里は前脛骨筋が該当し、深腓骨神経の支配を受ける。"																									
1116,経絡経穴概論,142,第28回,問題108,6 経絡・経穴の現代医学的研究,B. 経穴の研究,経穴とその部位にある筋の支配神経の組合せで正しいのはどれか。,1. 孔最 ―― 尺骨神経,2. 支正 ―― 正中神経,3. 三陰交 ―― 脛骨神経,4. 陽陵泉 ―― 深腓骨神経,3,"【解説】経穴とその部位にある筋の支配神経の組合せで正しいのは3：「三陰交 ―― 脛骨神経」である。三陰交は後脛骨筋・長指屈筋で脛骨神経の支配を受ける。1：乳根は胸大筋で橈骨神経支配。2：支正は尺側手根屈筋で尺骨神経支配となる。4：陽陵泉は長腓骨筋で浅腓骨神経の支配となる。"																									
1117,経絡経穴概論,143,第26回,問題105,6 経絡・経穴の現代医学的研究,B. 経穴の研究,経穴とその部位を支配している神経の組合せで正しいのはどれか。,1. 天牖 ―― 大頸神経,2. 天窓 ―― 大耳介神経,3. 天突 ―― 頸横神経,4. 欠盆 ―― 鎖骨下神経,3,"【解説】経穴と神経の組合せ問題。経穴とその部位を支配している神経の組合せで正しいのは、1：「天牖 ―― 大頸神経」である。その他の選択肢における正しい組み合わせは、1：「天牖 ―― 小頸神経」、2：「天窓 ―― 頸横神経」、4：「欠盆 ―― 鎖骨上神経」である。"																									
1118,経絡経穴概論,144,第30回,問題110,6 経絡・経穴の現代医学的研究,B. 経穴の研究,デルマトームのTh7からTh10領域に位置する要穴の臓腑はどれか。,1. 胃,2. 小腸,3. 心包,4. 三焦,1,"【解説】1：胃の募穴は中脘、2：小腸の募穴は関元、3：心包の募穴は膻中、4：三焦の募穴は石門である。それぞれの経穴の位置は、1は上腹部、2と4は下腹部、3は胸部になる。デルマトームのTh7からTh10領域に相当するのは中脘である。"																									
1119,経絡経穴概論,145,第25回,問題107,6 経絡・経穴の現代医学的研究,B. 経穴の研究,デルマトームでC6領域上に位置する経穴はどれか。,1. 後渓,2. 中渚,3. 液門,4. 魚際,4,"【解説】デルマトームでC6領域は、母指、示指から前腕外側の領域である。選択肢のうち、デルマトームでC6領域上に位置する経穴は4：魚際である。"																									
1120,経絡経穴概論,146,第27回,問題113,6 経絡・経穴の現代医学的研究,B. 経穴の研究,経穴とデルマトームの組合せで正しいのはどれか。,1. 魚際 ―― C8,2. 温瑠 ―― Th1,3. 丘墟 ―― L4,4. 至陰 ―― S1,4,"【解説】経穴とデルマトームの組合せで正しいのは、4：「至陰 ―― S1」である。C6領域は、母指、示指から前腕外側の領域である。選択肢のうち1：魚際、2：温瑠がC6領域に当たる。また、S1領域は、第5指から外果後周、下腿後面外側、腿後面外側の領域となる。そのため、3：丘墟もS1領域に当たる。"																									
1121,経絡経穴概論,147,第30回,問題116,6 経絡・経穴の現代医学的研究,B. 経穴の研究,正中神経の分布領域にある経穴はどれか。,1. 商陽,2. 関衝,3. 少衝,4. 少沢,1,"【解説】1：商陽は、示指、末節骨橈側で正中神経、2：関衝は薬指、末節骨尺側で尺骨神経、3：少衝は、小指、末節骨橈側で尺骨神経、4：少沢は、小指、末節骨尺側で尺骨神経となる。"																									
1122,経絡経穴概論,148,第25回,問題106,6 経絡・経穴の現代医学的研究,B. 経穴の研究,三叉神経第1枝の領域にある経穴はどれか。,1. 四白,2. 迎香,3. 素髎,4. 下関,3,"【解説】三叉神経第1枝の領域にある経穴は、3：素髎である。1：四白、2：迎香は三叉神経第2枝領域、4：下関は三叉神経第3枝領域にある。"																									
1123,経絡経穴概論,149,第28回,問題105,6 経絡・経穴の現代医学的研究,B. 経穴の研究,三叉神経第2枝の領域にある経穴はどれか。,1. 素髎,2. 兌端,3. 承漿,4. 下関,2,"【解説】三叉神経第2枝の領域にある経穴は、2：兌端である。1：素髎は第1枝の領域、3：承漿、4：下関は第3枝領域にある。"																									
1124,経絡経穴概論,150,第28回,問題114,6 経絡・経穴の現代医学的研究,B. 経穴の研究,トリガーポイントの特徴でないのはどれか。,1. 発汗量の低下,2. 関連痛の出現,3. 痛覚閾値の低下,4. 索状硬結の触知,1,"【解説】トリガーポイントの特徴は、圧痛（痛覚閾値の低下）、硬結、単収縮反応、関連痛現象の出現である。特徴でないのは1：発汗量の低下である。"																									
1125,経絡経穴概論,151,第26回,問題114,6 経絡・経穴の現代医学的研究,B. 経穴の研究,圧痛部を押すと特定のパターンに関連痛を示し、索状硬結を認めた。最も適切な反応点はどれか。,1. トリガーポイント,2. 撮診点,3. 圧診点,4. 丘診点,1,"【解説】経穴現象の問題。設問文に当てはまるのは、1：トリガーポイントである。トリガーポイントの特徴は圧痛、索状硬結、自律神経反応、関連痛現象の出現などである。2：撮診点は、皮膚の知覚過敏を指標とする。3：圧診点は、内臓体壁反射として現れるもので、身体を診察する際、指などで圧迫したときに強く痛みが出る点をいう。疾患によって特定の部位に出現する。4：丘診点は、圧痛に引き続き体表面に出現する。"																									
1126,経絡経穴概論,152,第25回,問題114,6 経絡・経穴の現代医学的研究,B. 経穴の研究,小円筋のトリガーポイント好発部位に当たるとするのはどれか。,1. 天宗,2. 肩貞,3. 秉風,4. 肩外兪,2,"【解説】小円筋のトリガーポイント好発部位に当たるのは、2：肩貞である。小円筋は、肩甲骨後面外側縁から上腕骨大結節までを走行する筋である。小円筋の関連痛は、肩外側に出現する痛み、上腕の後面外側の痛みなどがある。肩貞は肩関節後下方、腕骨棘後下端の上方1寸で、小円筋のトリガーポイント好発部位に当たる。"																									
1127,経絡経穴概論,153,第30回,問題125,6 経絡・経穴の現代医学的研究,C. 反応点、反応帯,生体において皮膚温度の変化を示すのはどれか。,1. 丘診点,2. ヘッド帯,3. ボアス点,4. エアポケット現象,1,"【解説】1：丘診点は圧痛に引き続き体表面に丘疹が出現する。2：ヘッド帯は内臓のそれぞれ臓器に関連した背部・腹部の皮膚領域に感覚過敏が起こる。3：ボアス点は、胃潰瘍の時に第10〜12胸椎の左側約3cmに位置するところに圧痛点が出現する。4：エアポケット現象は内臓の異常に伴い皮膚温度低下などの変化が起こるものである。"																									
1128,経絡経穴概論,154,第27回,問題114,6 経絡・経穴の現代医学的研究,C. 反応点、反応帯,皮下組織をつまみ上げて軽く圧迫すると、その部位にピリピリした異常な知覚が発生する反応点はどれか。,1. 撮診点,2. 丘診点,3. 良導点,4. トリガーポイント,1,"【解説】皮膚の知覚過敏を指標にしているのは、1：撮診点である。その他の選択肢の特徴は、2：丘診点は、圧痛に引き続き体表面に出現する。3：良導点は、皮膚の電気抵抗の低下による現象が、交感神経を介した反応により出現する。4：トリガーポイントは、圧痛、硬結、関連痛現象出現などがある。"																									
1129,経絡経穴概論,155,第34回,問題126,6 経絡・経穴の現代医学的研究,D. 経穴への刺鍼・施灸と有害事象,鍼で鍼の深刺により延髄損傷の危険性が最も高いのはどれか。,1. 脳戸,2. 翳風,3. 瘂門,4. 夾脊,3,"【解説】延髄は脳幹の最下部にあり、続いて頸髄骨から脊柱管に入ったところから脊髄となる。1：脳戸は、外後頭隆起上方の陥凹部、2：翳風は、耳垂下方、乳様突起下端前方の陥凹部、3：瘂門は、第1頸椎棘突起から第2頸椎棘突起までの陥凹部、4：夾脊は、第1胸椎棘突起から第5腰椎棘突起までの棘突起下縁と同じ高さで後正中線の両外方5分にある。よって延髄損傷の危険性が最も高いのは瘂門である。"																									
1130,経絡経穴概論,156,第33回,問題125,6 経絡・経穴の現代医学的研究,D. 経穴への刺鍼・施灸と有害事象,直刺で刺入した場合、肺までの距離が最も短いのはどれか。,1. 肩井,2. 謹譜,3. 肺兪,4. 大杼,2,"【解説】1：肩井は、第7頸椎棘突起と肩峰外端を結ぶ線の中点の上で僧帽筋上にある。2：謹譜は、第6胸椎棘突起下縁、外方3寸で菱形筋上にある。3：肺兪は第3胸椎棘突起下縁、外方1寸5分で僧帽筋、脊柱起立筋上にある。4：大杼は第1胸椎棘突起下縁、外方1寸5分で僧帽筋、脊柱起立筋上にある。肺までの距離が最も短いのは謹譜となる。"																									
1131,経絡経穴概論,157,第33回,問題126,6 経絡・経穴の現代医学的研究,D. 経穴への刺鍼・施灸と有害事象,臓器損傷を避けるため、刺鍼の際に最も注意すべき経穴はどれか。,1. 天泉,2. 天井,3. 天宗,4. 天突,4,"【解説】1：天泉は、上腕二頭筋長頭と短頭の間、脇窩横紋前端の下方2寸。2：天井は、肘頭の上方1寸、陥凹部。3：天宗は、肩甲棘中央点と肩甲骨下角を結んだ線根上、肩甲棘から3分の1の肩甲骨部にある。4：天突は前頸部、頸頚の中央。気管があるので損傷を避けるため、刺鍼の際に注意すべきである。"																									
1132,経絡経穴概論,158,第32回,問題119,6 経絡・経穴の現代医学的研究,D. 経穴への刺鍼・施灸と有害事象,経脈の流注方向に沿った斜刺で深刺をした場合、肺を損傷するリスクが最も高い取穴はどれか。,1. 中府,2. 章門,3. 京門,4. 日月,4,"【解説】1：中府は肺経の募穴で、肋間と同じ高さ、鎖骨下端の外側、前正中線の外方6寸にあり、流注の方向に沿った斜刺では雲門（鎖骨下端）に向かうため肋骨から外れている。2：章門（肝経）は勝端（第6肋間）に向かうも第11肋骨下縁にあり、流注は勝端に向かい、3：京門は腎経の募穴で、第12肋骨端下縁にあり、流注の方向に沿った斜刺では、帯脈（第11肋骨の下方）に向かうため肺から外れている。4：日月（胆経）は胆経の募穴で、第7肋間、前正中線の外方4寸の脈に向かうため肺から外れる。4：日月（胆経）は胆経の募穴で、第7肋間、前正中線の外方4寸（第12肋骨端下縁）で背部に向かうため肺を損傷するリスクが最も高い。"																									
1133,経絡経穴概論,159,第31回,問題121,6 経絡・経穴の現代医学的研究,D. 経穴への刺鍼・施灸と有害事象,深刺すると、前鋸筋と肋間筋を貫き肺を損傷するのはどれか。,1. 輒筋,2. 膺窓,3. 期門,4. 胸郷,1,"【解説】1：輒筋は、側胸部、第4肋間、中胸骨線の前方1寸で、前鋸筋と肋間筋がある。2：膺窓は、前胸部、第3肋間、前正中線の外方4寸で、大胸筋、小胸筋がある。3：期門は、前胸部、第6肋間、前正中線の外方4寸で、大胸筋がある。4：胸郷は、前胸部、第3肋間、前正中線の外方6寸で、大胸筋、小胸筋がある。"																									
1134,経絡経穴概論,160,第30回,問題113,6 経絡・経穴の現代医学的研究,D. 経穴への刺鍼・施灸と有害事象,深刺の際に最も注意すべき穴位はどれか。,1. 八風,2. 秉風,3. 風市,4. 風池,4,"【解説】1：八風は、足背、各中足指節関節の間に取る。2：秉風は、肩甲棘中央点の上方に取る。3：風市は、大腿外側の胸脛骨帯と大腿二頭筋の間に取る。4：風池は、後頭骨の下方で胸鎖乳突筋と僧帽筋の起始部の間に取る。風池の胸鎖乳突筋と僧帽筋の起始部の間の深部には椎骨動脈が通るため注意すべき穴位となる。"																									
1135,経絡経穴概論,161,第28回,問題110,6 経絡・経穴の現代医学的研究,D. 経穴への刺鍼・施灸と有害事象,深刺すると椎骨動脈を損傷するリスクが最も高い経穴はどれか。,1. 風府,2. 風池,3. 秉風,4. 翳風,2,"【解説】深刺すると椎骨動脈を損傷するリスクが最も高いのは2：風池である。後頭骨の下方、胸鎖乳突筋と僧帽筋との間にある2：風池である。後頭骨下方、胸鎖乳突筋と僧帽筋との間にあり、深部に椎骨動脈が通る。1：風府は外後頭隆起の直下に取り、3：秉風は棘上窩、肩甲棘中央点の上方に取る。4：翳風は耳垂下方、乳様突起下端前方の陥凹部に取る。"																									
1136,経絡経穴概論,162,第29回,問題117,6 経絡・経穴の現代医学的研究,D. 経穴への刺鍼・施灸と有害事象,標準体型の男性において直刺で刺鍼した場合、肺を損傷するリスクが最も高いのはどれか。,1. 肺の募穴,2. 任脈の絡穴,3. 胃の背部兪穴,4. 脾の大絡の絡穴,4,"【解説】1：肺の募穴は中府、2：任脈の絡穴は鳩尾、3：胃の背部兪穴は胃兪、4：脾の大絡の絡穴は大包で、胸の上部にくるのは大包の第6肋間の部位。"																									
1137,経絡経穴概論,163,第26回,問題111,6 経絡・経穴の現代医学的研究,D. 経穴への刺鍼・施灸と有害事象,鍼の深刺により気胸発生の危険性が最も高いのはどれか。,1. 臓会,2. 血会,3. 肺の募穴,4. 心の募穴,2,"【解説】鍼の深刺により気胸発生の危険性が最も高いのは、2：血会である。血会は、膈兪で第7胸椎棘突起下縁と同じ高さで、後正中線の外方1寸5分。1：臓会は章門で、第11肋骨端下縁。4：心の募穴は巨闕で、前正中線上、臍中央の上方6寸。3：肺の募穴は中府で、第1肋間と同じ高さ、前正中線の外方6寸。"																									
1138,経絡経穴概論,164,第30回,問題126,6 経絡・経穴の現代医学的研究,D. 経穴への刺鍼・施灸と有害事象,透熱灸を避けるべき経穴はどれか。,1. 百会,2. 巨髎,3. 天柱,4. 角孫,2,"【解説】経穴の位置する部位は、1：百会は頭頂部、2：巨髎は顔面部、3：天柱は後頭部、4：角孫は側頭部に位置する。顔面部の透熱灸は避けるべきである。"																									
